{
"type": "FeatureCollection",
"name": "alcaldias_simplified",
"crs": { "type": "name", "properties": { "name": "urn:ogc:def:crs:OGC:1.3:CRS84" } },
"features": [
{ "type": "Feature", "properties": { "CVEGEO": "09002", "CVE_ENT": "09", "CVE_MUN": "002", "NOMGEO": "Azcapotzalco" }, "geometry": { "type": "Polygon", "coordinates": [ [ [ -99.182307, 19.5074792 ], [ -99.1824468, 19.507561 ], [ -99.182449, 19.5075622 ], [ -99.18245, 19.5075628 ], [ -99.182450100000011, 19.5075628 ], [ -99.1824511, 19.5075634 ], [ -99.1827005, 19.5077091 ], [ -99.1830759, 19.5078324 ], [ -99.1834794, 19.507965 ], [ -99.1842508, 19.5082183 ], [ -99.1846169, 19.5083385 ], [ -99.1851289, 19.5085067 ], [ -99.185221399999989, 19.5085371 ], [ -99.185385, 19.5086131 ], [ -99.18600570000001, 19.5089013 ], [ -99.186106099999989, 19.5089478 ], [ -99.1861666, 19.508976 ], [ -99.1865617, 19.5091594 ], [ -99.186986499999989, 19.5093566 ], [ -99.1869866, 19.5093567 ], [ -99.1869868, 19.5093567 ], [ -99.1870003, 19.5093622 ], [ -99.1873694, 19.5095135 ], [ -99.1873825, 19.5095189 ], [ -99.1874642, 19.5095523 ], [ -99.1874689, 19.5095543 ], [ -99.1874967, 19.5095657 ], [ -99.1884311, 19.5099485 ], [ -99.1889292, 19.510051 ], [ -99.1889532, 19.5100559 ], [ -99.1896896, 19.5102074 ], [ -99.1896897, 19.5102075 ], [ -99.1903928, 19.5103521 ], [ -99.1906745, 19.51041 ], [ -99.1914984, 19.5105795 ], [ -99.1918979, 19.5112731 ], [ -99.1919039, 19.5112749 ], [ -99.1939183, 19.5118842 ], [ -99.1940063, 19.5119108 ], [ -99.1940337, 19.5119191 ], [ -99.1966227, 19.5127021 ], [ -99.1966311, 19.5127046 ], [ -99.1967205, 19.5127316 ], [ -99.196942299999989, 19.5127987 ], [ -99.1986449, 19.5133136 ], [ -99.1987997, 19.5133604 ], [ -99.1990361, 19.5134319 ], [ -99.1990584, 19.5134386 ], [ -99.1990684, 19.5134417 ], [ -99.1991748, 19.5134738 ], [ -99.1993878, 19.5135382 ], [ -99.1997388, 19.5136444 ], [ -99.1999689, 19.5137139 ], [ -99.2001033, 19.5137546 ], [ -99.200158699999989, 19.5137713 ], [ -99.2001731, 19.5137757 ], [ -99.2002962, 19.5138129 ], [ -99.200800199999989, 19.5139653 ], [ -99.200974699999989, 19.5140181 ], [ -99.2017045, 19.5142388 ], [ -99.2018881, 19.5142943 ], [ -99.2018886, 19.5142945 ], [ -99.2018892, 19.5142946 ], [ -99.2018966, 19.5142969 ], [ -99.202579899999989, 19.5145035 ], [ -99.2025818, 19.5145041 ], [ -99.2025826, 19.5145043 ], [ -99.2025833, 19.5145045 ], [ -99.202583499999989, 19.5145046 ], [ -99.2025837, 19.5145046 ], [ -99.2025912, 19.5145069 ], [ -99.202601199999989, 19.5145099 ], [ -99.2027346, 19.5145503 ], [ -99.202930099999989, 19.5146094 ], [ -99.202935599999989, 19.5146111 ], [ -99.202940399999989, 19.5146125 ], [ -99.2029408, 19.5146126 ], [ -99.2029409, 19.5146126 ], [ -99.2029413, 19.5146128 ], [ -99.2032326, 19.5147008 ], [ -99.2035315, 19.5147912 ], [ -99.2039066, 19.5149046 ], [ -99.2043351, 19.5150342 ], [ -99.2046716, 19.515136 ], [ -99.2051402, 19.5148575 ], [ -99.2052372, 19.5147999 ], [ -99.2055228, 19.5146035 ], [ -99.2058096, 19.5144063 ], [ -99.205919, 19.514331 ], [ -99.2061742, 19.5141916 ], [ -99.2065983, 19.5139598 ], [ -99.2070161, 19.5137315 ], [ -99.2071293, 19.5136696 ], [ -99.2080951, 19.5132182 ], [ -99.2081438, 19.5131954 ], [ -99.2085237, 19.5129588 ], [ -99.208706, 19.5128453 ], [ -99.2088607, 19.512749 ], [ -99.2089705, 19.5126806 ], [ -99.2090732, 19.5125834 ], [ -99.2090781, 19.5125788 ], [ -99.2091947, 19.5124685 ], [ -99.209255, 19.5124114 ], [ -99.2092575, 19.512409 ], [ -99.209316, 19.5123068 ], [ -99.209381799999989, 19.5121918 ], [ -99.2094056, 19.5121503 ], [ -99.2094962, 19.5119921 ], [ -99.209629299999989, 19.5118153 ], [ -99.2096364, 19.5118059 ], [ -99.2096405, 19.5118005 ], [ -99.209674600000014, 19.5117552 ], [ -99.2096918, 19.5117324 ], [ -99.2098016, 19.5116032 ], [ -99.2099445, 19.5114351 ], [ -99.2099871, 19.5113783 ], [ -99.210022, 19.5113318 ], [ -99.210054899999989, 19.5112879 ], [ -99.2100662, 19.5112727 ], [ -99.2100863, 19.5112454 ], [ -99.2101642, 19.5111391 ], [ -99.2102406, 19.5108923 ], [ -99.2103231, 19.5106704 ], [ -99.2103716, 19.5105399 ], [ -99.2104751, 19.5100716 ], [ -99.2106334, 19.5095567 ], [ -99.2106871, 19.5093834 ], [ -99.2106978, 19.5093484 ], [ -99.210698, 19.5093479 ], [ -99.2106982, 19.5093473 ], [ -99.2107796, 19.5090848 ], [ -99.2110524, 19.5084445 ], [ -99.2112191, 19.5078122 ], [ -99.2113771, 19.5072124 ], [ -99.211444899999989, 19.5067229 ], [ -99.211683799999989, 19.5049965 ], [ -99.2119925, 19.5035107 ], [ -99.212235, 19.5026612 ], [ -99.21232, 19.5023709 ], [ -99.2124984, 19.5017619 ], [ -99.2128648, 19.5005221 ], [ -99.2134631, 19.4984088 ], [ -99.2135008, 19.4982754 ], [ -99.2138909, 19.4970947 ], [ -99.2141161, 19.4964133 ], [ -99.2143722, 19.4956381 ], [ -99.2146069, 19.4949277 ], [ -99.2148237, 19.4942718 ], [ -99.214982, 19.4937925 ], [ -99.2152029, 19.4931241 ], [ -99.2153867, 19.4925678 ], [ -99.215446899999989, 19.4923855 ], [ -99.2156982, 19.4916248 ], [ -99.2157044, 19.4916061 ], [ -99.2157168, 19.4915685 ], [ -99.2160066, 19.4906915 ], [ -99.2161801, 19.4901665 ], [ -99.2162791, 19.4898876 ], [ -99.2162967, 19.4898381 ], [ -99.2164498, 19.4894068 ], [ -99.2165398, 19.4891534 ], [ -99.2168579, 19.4882576 ], [ -99.2171581, 19.4874121 ], [ -99.2171633, 19.4873974 ], [ -99.2173122, 19.4869782 ], [ -99.2173627, 19.4868358 ], [ -99.2174992, 19.4864515 ], [ -99.2180458, 19.484912 ], [ -99.2181565, 19.4845973 ], [ -99.2183381, 19.4840811 ], [ -99.2185193, 19.4835657 ], [ -99.21860740000001, 19.4833153 ], [ -99.218828699999989, 19.4826859 ], [ -99.2191376, 19.4818079 ], [ -99.2194559, 19.4809025 ], [ -99.219662700000015, 19.4803145 ], [ -99.2197722, 19.4799748 ], [ -99.2200477, 19.4791199 ], [ -99.2203368, 19.4782229 ], [ -99.2203586, 19.4781552 ], [ -99.2204995, 19.4777178 ], [ -99.2207101, 19.4768115 ], [ -99.22092, 19.4759081 ], [ -99.2211151, 19.4750685 ], [ -99.2205583, 19.4749184 ], [ -99.2195105, 19.4746359 ], [ -99.2188472, 19.474457 ], [ -99.2181701, 19.4742745 ], [ -99.2168773, 19.4739259 ], [ -99.2161732, 19.473736 ], [ -99.2158632, 19.4736524 ], [ -99.21554, 19.4735653 ], [ -99.214877800000011, 19.4733867 ], [ -99.2148634, 19.4733829 ], [ -99.2144846, 19.4732807 ], [ -99.2142256, 19.4732109 ], [ -99.2142158, 19.4732082 ], [ -99.2138793, 19.4731175 ], [ -99.2135613, 19.4730317 ], [ -99.213292900000013, 19.4729594 ], [ -99.2126284, 19.4727802 ], [ -99.2120448, 19.4726228 ], [ -99.2114127, 19.4724523 ], [ -99.2108151, 19.4722912 ], [ -99.2108028, 19.4722878 ], [ -99.210784, 19.4722828 ], [ -99.2103299, 19.4721603 ], [ -99.2100331, 19.4720803 ], [ -99.2099962, 19.4720703 ], [ -99.209634799999989, 19.4719729 ], [ -99.209273, 19.4718753 ], [ -99.2092361, 19.4718653 ], [ -99.2089556, 19.4717897 ], [ -99.2083692, 19.4716315 ], [ -99.2083493, 19.4716262 ], [ -99.2079674, 19.4715232 ], [ -99.2077729, 19.4714707 ], [ -99.206825, 19.4712151 ], [ -99.206496300000012, 19.4713565 ], [ -99.2052854, 19.4720244 ], [ -99.2049672, 19.4721923 ], [ -99.2043397, 19.4724027 ], [ -99.2034442, 19.4726916 ], [ -99.202326899999989, 19.4730147 ], [ -99.201447, 19.4732366 ], [ -99.201015, 19.4733596 ], [ -99.2008435, 19.4733524 ], [ -99.2006757, 19.4733453 ], [ -99.2003041, 19.4732413 ], [ -99.2000939, 19.4731824 ], [ -99.1997648, 19.4730828 ], [ -99.1990887, 19.4728759 ], [ -99.1983689, 19.4726423 ], [ -99.1982911, 19.472618 ], [ -99.1982554, 19.4726068 ], [ -99.197951, 19.4725117 ], [ -99.197828300000012, 19.4724748 ], [ -99.1977447, 19.4724497 ], [ -99.197460299999989, 19.4723642 ], [ -99.1970832, 19.4722518 ], [ -99.1966584, 19.4721263 ], [ -99.1961325, 19.4719725 ], [ -99.1956249, 19.4718287 ], [ -99.1952323, 19.4717114 ], [ -99.1951474, 19.4716861 ], [ -99.1949931, 19.4716432 ], [ -99.1949267, 19.4716247 ], [ -99.1946158, 19.4715383 ], [ -99.1941337, 19.4714043 ], [ -99.1935149, 19.4712596 ], [ -99.1933457, 19.47122 ], [ -99.193010199999989, 19.4711416 ], [ -99.1927228, 19.4710744 ], [ -99.1926957, 19.4710681 ], [ -99.1925702, 19.4710387 ], [ -99.1924953, 19.4710212 ], [ -99.191410499999989, 19.4707675 ], [ -99.1909559, 19.4706295 ], [ -99.1905841, 19.4705056 ], [ -99.1904442, 19.470459 ], [ -99.1905794, 19.4679363 ], [ -99.1906607, 19.465946 ], [ -99.1906708, 19.4657197 ], [ -99.1907039, 19.4651451 ], [ -99.1907311, 19.4646715 ], [ -99.1900141, 19.4644302 ], [ -99.1891419, 19.4641515 ], [ -99.1880002, 19.4638146 ], [ -99.1880263, 19.4636594 ], [ -99.1882443, 19.4623465 ], [ -99.1884833, 19.4607773 ], [ -99.1872836, 19.4604779 ], [ -99.1872447, 19.4604684 ], [ -99.1853877, 19.4600141 ], [ -99.1852728, 19.4600204 ], [ -99.1841888, 19.4598525 ], [ -99.1841022, 19.4598391 ], [ -99.184098100000014, 19.4598385 ], [ -99.1831146, 19.4596466 ], [ -99.1820121, 19.4594747 ], [ -99.181082, 19.4593013 ], [ -99.1799155, 19.4591259 ], [ -99.1787833, 19.4589287 ], [ -99.1779844, 19.4587556 ], [ -99.1777627, 19.458716 ], [ -99.1774552, 19.4586611 ], [ -99.1768916, 19.4585696 ], [ -99.1757659, 19.4583869 ], [ -99.1750238, 19.4582667 ], [ -99.1746037, 19.4581987 ], [ -99.173761, 19.4580629 ], [ -99.1711138, 19.4576323 ], [ -99.168434, 19.4571974 ], [ -99.1683061, 19.4571767 ], [ -99.1674447, 19.4570316 ], [ -99.165606, 19.4567375 ], [ -99.1650602, 19.4566587 ], [ -99.164190499999989, 19.4565113 ], [ -99.163712800000013, 19.4564348 ], [ -99.1635714, 19.457064 ], [ -99.163458, 19.4575536 ], [ -99.1633167, 19.4581627 ], [ -99.1631542, 19.4588835 ], [ -99.1630817, 19.4590629 ], [ -99.1629348, 19.4593413 ], [ -99.1628262, 19.4594898 ], [ -99.1626993, 19.4596373 ], [ -99.1625709, 19.4597718 ], [ -99.1623211, 19.4599719 ], [ -99.1621004, 19.4601351 ], [ -99.161622799999989, 19.460493 ], [ -99.1612694, 19.460768 ], [ -99.1610537, 19.4609689 ], [ -99.1608658, 19.4611887 ], [ -99.1607164, 19.4614061 ], [ -99.1604463, 19.4618729 ], [ -99.1602585, 19.4622116 ], [ -99.1600446, 19.4626006 ], [ -99.1597298, 19.4630675 ], [ -99.1595489, 19.4633245 ], [ -99.1594505, 19.4634271 ], [ -99.159303799999989, 19.4635536 ], [ -99.1591017, 19.4636983 ], [ -99.1588531, 19.463839 ], [ -99.1586507, 19.4639249 ], [ -99.1582455, 19.4640383 ], [ -99.1579397, 19.4640802 ], [ -99.157577300000014, 19.4640821 ], [ -99.157311299999989, 19.4640546 ], [ -99.1570802, 19.4640149 ], [ -99.1565282, 19.4639045 ], [ -99.1560852, 19.4637914 ], [ -99.1556841, 19.4636965 ], [ -99.1549941, 19.4635674 ], [ -99.15455, 19.4634788 ], [ -99.1536213, 19.4633027 ], [ -99.1534722, 19.463271 ], [ -99.1532228, 19.4632422 ], [ -99.1528798, 19.4632027 ], [ -99.1523665, 19.4631401 ], [ -99.1516875, 19.4630534 ], [ -99.150828, 19.4629483 ], [ -99.1505541, 19.4629404 ], [ -99.150314, 19.4629601 ], [ -99.1500282, 19.4630169 ], [ -99.1487362, 19.4633375 ], [ -99.1483257, 19.4634371 ], [ -99.1480368, 19.4635071 ], [ -99.1477353, 19.4635963 ], [ -99.1473064, 19.4637233 ], [ -99.1468292, 19.4638604 ], [ -99.1466157, 19.4639217 ], [ -99.146309699999989, 19.4640097 ], [ -99.1458045, 19.4641548 ], [ -99.1452448, 19.4643157 ], [ -99.1431181, 19.4650627 ], [ -99.1430547, 19.4654369 ], [ -99.1430798, 19.4656738 ], [ -99.1431034, 19.4657575 ], [ -99.143185, 19.4660471 ], [ -99.1436809, 19.4672894 ], [ -99.1437948, 19.467611 ], [ -99.1441014, 19.468477 ], [ -99.1441455, 19.468582 ], [ -99.1443865, 19.46921 ], [ -99.1444766, 19.4694565 ], [ -99.1446687, 19.4699728 ], [ -99.144841899999989, 19.4703977 ], [ -99.1448719, 19.4704756 ], [ -99.1449782, 19.4707749 ], [ -99.1450454, 19.4709639 ], [ -99.1452357, 19.4714397 ], [ -99.1454642, 19.4720103 ], [ -99.1456513, 19.4724798 ], [ -99.1458943, 19.473114 ], [ -99.1460871, 19.4736749 ], [ -99.1463622, 19.4744379 ], [ -99.1464565, 19.4746994 ], [ -99.1466796, 19.4752914 ], [ -99.1468786, 19.4757931 ], [ -99.1470488, 19.4762629 ], [ -99.1472423, 19.4767587 ], [ -99.1472823, 19.4768568 ], [ -99.147502, 19.4774403 ], [ -99.1475861, 19.4776551 ], [ -99.1477736, 19.4781431 ], [ -99.147902, 19.4784884 ], [ -99.1481096, 19.4790114 ], [ -99.1481853, 19.4791717 ], [ -99.1482877, 19.4794477 ], [ -99.1485356, 19.4801161 ], [ -99.1486605, 19.4804531 ], [ -99.148843, 19.4809084 ], [ -99.1493678, 19.4823483 ], [ -99.149405699999988, 19.4824521 ], [ -99.1494256, 19.4825021 ], [ -99.1497201, 19.4832381 ], [ -99.1498153, 19.4834919 ], [ -99.1500659, 19.4841599 ], [ -99.1504833, 19.4852723 ], [ -99.150889299999989, 19.4863574 ], [ -99.151197599999989, 19.4871815 ], [ -99.1515133, 19.4880253 ], [ -99.1518368, 19.4888894 ], [ -99.1519427, 19.4891704 ], [ -99.152194, 19.4898375 ], [ -99.1529638, 19.4918807 ], [ -99.1530207, 19.4920354 ], [ -99.1531266, 19.4923241 ], [ -99.1533723, 19.4929938 ], [ -99.1541813, 19.4951987 ], [ -99.1543784, 19.4957333 ], [ -99.1546248, 19.496402 ], [ -99.1557127, 19.4993533 ], [ -99.1558101, 19.4996176 ], [ -99.1560565, 19.500286 ], [ -99.1563755, 19.5011516 ], [ -99.1565733, 19.5016627 ], [ -99.1567817, 19.5022465 ], [ -99.1569498, 19.5027173 ], [ -99.1571811, 19.5028489 ], [ -99.1597343, 19.5036638 ], [ -99.1601419, 19.5037939 ], [ -99.1602137, 19.5038168 ], [ -99.16026930000001, 19.5038345 ], [ -99.1604386, 19.5038886 ], [ -99.1606967, 19.503971 ], [ -99.1611378, 19.5041117 ], [ -99.1614011, 19.5041958 ], [ -99.161617299999989, 19.5042648 ], [ -99.1617867, 19.5043188 ], [ -99.1620677, 19.5044085 ], [ -99.162559, 19.5045653 ], [ -99.1628665, 19.5046635 ], [ -99.1628977, 19.5046734 ], [ -99.1629901, 19.5047029 ], [ -99.163456, 19.5048516 ], [ -99.1639378, 19.5050053 ], [ -99.1644109, 19.5051691 ], [ -99.1649405, 19.5053524 ], [ -99.1653766, 19.5055034 ], [ -99.1658555, 19.5056692 ], [ -99.1663163, 19.5058287 ], [ -99.1670781, 19.5060924 ], [ -99.167313299999989, 19.5061907 ], [ -99.1673707, 19.5062147 ], [ -99.168689, 19.5067656 ], [ -99.1688, 19.5068217 ], [ -99.1691093, 19.506978 ], [ -99.1691433, 19.5069951 ], [ -99.1695346, 19.5071929 ], [ -99.169956, 19.5074058 ], [ -99.1704139, 19.5076373 ], [ -99.1708782, 19.5078049 ], [ -99.1712918, 19.5079543 ], [ -99.1716042, 19.5080671 ], [ -99.1725994, 19.5084265 ], [ -99.1730429, 19.5085867 ], [ -99.1735652, 19.508257 ], [ -99.1736656, 19.5081922 ], [ -99.1737126, 19.5081619 ], [ -99.1740405, 19.50795 ], [ -99.1748752, 19.5075972 ], [ -99.1751841, 19.5075314 ], [ -99.1754028, 19.5074848 ], [ -99.1755381, 19.507456 ], [ -99.1760257, 19.5069489 ], [ -99.1760719, 19.5069008 ], [ -99.176624499999988, 19.5065022 ], [ -99.1767378, 19.5064204 ], [ -99.1770504, 19.5061949 ], [ -99.1770633, 19.5061983 ], [ -99.1773356, 19.5062708 ], [ -99.1773685, 19.5062796 ], [ -99.177410099999989, 19.5062906 ], [ -99.177411, 19.5062909 ], [ -99.1774112, 19.5062909 ], [ -99.1774118, 19.5062911 ], [ -99.1774631, 19.5063047 ], [ -99.177499, 19.5063143 ], [ -99.1819157, 19.5074898 ], [ -99.1822908, 19.5074698 ], [ -99.182307, 19.5074792 ] ] ] } },
{ "type": "Feature", "properties": { "CVEGEO": "09003", "CVE_ENT": "09", "CVE_MUN": "003", "NOMGEO": "Coyoacán" }, "geometry": { "type": "Polygon", "coordinates": [ [ [ -99.1343965, 19.3565465 ], [ -99.1345598, 19.3565636 ], [ -99.1347472, 19.3565692 ], [ -99.1350314, 19.3565891 ], [ -99.1355242, 19.3566231 ], [ -99.1359152, 19.3566464 ], [ -99.1362538, 19.3566748 ], [ -99.1365743, 19.3566946 ], [ -99.1369371, 19.3567173 ], [ -99.1372787, 19.3567428 ], [ -99.1377216, 19.3567684 ], [ -99.1392319, 19.3568653 ], [ -99.139836, 19.3569176 ], [ -99.1404242, 19.3569619 ], [ -99.1407729, 19.3569882 ], [ -99.140925, 19.3569997 ], [ -99.1411138, 19.3570225 ], [ -99.141493, 19.3570686 ], [ -99.1419746, 19.3571267 ], [ -99.1422775, 19.3571624 ], [ -99.1423761, 19.3571682 ], [ -99.1428938, 19.3571989 ], [ -99.1434997, 19.3572415 ], [ -99.143857, 19.3572628 ], [ -99.1440547, 19.3572718 ], [ -99.1443819, 19.3572961 ], [ -99.1447923, 19.35732 ], [ -99.1450742, 19.3573295 ], [ -99.1456035, 19.3573474 ], [ -99.146205600000016, 19.3573643 ], [ -99.1464078, 19.3573703 ], [ -99.1467354, 19.35738 ], [ -99.1469348, 19.3573848 ], [ -99.1472326, 19.3573922 ], [ -99.1474365, 19.3574003 ], [ -99.1476192, 19.3574077 ], [ -99.1480543, 19.3574251 ], [ -99.1488991, 19.3574708 ], [ -99.1496823, 19.3575121 ], [ -99.1500707, 19.3575329 ], [ -99.1504725, 19.3575564 ], [ -99.1512646, 19.3575955 ], [ -99.1513655, 19.3575989 ], [ -99.1514656, 19.3576023 ], [ -99.1520157, 19.357639 ], [ -99.1531607, 19.3576977 ], [ -99.1534751, 19.357719 ], [ -99.1537048, 19.3577345 ], [ -99.1539719, 19.3577455 ], [ -99.154292500000011, 19.3577586 ], [ -99.1544497, 19.3577655 ], [ -99.1546051, 19.3577723 ], [ -99.1555661, 19.357826 ], [ -99.1555801, 19.3578267 ], [ -99.1562007, 19.3578614 ], [ -99.1567956, 19.3578946 ], [ -99.1568728, 19.3578969 ], [ -99.1569538, 19.3578993 ], [ -99.1571572, 19.3579119 ], [ -99.1580802, 19.3579693 ], [ -99.1587782, 19.3580119 ], [ -99.159104, 19.3580318 ], [ -99.1600924, 19.3580852 ], [ -99.1604691, 19.3581056 ], [ -99.1617026, 19.3581695 ], [ -99.1618158, 19.3581753 ], [ -99.1635005, 19.3582726 ], [ -99.1641062, 19.3583101 ], [ -99.1649439, 19.3583619 ], [ -99.1663416, 19.3584353 ], [ -99.1671537, 19.3584823 ], [ -99.1673265, 19.358491 ], [ -99.1677689, 19.3585133 ], [ -99.1685503, 19.358552 ], [ -99.169144, 19.3585932 ], [ -99.1691996, 19.3585971 ], [ -99.1697649, 19.3586579 ], [ -99.1697818, 19.3586599 ], [ -99.1701592, 19.3587499 ], [ -99.170404100000013, 19.3588313 ], [ -99.1705135, 19.3588721 ], [ -99.1705574, 19.3588884 ], [ -99.1708321, 19.3590451 ], [ -99.1716913, 19.3595594 ], [ -99.1717061, 19.3595683 ], [ -99.1717089, 19.3595616 ], [ -99.1717925, 19.3593653 ], [ -99.1724141, 19.3579045 ], [ -99.1727276, 19.3571817 ], [ -99.1727748, 19.3570814 ], [ -99.1729935, 19.3567514 ], [ -99.1735622, 19.3561246 ], [ -99.174203, 19.3554461 ], [ -99.1749416, 19.3546364 ], [ -99.1752221, 19.3542418 ], [ -99.1754275, 19.353985 ], [ -99.1757837, 19.3536201 ], [ -99.176031, 19.3534105 ], [ -99.1770423, 19.3526002 ], [ -99.1771393, 19.3525241 ], [ -99.177226, 19.3524441 ], [ -99.1772843, 19.3523497 ], [ -99.1774882, 19.3520123 ], [ -99.1775984, 19.3518215 ], [ -99.1776619, 19.3517443 ], [ -99.1783233, 19.351115 ], [ -99.1784517, 19.3510102 ], [ -99.1792477, 19.3503423 ], [ -99.1796068, 19.3500097 ], [ -99.179784, 19.3498273 ], [ -99.1799315, 19.3496429 ], [ -99.180059899999989, 19.3494309 ], [ -99.180090299999989, 19.3493573 ], [ -99.1801273, 19.3492681 ], [ -99.1805547, 19.3472358 ], [ -99.1806194, 19.3472379 ], [ -99.180637, 19.3472357 ], [ -99.1806519, 19.3472329 ], [ -99.1806731, 19.347227 ], [ -99.1806919, 19.3472201 ], [ -99.1807056, 19.3472138 ], [ -99.1807211, 19.3472053 ], [ -99.1807313, 19.3471991 ], [ -99.1807505, 19.3471849 ], [ -99.1807631, 19.3471737 ], [ -99.1807864, 19.3471435 ], [ -99.1808033, 19.3471152 ], [ -99.1808217, 19.3470648 ], [ -99.1808227, 19.3470621 ], [ -99.1808394, 19.347067 ], [ -99.1809024, 19.3470854 ], [ -99.180904, 19.3470859 ], [ -99.1817705, 19.347339 ], [ -99.1817711, 19.3473392 ], [ -99.1817767, 19.3473409 ], [ -99.1817922, 19.3473454 ], [ -99.1817943, 19.3473431 ], [ -99.1823353, 19.3467615 ], [ -99.1824976, 19.3466442 ], [ -99.1826642, 19.3465874 ], [ -99.1828749, 19.3465843 ], [ -99.1830844, 19.3461218 ], [ -99.1831561, 19.3458466 ], [ -99.1831618, 19.3458222 ], [ -99.1832929, 19.3452652 ], [ -99.1833665, 19.3449249 ], [ -99.1834108, 19.3447754 ], [ -99.183509199999989, 19.3445695 ], [ -99.1836777, 19.3442564 ], [ -99.183836500000012, 19.3439196 ], [ -99.1840383, 19.343648 ], [ -99.1843347, 19.3436231 ], [ -99.1845015, 19.3435875 ], [ -99.1847752, 19.3434381 ], [ -99.185163, 19.3431288 ], [ -99.1852305, 19.343075 ], [ -99.185353299999989, 19.3429771 ], [ -99.1859691, 19.3424478 ], [ -99.1865051, 19.3419329 ], [ -99.1866243, 19.3415962 ], [ -99.186685, 19.3413984 ], [ -99.186760299999989, 19.3413251 ], [ -99.1868086, 19.3412782 ], [ -99.1869195, 19.3412465 ], [ -99.1873263, 19.3411303 ], [ -99.187661, 19.3410153 ], [ -99.1879763, 19.3406706 ], [ -99.1879997, 19.340645 ], [ -99.1880097, 19.3406343 ], [ -99.1881923, 19.3404387 ], [ -99.1882243, 19.3404044 ], [ -99.1882436, 19.34039 ], [ -99.1885529, 19.3401606 ], [ -99.188569, 19.3401486 ], [ -99.1885854, 19.3401368 ], [ -99.1891611, 19.3397228 ], [ -99.1893114, 19.3395627 ], [ -99.1893305, 19.3395422 ], [ -99.1894886, 19.3393738 ], [ -99.1900437, 19.3385895 ], [ -99.1900458, 19.3385866 ], [ -99.1900614, 19.3385917 ], [ -99.1903033, 19.3386713 ], [ -99.1903213, 19.3386772 ], [ -99.190320899999989, 19.3386735 ], [ -99.1902488, 19.3379797 ], [ -99.1906047, 19.3377229 ], [ -99.1910473, 19.3371429 ], [ -99.1911732, 19.3369654 ], [ -99.1912327, 19.3368815 ], [ -99.1912356, 19.3368775 ], [ -99.1912358, 19.3368772 ], [ -99.1912533, 19.3368797 ], [ -99.1912552, 19.33688 ], [ -99.1913623, 19.3368965 ], [ -99.1913784, 19.3368987 ], [ -99.1915292, 19.3368901 ], [ -99.191724900000011, 19.3368736 ], [ -99.1918219, 19.3368558 ], [ -99.1931568, 19.3366104 ], [ -99.1942848, 19.3363916 ], [ -99.1951038, 19.3361711 ], [ -99.1961888, 19.3358873 ], [ -99.1969337, 19.3357357 ], [ -99.1976729, 19.3355949 ], [ -99.1978673, 19.3355439 ], [ -99.198056799999989, 19.3354842 ], [ -99.1982597, 19.3353783 ], [ -99.1983981, 19.3352592 ], [ -99.1985269, 19.3351498 ], [ -99.1987097, 19.3349631 ], [ -99.1991791, 19.3343179 ], [ -99.1993819, 19.3340846 ], [ -99.1995938, 19.3338409 ], [ -99.1998209, 19.3335054 ], [ -99.1999224, 19.333232 ], [ -99.1999243, 19.3332265 ], [ -99.1999047, 19.3332297 ], [ -99.1987135, 19.3334246 ], [ -99.198217899999989, 19.3335073 ], [ -99.196934, 19.3337208 ], [ -99.1966157, 19.3337167 ], [ -99.196598, 19.3337145 ], [ -99.1965213, 19.333705 ], [ -99.1965211, 19.333705 ], [ -99.1965036, 19.3337028 ], [ -99.1965035, 19.3337028 ], [ -99.1963899, 19.3336763 ], [ -99.1962947, 19.3336313 ], [ -99.1963744, 19.3334068 ], [ -99.1963886, 19.3333256 ], [ -99.196391, 19.3332417 ], [ -99.1963826, 19.3330289 ], [ -99.1963588, 19.332885 ], [ -99.1962655, 19.3326844 ], [ -99.1960913, 19.3324011 ], [ -99.1957578, 19.3319477 ], [ -99.195293299999989, 19.3310922 ], [ -99.195003899999989, 19.3306299 ], [ -99.1947042, 19.3302335 ], [ -99.194748, 19.3293287 ], [ -99.1947772, 19.3287197 ], [ -99.1947926, 19.327127 ], [ -99.194853, 19.3247207 ], [ -99.1948863, 19.3234643 ], [ -99.1948813, 19.3231406 ], [ -99.1949336, 19.32203 ], [ -99.1949878, 19.3218425 ], [ -99.1965991, 19.3192273 ], [ -99.1987265, 19.3158058 ], [ -99.1999653, 19.3138436 ], [ -99.2011418, 19.3120343 ], [ -99.2011846, 19.3119535 ], [ -99.2012126, 19.3118754 ], [ -99.2012293, 19.3117292 ], [ -99.2012236, 19.3116191 ], [ -99.2012198, 19.3115695 ], [ -99.2012159, 19.3115179 ], [ -99.201184200000014, 19.3114579 ], [ -99.2011667, 19.3114559 ], [ -99.2011459, 19.311454 ], [ -99.2006463, 19.3114069 ], [ -99.2004914, 19.3114062 ], [ -99.200475700000013, 19.3114061 ], [ -99.200473699999989, 19.311404 ], [ -99.2002471, 19.31116 ], [ -99.2005818, 19.3108062 ], [ -99.2006345, 19.3107511 ], [ -99.200643700000015, 19.3107416 ], [ -99.2007187, 19.3106637 ], [ -99.2007306, 19.3106514 ], [ -99.2007455, 19.310637 ], [ -99.2007787, 19.3106048 ], [ -99.2017139, 19.3096997 ], [ -99.2017334, 19.3096809 ], [ -99.2017423, 19.3096722 ], [ -99.2017782, 19.309637 ], [ -99.2018423, 19.3095744 ], [ -99.2018717, 19.3095456 ], [ -99.2018952, 19.3095225 ], [ -99.2024083, 19.3090206 ], [ -99.202536, 19.3088956 ], [ -99.2026545, 19.3087819 ], [ -99.2049926, 19.3065377 ], [ -99.2050382, 19.3064939 ], [ -99.2052109, 19.3063281 ], [ -99.2052331, 19.3063068 ], [ -99.2052387, 19.3063014 ], [ -99.2052507, 19.306309 ], [ -99.205379, 19.3063905 ], [ -99.2054467, 19.3064767 ], [ -99.2054931, 19.3065578 ], [ -99.2055082, 19.3067157 ], [ -99.2055291, 19.3067195 ], [ -99.2055358, 19.3067207 ], [ -99.2055534, 19.3067234 ], [ -99.2055535, 19.3067229 ], [ -99.2055546, 19.306717 ], [ -99.2056517, 19.3062161 ], [ -99.205719, 19.3058684 ], [ -99.2057419, 19.3057452 ], [ -99.2057522, 19.3056819 ], [ -99.2056712, 19.3056673 ], [ -99.2050473, 19.3055551 ], [ -99.2045903, 19.3054708 ], [ -99.2043518, 19.3054296 ], [ -99.2035907, 19.3052918 ], [ -99.2032032, 19.3052173 ], [ -99.2027219, 19.3050964 ], [ -99.2022293, 19.3049607 ], [ -99.2012712, 19.3046391 ], [ -99.2001845, 19.3041735 ], [ -99.1999086, 19.3040314 ], [ -99.1995058, 19.3038239 ], [ -99.199086900000012, 19.3035992 ], [ -99.198696, 19.3033547 ], [ -99.1984603, 19.3032035 ], [ -99.1981093, 19.3029998 ], [ -99.1977615, 19.3028149 ], [ -99.1971577, 19.3025592 ], [ -99.196711, 19.302405 ], [ -99.1962861, 19.3022782 ], [ -99.1959535, 19.302199 ], [ -99.1954669, 19.3021084 ], [ -99.1954334, 19.3021022 ], [ -99.1953957, 19.3020973 ], [ -99.195275099999989, 19.3020817 ], [ -99.195226, 19.3020753 ], [ -99.19512, 19.3020616 ], [ -99.1950693, 19.302055 ], [ -99.195053, 19.302053 ], [ -99.1950516, 19.3020529 ], [ -99.1950308, 19.3020511 ], [ -99.1948352, 19.3020344 ], [ -99.1944678, 19.3020128 ], [ -99.194021, 19.3020133 ], [ -99.1934511, 19.3020484 ], [ -99.1929342, 19.3021055 ], [ -99.1915844, 19.3022544 ], [ -99.1895639, 19.3024778 ], [ -99.188283, 19.3026227 ], [ -99.1880796, 19.3026464 ], [ -99.186247, 19.3028394 ], [ -99.1859815, 19.3028656 ], [ -99.185760699999989, 19.3028893 ], [ -99.1841886, 19.3030703 ], [ -99.183647799999989, 19.3031297 ], [ -99.1832081, 19.3031773 ], [ -99.1828236, 19.3032224 ], [ -99.182349, 19.3032795 ], [ -99.18143, 19.3033652 ], [ -99.181261299999989, 19.3033748 ], [ -99.180661, 19.3034107 ], [ -99.180367300000015, 19.3034253 ], [ -99.1798835, 19.3034376 ], [ -99.1794066, 19.3034403 ], [ -99.179287500000015, 19.3034404 ], [ -99.1785556, 19.3034152 ], [ -99.177324, 19.3033316 ], [ -99.1771326, 19.3033156 ], [ -99.1771323, 19.3033156 ], [ -99.1771156, 19.3033135 ], [ -99.176799, 19.3032728 ], [ -99.176774, 19.3032686 ], [ -99.1765494, 19.3032311 ], [ -99.175888199999989, 19.3031476 ], [ -99.1752879, 19.3030612 ], [ -99.174658, 19.3029806 ], [ -99.1740513, 19.3028942 ], [ -99.1734162, 19.3028109 ], [ -99.1728683, 19.3027306 ], [ -99.1722268, 19.3026413 ], [ -99.1716797, 19.3025656 ], [ -99.171662, 19.3025634 ], [ -99.1714932, 19.3025425 ], [ -99.171493, 19.3025424 ], [ -99.1714928, 19.3025424 ], [ -99.1714804, 19.3025409 ], [ -99.1714755, 19.3025403 ], [ -99.1714754, 19.3025402 ], [ -99.1714751, 19.3025402 ], [ -99.170948599999988, 19.3024712 ], [ -99.1703555, 19.3023903 ], [ -99.1703515, 19.3023898 ], [ -99.1703399, 19.3023882 ], [ -99.170195, 19.3023646 ], [ -99.1701948, 19.3023646 ], [ -99.1701782, 19.3023626 ], [ -99.1698543, 19.3023237 ], [ -99.1698394, 19.3023219 ], [ -99.1698366, 19.3023215 ], [ -99.1698209, 19.3023191 ], [ -99.1697983, 19.3023158 ], [ -99.1697898, 19.3023146 ], [ -99.169678499999989, 19.3022982 ], [ -99.1691245, 19.302222 ], [ -99.1690164, 19.3022069 ], [ -99.1684859, 19.3021333 ], [ -99.1681589, 19.3020903 ], [ -99.1679326, 19.3020618 ], [ -99.1675712, 19.3020147 ], [ -99.1675627, 19.3020136 ], [ -99.1672723, 19.301979 ], [ -99.166643799999989, 19.3018924 ], [ -99.166505700000016, 19.3018751 ], [ -99.1659906, 19.3018048 ], [ -99.1659205, 19.3017952 ], [ -99.16556, 19.301746 ], [ -99.1654742, 19.3017341 ], [ -99.164901199999989, 19.3016545 ], [ -99.1642773, 19.3015679 ], [ -99.1637771, 19.3014989 ], [ -99.1633022, 19.3014335 ], [ -99.1631801, 19.3014169 ], [ -99.1628547, 19.3013725 ], [ -99.1627135, 19.3013491 ], [ -99.1625601, 19.3013237 ], [ -99.1622629, 19.3012774 ], [ -99.1619994, 19.3012228 ], [ -99.1615964, 19.3011209 ], [ -99.1615507, 19.3011083 ], [ -99.1612958, 19.301029 ], [ -99.1607735, 19.300828 ], [ -99.1602442, 19.300566 ], [ -99.1599732, 19.3004157 ], [ -99.1597153, 19.3002429 ], [ -99.1593957, 19.3000062 ], [ -99.1590461, 19.2997473 ], [ -99.1588713, 19.2995902 ], [ -99.1586505, 19.2993705 ], [ -99.1584183, 19.2991329 ], [ -99.1579086, 19.298488 ], [ -99.1574809, 19.2978917 ], [ -99.1573345, 19.2976989 ], [ -99.156804, 19.2970164 ], [ -99.156720299999989, 19.2969087 ], [ -99.1566688, 19.2968424 ], [ -99.1566645, 19.2968368 ], [ -99.1566511, 19.2968401 ], [ -99.1564237, 19.2968963 ], [ -99.1559555, 19.296994 ], [ -99.1552654, 19.2971411 ], [ -99.1552152, 19.2971512 ], [ -99.1546143, 19.2972731 ], [ -99.1538342, 19.2974336 ], [ -99.1521407, 19.2978275 ], [ -99.1519404, 19.2978828 ], [ -99.1517875, 19.2979327 ], [ -99.1516209, 19.2980064 ], [ -99.1515477, 19.298064 ], [ -99.151378799999989, 19.2981955 ], [ -99.1511005, 19.2983832 ], [ -99.1507319, 19.2986288 ], [ -99.1506324, 19.2987002 ], [ -99.1500943, 19.2990868 ], [ -99.1496099, 19.2994529 ], [ -99.1487866, 19.3000927 ], [ -99.1483339, 19.3004529 ], [ -99.1481857, 19.3005708 ], [ -99.1478567, 19.3008292 ], [ -99.1476421, 19.3010285 ], [ -99.1474247, 19.3012702 ], [ -99.1474181, 19.3012775 ], [ -99.1474101, 19.3012864 ], [ -99.1474004, 19.3012753 ], [ -99.147128, 19.3009641 ], [ -99.1471125, 19.3009643 ], [ -99.1470232, 19.3009656 ], [ -99.1469304, 19.300967 ], [ -99.1466073, 19.300928 ], [ -99.14659, 19.3009258 ], [ -99.1461016, 19.3008272 ], [ -99.1460675, 19.3008202 ], [ -99.1459053, 19.3007867 ], [ -99.1456461, 19.3007331 ], [ -99.1452452, 19.3006213 ], [ -99.145057, 19.3005487 ], [ -99.1446981, 19.3004095 ], [ -99.1446235, 19.3003805 ], [ -99.1445112, 19.3003383 ], [ -99.1440964, 19.3001769 ], [ -99.1437503, 19.3000445 ], [ -99.1433919, 19.2999071 ], [ -99.1426306, 19.2996119 ], [ -99.1426162, 19.2996064 ], [ -99.142612899999989, 19.2996097 ], [ -99.142365, 19.2998581 ], [ -99.1417673, 19.30047 ], [ -99.1412557, 19.3010225 ], [ -99.1409284, 19.3013787 ], [ -99.1408882, 19.3014222 ], [ -99.1406729, 19.3016558 ], [ -99.1405143, 19.3018279 ], [ -99.1401612, 19.3022439 ], [ -99.1401599, 19.3022452 ], [ -99.1401279, 19.30228 ], [ -99.1396797, 19.3027858 ], [ -99.1396536, 19.3028136 ], [ -99.1393728, 19.3031134 ], [ -99.139362800000015, 19.3031246 ], [ -99.1393485, 19.3031405 ], [ -99.1390295, 19.3034964 ], [ -99.138948, 19.3035853 ], [ -99.1387993, 19.3037511 ], [ -99.1387, 19.3038618 ], [ -99.1386446, 19.3039254 ], [ -99.1384495, 19.3041444 ], [ -99.1382639, 19.3043278 ], [ -99.1381498, 19.3044465 ], [ -99.1378984, 19.3047182 ], [ -99.137719600000011, 19.3049209 ], [ -99.1371166, 19.3056047 ], [ -99.136401, 19.3063191 ], [ -99.1361089, 19.3066311 ], [ -99.135576, 19.3072171 ], [ -99.134728, 19.3082898 ], [ -99.1347247, 19.308294 ], [ -99.1347103, 19.3082876 ], [ -99.1341674, 19.3080479 ], [ -99.1327986, 19.3074429 ], [ -99.1324981, 19.3073254 ], [ -99.1318985, 19.3070691 ], [ -99.1315061, 19.3069013 ], [ -99.1309651, 19.306668 ], [ -99.1304552, 19.3064485 ], [ -99.1300163, 19.3062596 ], [ -99.1299715, 19.3062403 ], [ -99.1294729, 19.306025 ], [ -99.1289495, 19.3057971 ], [ -99.1282984, 19.3055181 ], [ -99.127814199999989, 19.3053107 ], [ -99.1276179, 19.3052265 ], [ -99.1273178, 19.3051006 ], [ -99.1270826, 19.3050018 ], [ -99.1268379, 19.3048991 ], [ -99.1260834, 19.3045737 ], [ -99.1249931, 19.3041117 ], [ -99.1248259, 19.3040409 ], [ -99.1246563, 19.3039806 ], [ -99.1246102, 19.3039629 ], [ -99.124133300000011, 19.3037659 ], [ -99.1229741, 19.303287 ], [ -99.1224378, 19.3030878 ], [ -99.122027, 19.3029366 ], [ -99.1209391, 19.3025961 ], [ -99.1198495, 19.302259 ], [ -99.1177867, 19.3016831 ], [ -99.1174155, 19.3015797 ], [ -99.116807799999989, 19.3014202 ], [ -99.1161658, 19.301264 ], [ -99.1156775, 19.3011445 ], [ -99.1155633, 19.3011165 ], [ -99.114294199999989, 19.3008137 ], [ -99.1136517, 19.3006773 ], [ -99.1129636, 19.3005381 ], [ -99.1124534, 19.3004161 ], [ -99.1119577, 19.3002928 ], [ -99.1114306, 19.3001593 ], [ -99.110298899999989, 19.299888 ], [ -99.1099272, 19.2997986 ], [ -99.1094217, 19.2996726 ], [ -99.1092142, 19.29962 ], [ -99.1092074, 19.2996183 ], [ -99.1091966, 19.2996178 ], [ -99.1088078, 19.2996008 ], [ -99.1084308, 19.2996262 ], [ -99.108215800000011, 19.2996424 ], [ -99.1073813, 19.2996926 ], [ -99.1072533, 19.299696 ], [ -99.1070764, 19.2997077 ], [ -99.1065752, 19.2997329 ], [ -99.106389299999989, 19.2997427 ], [ -99.1060839, 19.2997598 ], [ -99.1055667, 19.2997909 ], [ -99.1054193, 19.2997976 ], [ -99.1050165, 19.2998175 ], [ -99.1049495, 19.2998211 ], [ -99.1047457, 19.2998317 ], [ -99.1045024, 19.2998442 ], [ -99.1040358, 19.2998681 ], [ -99.1037665, 19.2998839 ], [ -99.102120899999989, 19.2999716 ], [ -99.101329, 19.3000095 ], [ -99.1010259, 19.3000194 ], [ -99.1009471, 19.3000207 ], [ -99.1009302, 19.3000204 ], [ -99.1009292, 19.3000204 ], [ -99.1007934, 19.3012535 ], [ -99.1006466, 19.3027138 ], [ -99.1004971, 19.3044569 ], [ -99.10033, 19.3064667 ], [ -99.1003217, 19.306588 ], [ -99.100313, 19.306715 ], [ -99.1002326, 19.3077655 ], [ -99.1000692, 19.3098996 ], [ -99.0998789, 19.3129694 ], [ -99.0996651, 19.3155039 ], [ -99.0995941, 19.3163465 ], [ -99.0993503, 19.3192733 ], [ -99.0992945, 19.3204495 ], [ -99.0990763, 19.3204415 ], [ -99.0990769, 19.3204441 ], [ -99.0990769, 19.3204443 ], [ -99.0991245, 19.3206571 ], [ -99.099207, 19.320917 ], [ -99.0992421, 19.3209873 ], [ -99.0992984, 19.3211003 ], [ -99.0995361, 19.3213997 ], [ -99.099953899999988, 19.3219196 ], [ -99.1004064, 19.3224044 ], [ -99.1006844, 19.3226827 ], [ -99.1008427, 19.3228393 ], [ -99.1010475, 19.3229885 ], [ -99.1011696, 19.3230774 ], [ -99.1014179, 19.3232393 ], [ -99.1017021, 19.3234244 ], [ -99.1020665, 19.3236409 ], [ -99.1023997, 19.323839 ], [ -99.1027815, 19.3240551 ], [ -99.1034582, 19.3244162 ], [ -99.1038207, 19.3245869 ], [ -99.103839799999989, 19.3245969 ], [ -99.103987100000012, 19.3246734 ], [ -99.1041862, 19.3248105 ], [ -99.104336300000014, 19.3249379 ], [ -99.1048913, 19.3254807 ], [ -99.105101499999989, 19.3256864 ], [ -99.1052064, 19.3257889 ], [ -99.1052171, 19.3257994 ], [ -99.1054284, 19.3260061 ], [ -99.1055458, 19.3261209 ], [ -99.1056939, 19.3262657 ], [ -99.1057293, 19.3263003 ], [ -99.1057567, 19.3263341 ], [ -99.106046299999988, 19.3266922 ], [ -99.1060763, 19.326723 ], [ -99.1060926, 19.3267398 ], [ -99.1064337, 19.3270908 ], [ -99.1065443, 19.3272046 ], [ -99.1068184, 19.3274865 ], [ -99.1070702, 19.3277456 ], [ -99.1075885, 19.3282868 ], [ -99.1079292, 19.3287263 ], [ -99.1080119, 19.3288546 ], [ -99.1083359, 19.3293571 ], [ -99.1083524, 19.3293826 ], [ -99.1086213, 19.3297995 ], [ -99.108945, 19.3303015 ], [ -99.1091397, 19.3306081 ], [ -99.1093051, 19.3308685 ], [ -99.1096297, 19.331314 ], [ -99.1097211, 19.3314667 ], [ -99.109818, 19.3317318 ], [ -99.109838900000014, 19.3318037 ], [ -99.1099816, 19.3322963 ], [ -99.1099967, 19.3323353 ], [ -99.1100923, 19.3325815 ], [ -99.110167600000011, 19.3326965 ], [ -99.1103234, 19.3328797 ], [ -99.1105383, 19.3330476 ], [ -99.1105897, 19.3330765 ], [ -99.11072, 19.3331434 ], [ -99.111269299999989, 19.3334249 ], [ -99.1116183, 19.333667 ], [ -99.1119305, 19.3339633 ], [ -99.1121585, 19.3342183 ], [ -99.1124393, 19.3346344 ], [ -99.112934599999988, 19.3353685 ], [ -99.1129636, 19.3354293 ], [ -99.1130223, 19.3355586 ], [ -99.1132153, 19.3359773 ], [ -99.1135967, 19.336648 ], [ -99.1137639, 19.336924 ], [ -99.1139074, 19.3373362 ], [ -99.1139568, 19.3376371 ], [ -99.1140204, 19.3379597 ], [ -99.1140386, 19.3381363 ], [ -99.1140684, 19.3382497 ], [ -99.1141357, 19.3386375 ], [ -99.1141776, 19.3389696 ], [ -99.1141826, 19.3390145 ], [ -99.1142159, 19.3392298 ], [ -99.1143118, 19.3398309 ], [ -99.1143448, 19.3400716 ], [ -99.1143967, 19.3404205 ], [ -99.1144322, 19.3405853 ], [ -99.1144471, 19.3406786 ], [ -99.114475500000012, 19.3407905 ], [ -99.1145488, 19.3409705 ], [ -99.1149528, 19.3418722 ], [ -99.1151151, 19.3422345 ], [ -99.1151633, 19.3423331 ], [ -99.1152429, 19.3425173 ], [ -99.1153072, 19.3426662 ], [ -99.1154157, 19.3429115 ], [ -99.1155715, 19.3432641 ], [ -99.1156582, 19.3434328 ], [ -99.1157314, 19.3435325 ], [ -99.1158747, 19.3437055 ], [ -99.1160821, 19.3439638 ], [ -99.1162189, 19.344116 ], [ -99.1164045, 19.344394 ], [ -99.1170517, 19.3455559 ], [ -99.1170669, 19.3455837 ], [ -99.1172606, 19.3459445 ], [ -99.1173922, 19.3461893 ], [ -99.117764, 19.3468353 ], [ -99.1180612, 19.3473514 ], [ -99.1181362, 19.3474646 ], [ -99.1182316, 19.3476084 ], [ -99.118904199999989, 19.3486226 ], [ -99.1194572, 19.3494565 ], [ -99.1195468, 19.3495915 ], [ -99.1195601, 19.3496149 ], [ -99.1198241, 19.3499925 ], [ -99.1201464, 19.3504278 ], [ -99.1202421, 19.3505613 ], [ -99.1203604, 19.3508442 ], [ -99.1203609, 19.3508455 ], [ -99.1204891, 19.351152 ], [ -99.1207774, 19.3518415 ], [ -99.120931399999989, 19.3523151 ], [ -99.1212619, 19.3533402 ], [ -99.1214536, 19.3539201 ], [ -99.1215886, 19.3546364 ], [ -99.1218904, 19.3569765 ], [ -99.1219761, 19.3576339 ], [ -99.121977199999989, 19.3576421 ], [ -99.1219797, 19.3576618 ], [ -99.1219871, 19.3576627 ], [ -99.1219974, 19.3576638 ], [ -99.1219994, 19.3576641 ], [ -99.1220011, 19.3576642 ], [ -99.122374799999989, 19.3577048 ], [ -99.1223863, 19.3577061 ], [ -99.1224773, 19.357716 ], [ -99.1225533, 19.3577242 ], [ -99.122697699999989, 19.3577399 ], [ -99.123621, 19.3578402 ], [ -99.1246241, 19.3579492 ], [ -99.1251146, 19.3580024 ], [ -99.1256138, 19.3580566 ], [ -99.1261134, 19.3581109 ], [ -99.1262876, 19.3581296 ], [ -99.126583, 19.3581619 ], [ -99.1267338, 19.3581783 ], [ -99.1270887, 19.3582168 ], [ -99.1271706, 19.3582257 ], [ -99.1277085, 19.3582841 ], [ -99.1282771, 19.3583459 ], [ -99.1283976, 19.3583596 ], [ -99.128695, 19.3583913 ], [ -99.1289303, 19.3584171 ], [ -99.129097699999988, 19.358435 ], [ -99.129386, 19.3584663 ], [ -99.1295263, 19.3584815 ], [ -99.1298581, 19.3585176 ], [ -99.1301424, 19.3585484 ], [ -99.1303281, 19.3585686 ], [ -99.1308698, 19.3586274 ], [ -99.1311779, 19.3586609 ], [ -99.131361, 19.3583757 ], [ -99.1314241, 19.3582601 ], [ -99.131763, 19.3577167 ], [ -99.1319133, 19.35752 ], [ -99.132127, 19.3573011 ], [ -99.1322874, 19.3571768 ], [ -99.1323693, 19.3571198 ], [ -99.1325022, 19.3570339 ], [ -99.1326911, 19.3569177 ], [ -99.132914899999989, 19.356801 ], [ -99.1330743, 19.3567361 ], [ -99.1334882, 19.3565881 ], [ -99.1336742, 19.3565519 ], [ -99.1339705, 19.3565337 ], [ -99.134270500000014, 19.3565407 ], [ -99.1343965, 19.3565465 ] ] ] } },
{ "type": "Feature", "properties": { "CVEGEO": "09004", "CVE_ENT": "09", "CVE_MUN": "004", "NOMGEO": "Cuajimalpa de Morelos" }, "geometry": { "type": "Polygon", "coordinates": [ [ [ -99.2574386, 19.4012236 ], [ -99.2576223, 19.4015252 ], [ -99.2576529, 19.4015755 ], [ -99.2576634, 19.4015927 ], [ -99.2576703, 19.4016045 ], [ -99.2577797, 19.4017905 ], [ -99.2581322, 19.4023899 ], [ -99.258154499999989, 19.4024278 ], [ -99.2582337, 19.4025264 ], [ -99.258268500000014, 19.4026842 ], [ -99.2582425, 19.4030898 ], [ -99.2580054, 19.4039644 ], [ -99.257778699999989, 19.4042848 ], [ -99.257724, 19.4045086 ], [ -99.2577229, 19.4046793 ], [ -99.2576977, 19.404848 ], [ -99.2578842, 19.4048432 ], [ -99.25813, 19.4047635 ], [ -99.258679, 19.4040605 ], [ -99.2588254, 19.4037489 ], [ -99.2589409, 19.4032767 ], [ -99.2590422, 19.4024843 ], [ -99.2592258, 19.401765 ], [ -99.2590742, 19.4014628 ], [ -99.2592671, 19.4011852 ], [ -99.2594816, 19.400932 ], [ -99.2598705, 19.4005401 ], [ -99.2604532, 19.4002511 ], [ -99.2609093, 19.3999582 ], [ -99.2611402, 19.3996473 ], [ -99.2612177, 19.3993393 ], [ -99.2613041, 19.3990391 ], [ -99.2613755, 19.3988515 ], [ -99.2614558, 19.3985045 ], [ -99.2614608, 19.3982612 ], [ -99.2614136, 19.3978527 ], [ -99.2612715, 19.3974037 ], [ -99.2613277, 19.397287 ], [ -99.2613856, 19.3970382 ], [ -99.2615553, 19.3970105 ], [ -99.2615767, 19.3966868 ], [ -99.2617185, 19.3964615 ], [ -99.2617179, 19.3959889 ], [ -99.2645046, 19.3941827 ], [ -99.2645109, 19.394083 ], [ -99.2645149, 19.3940624 ], [ -99.2645429, 19.3940048 ], [ -99.2645724, 19.3939443 ], [ -99.264621, 19.393866 ], [ -99.2646964, 19.3938009 ], [ -99.264791699999989, 19.3937538 ], [ -99.2649131, 19.3937264 ], [ -99.2650157, 19.3937176 ], [ -99.2651021, 19.3937272 ], [ -99.2651097, 19.3931948 ], [ -99.2660003, 19.3931953 ], [ -99.2659896, 19.3927381 ], [ -99.2671037, 19.392071 ], [ -99.2673586, 19.3923309 ], [ -99.267611, 19.392415 ], [ -99.267959, 19.3924035 ], [ -99.2681593, 19.3924491 ], [ -99.268312, 19.3921349 ], [ -99.2685625, 19.3919349 ], [ -99.2689937, 19.3916798 ], [ -99.2692527, 19.3915627 ], [ -99.2694774, 19.3913623 ], [ -99.2696187, 19.3910067 ], [ -99.2695907, 19.3907875 ], [ -99.2695381, 19.3906318 ], [ -99.269569499999989, 19.3903838 ], [ -99.2697714, 19.3902666 ], [ -99.270223700000017, 19.3901115 ], [ -99.2702356, 19.3901089 ], [ -99.270293200000012, 19.3900962 ], [ -99.2709121, 19.3899593 ], [ -99.2710405, 19.389931 ], [ -99.2718371, 19.3897362 ], [ -99.2724325, 19.3896784 ], [ -99.2727758, 19.3893799 ], [ -99.272906100000014, 19.3890217 ], [ -99.2729747, 19.3885497 ], [ -99.2730025, 19.3883521 ], [ -99.273215, 19.3875869 ], [ -99.2736028, 19.3872399 ], [ -99.2736851, 19.3870367 ], [ -99.2756714, 19.3855 ], [ -99.2760694, 19.3851921 ], [ -99.276043, 19.3855822 ], [ -99.2784737, 19.3837238 ], [ -99.2787152, 19.3835391 ], [ -99.2791211, 19.3832288 ], [ -99.2795221, 19.3828074 ], [ -99.279677, 19.3826446 ], [ -99.2800351, 19.3822682 ], [ -99.2801833, 19.3822007 ], [ -99.280187399999988, 19.3821988 ], [ -99.2805287, 19.3820432 ], [ -99.2817729, 19.3814761 ], [ -99.2818472, 19.3814711 ], [ -99.282830499999989, 19.381404 ], [ -99.2830569, 19.3809371 ], [ -99.2832062, 19.3806293 ], [ -99.2832106, 19.3806201 ], [ -99.2832978, 19.3804403 ], [ -99.2837711, 19.379978 ], [ -99.2838113, 19.379668 ], [ -99.2842312, 19.3797915 ], [ -99.2844605, 19.3797609 ], [ -99.2845687, 19.3796883 ], [ -99.2846764, 19.3793498 ], [ -99.2848457, 19.3791114 ], [ -99.285044, 19.3790509 ], [ -99.2851109, 19.3788691 ], [ -99.2850719, 19.3779992 ], [ -99.2856686, 19.3776311 ], [ -99.2857079, 19.3772465 ], [ -99.285697, 19.3764391 ], [ -99.2861348, 19.3764319 ], [ -99.2862231, 19.3764304 ], [ -99.2863962, 19.3764335 ], [ -99.2869093, 19.3765021 ], [ -99.2876679, 19.3766822 ], [ -99.2878083, 19.3763564 ], [ -99.2878463, 19.3762683 ], [ -99.2880525, 19.3757896 ], [ -99.2881073, 19.375727 ], [ -99.2882827, 19.3755271 ], [ -99.2886445, 19.3751146 ], [ -99.288769, 19.3751247 ], [ -99.2889467, 19.3751391 ], [ -99.2890164, 19.3751448 ], [ -99.289270699999989, 19.3751654 ], [ -99.2895722, 19.3751898 ], [ -99.2897154, 19.3749966 ], [ -99.2897976, 19.374999 ], [ -99.2900262, 19.3750056 ], [ -99.2901258, 19.3750085 ], [ -99.2906139, 19.3750225 ], [ -99.2907693, 19.3743173 ], [ -99.2910696, 19.3740209 ], [ -99.2911368, 19.3738411 ], [ -99.2911757, 19.3734872 ], [ -99.2916432, 19.3734914 ], [ -99.2918308, 19.3733968 ], [ -99.2920552, 19.3732836 ], [ -99.2922378, 19.3730792 ], [ -99.2922993, 19.3730103 ], [ -99.292612, 19.3726601 ], [ -99.2929217, 19.3723367 ], [ -99.293155399999989, 19.3720221 ], [ -99.293233199999989, 19.3719174 ], [ -99.2934157, 19.3712068 ], [ -99.2937579, 19.3704412 ], [ -99.2938894, 19.3701472 ], [ -99.2938971, 19.3701441 ], [ -99.294138, 19.370048 ], [ -99.2941387, 19.3700477 ], [ -99.294139300000012, 19.3700475 ], [ -99.294140500000012, 19.370047 ], [ -99.2944478, 19.3699244 ], [ -99.2947713, 19.3698647 ], [ -99.2949459, 19.3697131 ], [ -99.2950772, 19.3695851 ], [ -99.2953129, 19.3693776 ], [ -99.2955873, 19.3690773 ], [ -99.2957619, 19.3691054 ], [ -99.2958108, 19.3691133 ], [ -99.2958162, 19.3691141 ], [ -99.2962384, 19.3691821 ], [ -99.2963156, 19.3691945 ], [ -99.2963304, 19.3691969 ], [ -99.2965572, 19.3692334 ], [ -99.2969473, 19.3693104 ], [ -99.2974726, 19.369414 ], [ -99.2979171, 19.3693249 ], [ -99.2981665, 19.3691867 ], [ -99.2981748, 19.3691773 ], [ -99.2982684, 19.3690716 ], [ -99.2984246, 19.3688954 ], [ -99.2984384, 19.3688798 ], [ -99.2986242, 19.368494 ], [ -99.2987168, 19.3683017 ], [ -99.2990198, 19.3675153 ], [ -99.299683, 19.3681705 ], [ -99.3004151, 19.3688939 ], [ -99.3004159, 19.3688946 ], [ -99.3004174, 19.3688961 ], [ -99.3005616, 19.3690385 ], [ -99.3005823, 19.369059 ], [ -99.3012316, 19.3697005 ], [ -99.3009962, 19.3701017 ], [ -99.3008867, 19.3706181 ], [ -99.300944199999989, 19.3712223 ], [ -99.3009631, 19.3717692 ], [ -99.3009966, 19.3719431 ], [ -99.3011504, 19.3722331 ], [ -99.3012589, 19.3730202 ], [ -99.3013574, 19.3738353 ], [ -99.3015572, 19.3749243 ], [ -99.3019384, 19.3757569 ], [ -99.30185010000001, 19.3759433 ], [ -99.3015907, 19.3764901 ], [ -99.3015672, 19.3765395 ], [ -99.3015493, 19.3765774 ], [ -99.3013091, 19.3770838 ], [ -99.3014469, 19.3771312 ], [ -99.3014754, 19.3771409 ], [ -99.3015026, 19.3771503 ], [ -99.3015567, 19.3771688 ], [ -99.3016281, 19.3771933 ], [ -99.3017367, 19.3772306 ], [ -99.3018441, 19.3772675 ], [ -99.3019147, 19.3772917 ], [ -99.3021378, 19.3773683 ], [ -99.3034777, 19.3778281 ], [ -99.3034834, 19.37783 ], [ -99.3042652, 19.3773181 ], [ -99.3042766, 19.3773106 ], [ -99.304291, 19.3773012 ], [ -99.3050053, 19.3768334 ], [ -99.3051238, 19.3764917 ], [ -99.3051848, 19.3763159 ], [ -99.3061269, 19.3735999 ], [ -99.3077649, 19.3715612 ], [ -99.3085587, 19.3715736 ], [ -99.3092807, 19.3715848 ], [ -99.3097027, 19.3712365 ], [ -99.3097775, 19.3711748 ], [ -99.3107069, 19.3704077 ], [ -99.3110944, 19.3704143 ], [ -99.311903, 19.3704283 ], [ -99.313087599999989, 19.3704487 ], [ -99.3138084, 19.3693011 ], [ -99.3140636, 19.3683928 ], [ -99.3145284, 19.3672406 ], [ -99.3153897, 19.3658883 ], [ -99.3168615, 19.3663065 ], [ -99.3176076, 19.3657295 ], [ -99.3180495, 19.3648209 ], [ -99.3181041, 19.3642935 ], [ -99.3181182, 19.3641565 ], [ -99.3189285, 19.3638502 ], [ -99.3193496, 19.363691 ], [ -99.3195428, 19.363618 ], [ -99.320699, 19.3604438 ], [ -99.318134, 19.3581564 ], [ -99.3185449, 19.3579948 ], [ -99.3187649, 19.3578451 ], [ -99.3191522, 19.3576282 ], [ -99.3201083, 19.357715 ], [ -99.3201437, 19.3577416 ], [ -99.3204378, 19.3579625 ], [ -99.3207523, 19.3581987 ], [ -99.321555, 19.3585085 ], [ -99.3220421, 19.3586203 ], [ -99.3222191, 19.3586609 ], [ -99.3228287, 19.3584991 ], [ -99.3232858, 19.3583377 ], [ -99.3237635, 19.3579526 ], [ -99.3241457, 19.357335 ], [ -99.3246763, 19.356416 ], [ -99.3250386, 19.3560251 ], [ -99.3250547, 19.3557203 ], [ -99.3253008, 19.3555345 ], [ -99.3255277, 19.3552582 ], [ -99.3257121, 19.3550012 ], [ -99.3258466, 19.3545931 ], [ -99.326392, 19.3536716 ], [ -99.3267309, 19.3538223 ], [ -99.3274313, 19.3541337 ], [ -99.327668, 19.3540434 ], [ -99.3277046, 19.3536363 ], [ -99.3280412, 19.3533584 ], [ -99.3284844, 19.3530924 ], [ -99.3286741, 19.35268 ], [ -99.3288242, 19.3521046 ], [ -99.3286461, 19.3513815 ], [ -99.3287176, 19.3510076 ], [ -99.3287568, 19.3506432 ], [ -99.3288515, 19.3503562 ], [ -99.328636, 19.3499654 ], [ -99.3284221, 19.3497064 ], [ -99.3283269, 19.3494873 ], [ -99.3283934, 19.3491388 ], [ -99.3284578, 19.3489037 ], [ -99.3285852, 19.3484995 ], [ -99.3286206, 19.3483075 ], [ -99.3286965, 19.3478966 ], [ -99.328531, 19.3476088 ], [ -99.3284473, 19.3468192 ], [ -99.3287982, 19.3460384 ], [ -99.3288813, 19.3456244 ], [ -99.3282723, 19.3452024 ], [ -99.3284799, 19.3447171 ], [ -99.3287069, 19.344251 ], [ -99.328754300000014, 19.3438569 ], [ -99.3289372, 19.3436156 ], [ -99.3290279, 19.3433792 ], [ -99.3291614, 19.3429173 ], [ -99.3294878, 19.3422697 ], [ -99.3297274, 19.3416225 ], [ -99.3302006, 19.3411241 ], [ -99.3303305, 19.3409872 ], [ -99.3306664, 19.3400632 ], [ -99.331152, 19.3397756 ], [ -99.3311916, 19.3394279 ], [ -99.3311904, 19.3387922 ], [ -99.3314648, 19.3384266 ], [ -99.331591800000012, 19.3381091 ], [ -99.3316882, 19.3377935 ], [ -99.3316433, 19.3366322 ], [ -99.3318206, 19.3355372 ], [ -99.331914900000015, 19.3349543 ], [ -99.332307, 19.3335181 ], [ -99.3327948, 19.3324157 ], [ -99.3334279, 19.3313711 ], [ -99.3338421, 19.3305904 ], [ -99.3566078, 19.3066758 ], [ -99.3563686, 19.3033334 ], [ -99.3562742, 19.3020145 ], [ -99.3499853, 19.2968372 ], [ -99.3534978, 19.2974018 ], [ -99.3529238, 19.2960474 ], [ -99.3516927, 19.2952494 ], [ -99.3516927, 19.2952493 ], [ -99.3512559, 19.2949661 ], [ -99.3512567, 19.2949631 ], [ -99.3512568, 19.2949628 ], [ -99.3514921, 19.2941524 ], [ -99.351954299999989, 19.2941405 ], [ -99.3524138, 19.2939941 ], [ -99.3529984, 19.2936493 ], [ -99.3532767, 19.2934768 ], [ -99.3534716, 19.2933839 ], [ -99.354536, 19.293288 ], [ -99.353581300000016, 19.2919343 ], [ -99.3649242, 19.2777693 ], [ -99.3619219, 19.2757419 ], [ -99.356128399999989, 19.2749893 ], [ -99.3482137, 19.273961 ], [ -99.3475125, 19.2730267 ], [ -99.346479, 19.2722294 ], [ -99.3462968, 19.2720221 ], [ -99.3461511, 19.2713079 ], [ -99.3458457, 19.2708068 ], [ -99.34552450000001, 19.2704374 ], [ -99.3451284, 19.2699922 ], [ -99.3446866, 19.2694752 ], [ -99.3440752, 19.2691158 ], [ -99.3437085, 19.268962 ], [ -99.3434912, 19.2688723 ], [ -99.3430597, 19.2685477 ], [ -99.3427776, 19.2684747 ], [ -99.3422544, 19.2682914 ], [ -99.3419106, 19.2681787 ], [ -99.341552, 19.2680943 ], [ -99.340939, 19.2677978 ], [ -99.3391599, 19.2676971 ], [ -99.3376298, 19.26404 ], [ -99.3398572, 19.2596529 ], [ -99.3413169, 19.2521495 ], [ -99.3420687, 19.2475392 ], [ -99.342341, 19.2411224 ], [ -99.335772, 19.2393271 ], [ -99.3308215, 19.2379353 ], [ -99.330474, 19.2374805 ], [ -99.3267196, 19.2325656 ], [ -99.3243203, 19.2326098 ], [ -99.3243559, 19.234307 ], [ -99.3242283, 19.2383379 ], [ -99.3235197, 19.2507429 ], [ -99.3235203, 19.2513913 ], [ -99.3236779, 19.2642744 ], [ -99.3236432, 19.2650867 ], [ -99.3187846, 19.2732249 ], [ -99.3177897, 19.2743358 ], [ -99.3173836, 19.2748707 ], [ -99.317189, 19.2756737 ], [ -99.317118799999989, 19.2761713 ], [ -99.3171553, 19.2770462 ], [ -99.3168486, 19.2776605 ], [ -99.3169211, 19.2782465 ], [ -99.3167016, 19.2793051 ], [ -99.3162715, 19.279768 ], [ -99.3161313, 19.2807846 ], [ -99.3157293, 19.2821993 ], [ -99.315732, 19.2828919 ], [ -99.3158173, 19.28371 ], [ -99.3162496, 19.2843963 ], [ -99.3166739, 19.2861364 ], [ -99.31658010000001, 19.2871821 ], [ -99.3161981, 19.2876993 ], [ -99.3160403, 19.2886988 ], [ -99.3157351, 19.2899031 ], [ -99.3161423, 19.29031 ], [ -99.3165575, 19.2908777 ], [ -99.3166811, 19.2917145 ], [ -99.3169602, 19.2923239 ], [ -99.3170448, 19.2926065 ], [ -99.3171069, 19.2931139 ], [ -99.3171227, 19.2934039 ], [ -99.3170697, 19.2936433 ], [ -99.3170245, 19.2939697 ], [ -99.317109, 19.2942523 ], [ -99.3169548, 19.2946473 ], [ -99.3171541, 19.2950865 ], [ -99.317160199999989, 19.2958165 ], [ -99.3169526, 19.2964753 ], [ -99.3167718, 19.2970164 ], [ -99.316464, 19.2974187 ], [ -99.3163592, 19.2977493 ], [ -99.316233700000012, 19.2981134 ], [ -99.3162333, 19.2983408 ], [ -99.3161103, 19.2986362 ], [ -99.3160128, 19.2988105 ], [ -99.3159366, 19.2989848 ], [ -99.3158933, 19.2991735 ], [ -99.315947, 19.2993761 ], [ -99.3161493, 19.2995948 ], [ -99.3162888, 19.299731 ], [ -99.3164, 19.2998756 ], [ -99.316437, 19.299953 ], [ -99.3164371, 19.2999972 ], [ -99.3164081, 19.3000544 ], [ -99.3161052, 19.3002583 ], [ -99.3157747, 19.3005328 ], [ -99.3154355, 19.300881 ], [ -99.3151432, 19.3012861 ], [ -99.3147976, 19.3014285 ], [ -99.3146907, 19.3014527 ], [ -99.3144102, 19.3013789 ], [ -99.314141299999989, 19.3013794 ], [ -99.3139889, 19.3014406 ], [ -99.3139169, 19.3015893 ], [ -99.3138721, 19.3019434 ], [ -99.313915400000013, 19.3025229 ], [ -99.3138846, 19.3030685 ], [ -99.313604399999988, 19.3035925 ], [ -99.3132649, 19.3039326 ], [ -99.3130951, 19.3040887 ], [ -99.3128767, 19.3041784 ], [ -99.3122804, 19.3041685 ], [ -99.3120951, 19.3041688 ], [ -99.3119727, 19.3043394 ], [ -99.3120273, 19.3045532 ], [ -99.3121402, 19.3049269 ], [ -99.3122809, 19.3052296 ], [ -99.312228800000014, 19.3055509 ], [ -99.3120544, 19.3059617 ], [ -99.311931, 19.3063962 ], [ -99.3117873, 19.3065644 ], [ -99.3115719, 19.3068051 ], [ -99.3114119, 19.3068979 ], [ -99.3113319, 19.3069036 ], [ -99.311204, 19.3068762 ], [ -99.3109725, 19.3067953 ], [ -99.3108837, 19.3067446 ], [ -99.310806, 19.3067342 ], [ -99.3107487, 19.3067606 ], [ -99.310686, 19.3068099 ], [ -99.3106334, 19.3068904 ], [ -99.3104657, 19.3073759 ], [ -99.310417, 19.307456 ], [ -99.3103697, 19.3074996 ], [ -99.310329, 19.3075338 ], [ -99.3102766, 19.3075615 ], [ -99.3102149, 19.3075805 ], [ -99.3101538, 19.3075785 ], [ -99.3101091, 19.3075503 ], [ -99.3095069, 19.3069579 ], [ -99.3094219, 19.306779 ], [ -99.3093559, 19.3064833 ], [ -99.3093322, 19.3061874 ], [ -99.3093586, 19.3058696 ], [ -99.3094441, 19.3056006 ], [ -99.3094415, 19.305518 ], [ -99.3094194, 19.3054567 ], [ -99.3093706, 19.3053726 ], [ -99.3092935, 19.3052685 ], [ -99.3092077, 19.3051998 ], [ -99.309124, 19.3051415 ], [ -99.3090404, 19.3051041 ], [ -99.3089613, 19.3050855 ], [ -99.3088887, 19.3050856 ], [ -99.308792, 19.3050962 ], [ -99.3086275, 19.3051567 ], [ -99.3083679, 19.3053069 ], [ -99.3081633, 19.3054378 ], [ -99.3079793, 19.3055651 ], [ -99.3078466, 19.3057473 ], [ -99.3077503, 19.3059388 ], [ -99.3075587, 19.3064962 ], [ -99.3073914, 19.3068885 ], [ -99.3073938, 19.3078234 ], [ -99.307359, 19.3078712 ], [ -99.3073112, 19.3079172 ], [ -99.3072543, 19.3079531 ], [ -99.3071814, 19.3079658 ], [ -99.3071056, 19.3079808 ], [ -99.3070201, 19.3079683 ], [ -99.3069623, 19.3079376 ], [ -99.306423200000012, 19.307286 ], [ -99.3063729, 19.3072394 ], [ -99.3063077, 19.3072053 ], [ -99.3062435, 19.3071879 ], [ -99.3061889, 19.3071771 ], [ -99.3061335, 19.3071694 ], [ -99.3060857, 19.3071715 ], [ -99.3060298, 19.3071857 ], [ -99.3059648, 19.3072092 ], [ -99.3059077, 19.3072472 ], [ -99.3058492, 19.3073203 ], [ -99.3057876, 19.3073993 ], [ -99.305760299999989, 19.3074521 ], [ -99.3056051, 19.3077944 ], [ -99.3053968, 19.3082442 ], [ -99.3050682, 19.3089797 ], [ -99.3050287, 19.3090635 ], [ -99.3049575, 19.3091375 ], [ -99.3049139, 19.3091703 ], [ -99.304862899999989, 19.309198 ], [ -99.3048224, 19.309203 ], [ -99.3047157, 19.3092052 ], [ -99.3045153, 19.3093109 ], [ -99.3044621, 19.3093732 ], [ -99.3043853, 19.3093957 ], [ -99.3042909, 19.3094211 ], [ -99.303957, 19.3100174 ], [ -99.3036615, 19.3106207 ], [ -99.3034524, 19.3110172 ], [ -99.303418799999989, 19.3110631 ], [ -99.3033628, 19.311106 ], [ -99.3033018, 19.3111441 ], [ -99.3032595, 19.3111524 ], [ -99.3032122, 19.3111513 ], [ -99.303157399999989, 19.3111383 ], [ -99.3031212, 19.3111231 ], [ -99.3030988, 19.3111054 ], [ -99.3030589, 19.3110747 ], [ -99.3030247, 19.3110417 ], [ -99.3027671, 19.3107829 ], [ -99.302569, 19.3105771 ], [ -99.3020207, 19.3098829 ], [ -99.301712099999989, 19.3095118 ], [ -99.301614199999989, 19.3094823 ], [ -99.3014821, 19.3094461 ], [ -99.3014553, 19.3094381 ], [ -99.3013951, 19.3094382 ], [ -99.3013296, 19.3094583 ], [ -99.30129, 19.3095095 ], [ -99.301265199999989, 19.3095756 ], [ -99.3012581, 19.3096742 ], [ -99.3012555, 19.3110043 ], [ -99.301266200000015, 19.3113563 ], [ -99.3011729, 19.3119013 ], [ -99.301114399999989, 19.312108 ], [ -99.3010901, 19.3122073 ], [ -99.3010298, 19.3122693 ], [ -99.3009756, 19.312296 ], [ -99.3009152, 19.3123193 ], [ -99.300538, 19.3124269 ], [ -99.3004902, 19.3124531 ], [ -99.3004717, 19.3124936 ], [ -99.3003208, 19.3128692 ], [ -99.3001406, 19.3133431 ], [ -99.300076, 19.3135469 ], [ -99.3000469, 19.3137526 ], [ -99.3000368, 19.3139728 ], [ -99.3001028, 19.3143567 ], [ -99.3002309, 19.3145849 ], [ -99.3004381, 19.3150831 ], [ -99.3006275, 19.3155982 ], [ -99.3007344, 19.3160745 ], [ -99.301138, 19.3169074 ], [ -99.3011346, 19.3170517 ], [ -99.3011548, 19.3171752 ], [ -99.3011904, 19.317465 ], [ -99.3012588, 19.3177126 ], [ -99.3013222, 19.317808 ], [ -99.3013766, 19.3178669 ], [ -99.301759, 19.3181949 ], [ -99.3017894, 19.3182508 ], [ -99.3018054, 19.3183046 ], [ -99.301795, 19.3184124 ], [ -99.3017756, 19.3184916 ], [ -99.3017438, 19.3185438 ], [ -99.3016905, 19.3185948 ], [ -99.301610599999989, 19.3186101 ], [ -99.3015078, 19.3186153 ], [ -99.3013436, 19.3186193 ], [ -99.3012495, 19.3187162 ], [ -99.3011891, 19.3188654 ], [ -99.3011732, 19.3189738 ], [ -99.3011377, 19.3190721 ], [ -99.3011031, 19.3192386 ], [ -99.3011098, 19.319448 ], [ -99.3010544, 19.3196603 ], [ -99.3009883, 19.3197897 ], [ -99.3008473, 19.3199159 ], [ -99.3007978, 19.3200332 ], [ -99.3007312, 19.320135 ], [ -99.3006684, 19.320213 ], [ -99.3005972, 19.3204492 ], [ -99.3005942, 19.3206099 ], [ -99.3006291, 19.3209187 ], [ -99.3005871, 19.3211413 ], [ -99.3005595, 19.3213203 ], [ -99.3004999, 19.3214795 ], [ -99.3005002, 19.3216391 ], [ -99.300548, 19.3217813 ], [ -99.3005623, 19.3219108 ], [ -99.3005716, 19.3220301 ], [ -99.3005715, 19.3221299 ], [ -99.3005628, 19.3221895 ], [ -99.3005294, 19.3222541 ], [ -99.3005126, 19.3222674 ], [ -99.3005125, 19.3222675 ], [ -99.3004663, 19.3223041 ], [ -99.3004093, 19.3223277 ], [ -99.300345299999989, 19.3223391 ], [ -99.3002161, 19.3223247 ], [ -99.3001678, 19.322301 ], [ -99.3001058, 19.3222549 ], [ -99.3000428, 19.3221755 ], [ -99.2998082, 19.3218973 ], [ -99.2997419, 19.3217439 ], [ -99.2996149, 19.3215071 ], [ -99.2993152, 19.3212843 ], [ -99.2990785, 19.3211874 ], [ -99.2989954, 19.3210604 ], [ -99.2988489, 19.3206774 ], [ -99.298812, 19.3204716 ], [ -99.2986918, 19.3199395 ], [ -99.2985707, 19.3196874 ], [ -99.2984043, 19.3194402 ], [ -99.2982769, 19.3193093 ], [ -99.2981591, 19.3191855 ], [ -99.2979726, 19.3190968 ], [ -99.297709400000016, 19.3189874 ], [ -99.297535599999989, 19.3189469 ], [ -99.2973362, 19.3189129 ], [ -99.2970985, 19.3188506 ], [ -99.296883799999989, 19.3187583 ], [ -99.296739699999989, 19.3186341 ], [ -99.2964284, 19.3182291 ], [ -99.2964014, 19.3181115 ], [ -99.2963942, 19.3179991 ], [ -99.2964439, 19.3177879 ], [ -99.2965435, 19.3174692 ], [ -99.2965544, 19.3173806 ], [ -99.2965186, 19.3172958 ], [ -99.2964614, 19.3172294 ], [ -99.2963454, 19.3171734 ], [ -99.2961248, 19.3171984 ], [ -99.2959152, 19.3173077 ], [ -99.2956718, 19.3174814 ], [ -99.2955747, 19.3175503 ], [ -99.2954675, 19.3175637 ], [ -99.2953592, 19.3175359 ], [ -99.2952676, 19.3174497 ], [ -99.2951658, 19.3173028 ], [ -99.2949934, 19.3170168 ], [ -99.2949212, 19.3169455 ], [ -99.294846299999989, 19.3169188 ], [ -99.2947727, 19.3169157 ], [ -99.2947404, 19.3169143 ], [ -99.2945758, 19.3170057 ], [ -99.2945354, 19.3170924 ], [ -99.2945185, 19.3171287 ], [ -99.2943765, 19.3174159 ], [ -99.294272299999989, 19.3176402 ], [ -99.2941849, 19.3178353 ], [ -99.2939898, 19.3182767 ], [ -99.2938926, 19.3185012 ], [ -99.2938071, 19.3187074 ], [ -99.2937595, 19.3188315 ], [ -99.2937176, 19.3189685 ], [ -99.293616899999989, 19.3195647 ], [ -99.2935638, 19.31988 ], [ -99.2934383, 19.3201682 ], [ -99.2933225, 19.32034 ], [ -99.293143500000014, 19.3205311 ], [ -99.2929871, 19.3206589 ], [ -99.2928059, 19.3207922 ], [ -99.2925931, 19.3209037 ], [ -99.2923898, 19.3209781 ], [ -99.2921599, 19.3210332 ], [ -99.2919787, 19.3210637 ], [ -99.2917588, 19.3211031 ], [ -99.291425, 19.3211668 ], [ -99.2910165, 19.3212539 ], [ -99.2907537, 19.3213282 ], [ -99.2907031, 19.3213495 ], [ -99.2905725, 19.3214548 ], [ -99.2904842, 19.3215693 ], [ -99.2904514, 19.3216621 ], [ -99.2904286, 19.3217617 ], [ -99.2904227, 19.3218953 ], [ -99.2904368, 19.3220106 ], [ -99.2904957, 19.3221348 ], [ -99.2905638, 19.3222246 ], [ -99.2906705, 19.3223155 ], [ -99.2908413, 19.3224137 ], [ -99.2911633, 19.3225247 ], [ -99.2913022, 19.3226164 ], [ -99.2913653, 19.3226702 ], [ -99.2914254, 19.3227404 ], [ -99.2914821, 19.3228437 ], [ -99.2914972, 19.3228896 ], [ -99.2915141, 19.3229408 ], [ -99.2915314, 19.3229936 ], [ -99.2915839, 19.323301 ], [ -99.2916145, 19.3234608 ], [ -99.291646200000017, 19.3236431 ], [ -99.2916696, 19.3237774 ], [ -99.2917412, 19.3242079 ], [ -99.291753899999989, 19.3243604 ], [ -99.2917619, 19.3244705 ], [ -99.2917523, 19.3246629 ], [ -99.2917117, 19.3248664 ], [ -99.2916541, 19.325035 ], [ -99.2916058, 19.3251341 ], [ -99.2915814, 19.3251842 ], [ -99.291487, 19.3253521 ], [ -99.2913703, 19.325528 ], [ -99.2913384, 19.325576 ], [ -99.2909298, 19.3263487 ], [ -99.2908088, 19.3265775 ], [ -99.2907824, 19.3266489 ], [ -99.2907765, 19.3267915 ], [ -99.2907747, 19.3269577 ], [ -99.290799, 19.3270597 ], [ -99.2911208, 19.3278329 ], [ -99.291267, 19.3281843 ], [ -99.2913595, 19.3284473 ], [ -99.291389400000014, 19.3286756 ], [ -99.291366599999989, 19.3288404 ], [ -99.2913223, 19.3289909 ], [ -99.2912643, 19.3291573 ], [ -99.2911767, 19.3293537 ], [ -99.2908645, 19.3297999 ], [ -99.2903178, 19.3305568 ], [ -99.2901477, 19.330793 ], [ -99.2897366, 19.331705 ], [ -99.2894563, 19.3320996 ], [ -99.2894392, 19.3321195 ], [ -99.2894221, 19.3321393 ], [ -99.288866399999989, 19.3327848 ], [ -99.288552, 19.3330854 ], [ -99.2883232, 19.333304 ], [ -99.2882557, 19.3333612 ], [ -99.2881714, 19.3334155 ], [ -99.288072500000013, 19.3334594 ], [ -99.2879599, 19.3334781 ], [ -99.287894, 19.3334718 ], [ -99.287828, 19.333448 ], [ -99.2877747, 19.3334119 ], [ -99.2877296, 19.3333664 ], [ -99.2876952, 19.3333086 ], [ -99.2876708, 19.3332307 ], [ -99.2876569, 19.3331534 ], [ -99.2876577, 19.3330634 ], [ -99.2876822, 19.3329629 ], [ -99.2876829, 19.3329598 ], [ -99.287858899999989, 19.3325106 ], [ -99.2880971, 19.3320155 ], [ -99.2881866, 19.3318309 ], [ -99.288198, 19.3318027 ], [ -99.2882892, 19.3315759 ], [ -99.2883706, 19.3313223 ], [ -99.2883955, 19.3311344 ], [ -99.2883716, 19.330908 ], [ -99.2883227, 19.3306698 ], [ -99.2881978, 19.3304909 ], [ -99.2880731, 19.3303817 ], [ -99.287990900000011, 19.3303005 ], [ -99.2878757, 19.3302233 ], [ -99.2874325, 19.3300121 ], [ -99.287101299999989, 19.329857 ], [ -99.2869101, 19.3297755 ], [ -99.2867747, 19.3297389 ], [ -99.2866986, 19.3297708 ], [ -99.2867812, 19.3298515 ], [ -99.2871054, 19.3302 ], [ -99.2871137, 19.3302085 ], [ -99.2873302, 19.3304321 ], [ -99.2874125, 19.3305477 ], [ -99.2874161, 19.3305547 ], [ -99.2874271, 19.3305763 ], [ -99.287473, 19.3306663 ], [ -99.2875163, 19.3308208 ], [ -99.2875263, 19.3309538 ], [ -99.2875234, 19.3309911 ], [ -99.2875199, 19.3310365 ], [ -99.287497699999989, 19.3311493 ], [ -99.2874399, 19.3312955 ], [ -99.287297, 19.3315792 ], [ -99.2869308, 19.332323 ], [ -99.2868395, 19.3324945 ], [ -99.2867675, 19.3326297 ], [ -99.2865304, 19.3331179 ], [ -99.286289, 19.3335846 ], [ -99.2859854, 19.3342449 ], [ -99.285192400000014, 19.3361137 ], [ -99.2851206, 19.3362684 ], [ -99.285086299999989, 19.3363218 ], [ -99.2850503, 19.3363779 ], [ -99.2849515, 19.3364721 ], [ -99.284849200000011, 19.3365365 ], [ -99.284714, 19.3366148 ], [ -99.2846038, 19.3366465 ], [ -99.2844777, 19.3366647 ], [ -99.2843332, 19.3366761 ], [ -99.2839602, 19.336625 ], [ -99.283815, 19.3366037 ], [ -99.283574699999988, 19.336531 ], [ -99.2832996, 19.3364149 ], [ -99.2831561, 19.3363274 ], [ -99.2830206, 19.3362371 ], [ -99.2823825, 19.3358003 ], [ -99.28222550000001, 19.3357164 ], [ -99.2820755, 19.3356491 ], [ -99.281966700000012, 19.3356072 ], [ -99.2818371, 19.3355537 ], [ -99.2806513, 19.3352105 ], [ -99.2804978, 19.3351758 ], [ -99.2803813, 19.3351825 ], [ -99.2802983, 19.3351991 ], [ -99.2802106, 19.335232 ], [ -99.2801404, 19.3352868 ], [ -99.2800905, 19.3353585 ], [ -99.280062, 19.3354545 ], [ -99.2800304, 19.3360981 ], [ -99.2800542, 19.336248 ], [ -99.2801079, 19.3363609 ], [ -99.2801575, 19.3364553 ], [ -99.2802172, 19.3365281 ], [ -99.2806092, 19.3367327 ], [ -99.2809644, 19.3369202 ], [ -99.2810588, 19.3370065 ], [ -99.2811215, 19.3370991 ], [ -99.2811599, 19.3372123 ], [ -99.28116820000001, 19.3373289 ], [ -99.2811563, 19.3374341 ], [ -99.2809559, 19.3373801 ], [ -99.2806391, 19.3373372 ], [ -99.2803139, 19.3373515 ], [ -99.2800375, 19.3374255 ], [ -99.2798672, 19.33757 ], [ -99.2796479, 19.3376291 ], [ -99.2792078, 19.3376045 ], [ -99.278843900000012, 19.3376735 ], [ -99.2784982, 19.3377338 ], [ -99.2780062, 19.3379555 ], [ -99.27732, 19.3383105 ], [ -99.2765817, 19.3386002 ], [ -99.2759878, 19.3388628 ], [ -99.2753934, 19.339074 ], [ -99.2750217, 19.3392575 ], [ -99.2745084, 19.3394507 ], [ -99.274214199999989, 19.3395506 ], [ -99.2738758, 19.3397595 ], [ -99.2736032, 19.3399134 ], [ -99.2733064, 19.3400591 ], [ -99.2731293, 19.340115 ], [ -99.2729609, 19.3401537 ], [ -99.27285, 19.340209 ], [ -99.2726704, 19.3403335 ], [ -99.2724938, 19.3404438 ], [ -99.2723289, 19.3405196 ], [ -99.2720827, 19.3406047 ], [ -99.2717707, 19.3407419 ], [ -99.2714378, 19.3408907 ], [ -99.2706964, 19.3411661 ], [ -99.2703611, 19.3413807 ], [ -99.269980499999988, 19.3415813 ], [ -99.2698375, 19.3417514 ], [ -99.2694877, 19.3420147 ], [ -99.2693493, 19.3420387 ], [ -99.2691617, 19.341946 ], [ -99.2689381, 19.3418823 ], [ -99.2688295, 19.3418632 ], [ -99.2687269, 19.3418498 ], [ -99.2686395, 19.3418448 ], [ -99.2685461, 19.3418457 ], [ -99.2684801, 19.3418691 ], [ -99.268417, 19.3418897 ], [ -99.2683811, 19.3419158 ], [ -99.2683454, 19.341959 ], [ -99.2683036, 19.3419965 ], [ -99.268231700000015, 19.3420458 ], [ -99.2681779, 19.3420863 ], [ -99.267984399999989, 19.3423167 ], [ -99.2676449, 19.3427172 ], [ -99.2673485, 19.3432146 ], [ -99.267099, 19.3435742 ], [ -99.2669326, 19.3438131 ], [ -99.2668351, 19.3440113 ], [ -99.2667755, 19.3440747 ], [ -99.2666223, 19.3441247 ], [ -99.2665229, 19.3441198 ], [ -99.2663782, 19.3441068 ], [ -99.2662635, 19.3440963 ], [ -99.266161, 19.3440802 ], [ -99.2660434, 19.3440669 ], [ -99.2659619, 19.3440619 ], [ -99.2658748, 19.3440799 ], [ -99.2657818, 19.3441264 ], [ -99.265760899999989, 19.3441408 ], [ -99.265669, 19.3442904 ], [ -99.2656399, 19.3443964 ], [ -99.2655877, 19.3444644 ], [ -99.2655626, 19.3444972 ], [ -99.2654667, 19.3445581 ], [ -99.2654097, 19.3445844 ], [ -99.2653045, 19.3446025 ], [ -99.2652174, 19.3446232 ], [ -99.2651331, 19.3446354 ], [ -99.2650819, 19.3446416 ], [ -99.2650248, 19.3446535 ], [ -99.2649769, 19.3446768 ], [ -99.264938, 19.3447058 ], [ -99.2648963, 19.3447576 ], [ -99.264881699999989, 19.3448035 ], [ -99.2648821, 19.3448493 ], [ -99.264895599999988, 19.3449949 ], [ -99.2648757, 19.3451181 ], [ -99.2648435, 19.345207 ], [ -99.2647749, 19.3452791 ], [ -99.2647088, 19.3453055 ], [ -99.2646425, 19.3452917 ], [ -99.2645458, 19.3452668 ], [ -99.2644642, 19.345239 ], [ -99.264376700000014, 19.3452312 ], [ -99.264307699999989, 19.3452547 ], [ -99.2642419, 19.3453096 ], [ -99.2641973, 19.3453586 ], [ -99.2641741, 19.3454589 ], [ -99.2641753, 19.345579 ], [ -99.2641677, 19.3457277 ], [ -99.2641628, 19.3458422 ], [ -99.2641459, 19.3459596 ], [ -99.2640861, 19.3460087 ], [ -99.2640261, 19.3460349 ], [ -99.2639179, 19.3460531 ], [ -99.2638244, 19.3460453 ], [ -99.2637431, 19.3460546 ], [ -99.2636257, 19.3460671 ], [ -99.263508699999988, 19.3461053 ], [ -99.2634307, 19.3461518 ], [ -99.2633561, 19.3462268 ], [ -99.2633208, 19.3463072 ], [ -99.263297799999989, 19.346416 ], [ -99.2632806, 19.3465048 ], [ -99.263248499999989, 19.346608 ], [ -99.2631954, 19.3467258 ], [ -99.2631477, 19.3467747 ], [ -99.2630609, 19.3468413 ], [ -99.262974, 19.3468879 ], [ -99.2628927, 19.3468885 ], [ -99.2628232, 19.3468692 ], [ -99.262735299999989, 19.346807 ], [ -99.2626381, 19.3467392 ], [ -99.2625715, 19.3467055 ], [ -99.2625111, 19.346686 ], [ -99.2624325, 19.3466667 ], [ -99.2623452, 19.3466732 ], [ -99.2622431, 19.3467027 ], [ -99.2621533, 19.3467578 ], [ -99.2620847, 19.3468271 ], [ -99.2620401, 19.3468904 ], [ -99.2619624, 19.3469453 ], [ -99.2618993, 19.3469689 ], [ -99.2617011, 19.3470392 ], [ -99.2616229, 19.3470513 ], [ -99.2615657, 19.347049 ], [ -99.2614662, 19.3470384 ], [ -99.2613909, 19.3470391 ], [ -99.2612591, 19.3471231 ], [ -99.2611933, 19.3471781 ], [ -99.2610067, 19.3471912 ], [ -99.2608741, 19.3471924 ], [ -99.2607723, 19.347259 ], [ -99.2607248, 19.3473252 ], [ -99.2606658, 19.3474601 ], [ -99.2606271, 19.3474976 ], [ -99.2605731, 19.3475238 ], [ -99.260431700000012, 19.3475365 ], [ -99.260344100000012, 19.347523 ], [ -99.2602779, 19.3475178 ], [ -99.2602027, 19.3475329 ], [ -99.2599741, 19.3476183 ], [ -99.2599, 19.3476751 ], [ -99.2598191, 19.3477483 ], [ -99.2597203, 19.3477905 ], [ -99.259605799999989, 19.3478192 ], [ -99.2594357, 19.3478777 ], [ -99.2590317, 19.3480329 ], [ -99.2589975, 19.3480592 ], [ -99.2589692, 19.3481209 ], [ -99.2589743, 19.348173 ], [ -99.259013, 19.3482106 ], [ -99.259071, 19.3482192 ], [ -99.2591603, 19.3481824 ], [ -99.2592761, 19.3481234 ], [ -99.2595726, 19.3480074 ], [ -99.2596719, 19.3479743 ], [ -99.2597314, 19.3479719 ], [ -99.2598176, 19.3479795 ], [ -99.2600863, 19.3480527 ], [ -99.2601879, 19.3480648 ], [ -99.2603281, 19.348066 ], [ -99.2605708, 19.3480123 ], [ -99.2607177, 19.3479393 ], [ -99.260847, 19.3478593 ], [ -99.2609568, 19.3477655 ], [ -99.2610151, 19.3477497 ], [ -99.2610734, 19.3477517 ], [ -99.261123, 19.3477767 ], [ -99.2611319, 19.3478299 ], [ -99.2610796, 19.3478983 ], [ -99.261018400000012, 19.3479529 ], [ -99.260570199999989, 19.3482094 ], [ -99.2603612, 19.3482559 ], [ -99.260211, 19.3482719 ], [ -99.2599894, 19.3482813 ], [ -99.259899, 19.3482908 ], [ -99.2597983, 19.3483329 ], [ -99.25972, 19.3483895 ], [ -99.2596385, 19.3484737 ], [ -99.2595674, 19.348563 ], [ -99.259497599999989, 19.3486873 ], [ -99.2594154, 19.3488427 ], [ -99.259326, 19.3489537 ], [ -99.259227599999988, 19.3490609 ], [ -99.2589921, 19.3492274 ], [ -99.2586202, 19.3494329 ], [ -99.2583165, 19.3496119 ], [ -99.258275, 19.3496481 ], [ -99.258225900000014, 19.3497102 ], [ -99.2582066, 19.3497599 ], [ -99.2581987, 19.3498043 ], [ -99.2582021, 19.3498486 ], [ -99.2582074, 19.3498936 ], [ -99.2582291, 19.3499484 ], [ -99.258259099999989, 19.3499946 ], [ -99.2582887, 19.3500285 ], [ -99.2583234, 19.3500556 ], [ -99.2583509, 19.3500672 ], [ -99.2583826, 19.350074 ], [ -99.258396300000015, 19.3500728 ], [ -99.2584145, 19.3500711 ], [ -99.2585201, 19.3500527 ], [ -99.2589075, 19.3499851 ], [ -99.2590384, 19.3499622 ], [ -99.259087100000016, 19.3499663 ], [ -99.2591174, 19.3499747 ], [ -99.2591532, 19.3499847 ], [ -99.2592214, 19.3500246 ], [ -99.259267, 19.3500646 ], [ -99.259308, 19.3501211 ], [ -99.2593308, 19.3501747 ], [ -99.2593493, 19.3502456 ], [ -99.2593754, 19.3503652 ], [ -99.2593769, 19.350372 ], [ -99.259386, 19.3505096 ], [ -99.2593248, 19.3507166 ], [ -99.2592689, 19.3509279 ], [ -99.259237399999989, 19.3512208 ], [ -99.2592309, 19.3515188 ], [ -99.2592486, 19.3517745 ], [ -99.2594027, 19.3524789 ], [ -99.2594657, 19.3528178 ], [ -99.2598415, 19.3542072 ], [ -99.2600162, 19.3552852 ], [ -99.260156099999989, 19.3558721 ], [ -99.2602517, 19.3564886 ], [ -99.260313599999989, 19.3569752 ], [ -99.260594, 19.3583326 ], [ -99.2609105, 19.3598375 ], [ -99.2610471, 19.3605431 ], [ -99.2611333, 19.3608257 ], [ -99.2612599, 19.3610444 ], [ -99.26143110000001, 19.3612192 ], [ -99.2616822, 19.3614296 ], [ -99.2618531, 19.3615622 ], [ -99.2619956, 19.3616678 ], [ -99.2622432, 19.3618178 ], [ -99.2625376, 19.3619898 ], [ -99.2628267, 19.3621311 ], [ -99.263224600000015, 19.362284 ], [ -99.2637407, 19.3624501 ], [ -99.2642648, 19.3625992 ], [ -99.264843, 19.3627608 ], [ -99.265104799999989, 19.3628424 ], [ -99.2653485, 19.3629294 ], [ -99.2656388, 19.3630669 ], [ -99.265915299999989, 19.363198 ], [ -99.2668331, 19.3635453 ], [ -99.2665776, 19.3639609 ], [ -99.2665159, 19.3641653 ], [ -99.2664733, 19.3643942 ], [ -99.2664529, 19.3646901 ], [ -99.2664608, 19.3650199 ], [ -99.2664916, 19.3652797 ], [ -99.2665325, 19.3655345 ], [ -99.2665741, 19.3656485 ], [ -99.2666052, 19.3657994 ], [ -99.2666575, 19.3661488 ], [ -99.2667631, 19.36681 ], [ -99.266789, 19.3670277 ], [ -99.2667793, 19.3675151 ], [ -99.2667231, 19.3678087 ], [ -99.2666578, 19.3680654 ], [ -99.2665761, 19.3683187 ], [ -99.2663585, 19.3688663 ], [ -99.266047, 19.3696182 ], [ -99.2658044, 19.3702053 ], [ -99.2654506, 19.3710266 ], [ -99.265075, 19.3717456 ], [ -99.2653147, 19.3719597 ], [ -99.2654067, 19.3720195 ], [ -99.2654919, 19.3720372 ], [ -99.2655882, 19.3720139 ], [ -99.2658037, 19.3718581 ], [ -99.2660735, 19.3716253 ], [ -99.2661802, 19.3715001 ], [ -99.2662227, 19.3713728 ], [ -99.2662455, 19.3712389 ], [ -99.2662673, 19.3711469 ], [ -99.2662994, 19.3710121 ], [ -99.2663953, 19.3707208 ], [ -99.2664451, 19.3706355 ], [ -99.2666466, 19.3702897 ], [ -99.2668679, 19.3698995 ], [ -99.2670993, 19.3695061 ], [ -99.2671972, 19.3693461 ], [ -99.2673152, 19.3692267 ], [ -99.2674966, 19.3690841 ], [ -99.2677902, 19.3688566 ], [ -99.2679155, 19.3687875 ], [ -99.268057399999989, 19.3687419 ], [ -99.2681597, 19.3687167 ], [ -99.2682819, 19.3687009 ], [ -99.2684338, 19.3687132 ], [ -99.2684507, 19.3687217 ], [ -99.268618300000014, 19.3688061 ], [ -99.2690161, 19.3689678 ], [ -99.2691087, 19.3690639 ], [ -99.268949, 19.3692412 ], [ -99.2686324, 19.3696078 ], [ -99.2683925, 19.3700526 ], [ -99.2683252, 19.370252 ], [ -99.2682749, 19.3704204 ], [ -99.2682515, 19.3705905 ], [ -99.2682415, 19.3706975 ], [ -99.2682278, 19.3709539 ], [ -99.2682593, 19.3712338 ], [ -99.2682957, 19.3714628 ], [ -99.26838, 19.3718088 ], [ -99.2688946, 19.3716675 ], [ -99.269778, 19.3714444 ], [ -99.2700837, 19.3722039 ], [ -99.2701316, 19.372356 ], [ -99.2701567, 19.3725034 ], [ -99.270161, 19.3726291 ], [ -99.2701576, 19.3727152 ], [ -99.2701434, 19.3728103 ], [ -99.2701056, 19.3729213 ], [ -99.2700719, 19.372997 ], [ -99.2700269, 19.3730697 ], [ -99.2699773, 19.373138 ], [ -99.2699179, 19.3732032 ], [ -99.2698496, 19.3732574 ], [ -99.2697776, 19.3733143 ], [ -99.269651, 19.3733895 ], [ -99.2695239, 19.3734411 ], [ -99.2694379, 19.3734666 ], [ -99.2693414, 19.3734899 ], [ -99.2692395, 19.3735103 ], [ -99.2691187, 19.3735272 ], [ -99.2689738, 19.3735475 ], [ -99.2689096, 19.3735562 ], [ -99.2688371, 19.3735625 ], [ -99.2687706, 19.373566 ], [ -99.2686948, 19.3735653 ], [ -99.2686236, 19.3735625 ], [ -99.2685605, 19.3735544 ], [ -99.2684865, 19.3735423 ], [ -99.2684096, 19.3735258 ], [ -99.2681477, 19.3734311 ], [ -99.2680804, 19.3734093 ], [ -99.2680067, 19.3733855 ], [ -99.267931, 19.3733716 ], [ -99.2678285, 19.3733529 ], [ -99.2677457, 19.3733493 ], [ -99.2676666, 19.3733538 ], [ -99.2675771, 19.3733723 ], [ -99.267501, 19.373405 ], [ -99.267407, 19.3734533 ], [ -99.267331, 19.3735143 ], [ -99.2672564, 19.3735937 ], [ -99.2669974, 19.3740245 ], [ -99.266957, 19.3740741 ], [ -99.2669141, 19.3741215 ], [ -99.2668686, 19.3741667 ], [ -99.2668207, 19.3742095 ], [ -99.2667705, 19.37425 ], [ -99.2667182, 19.3742879 ], [ -99.2666639, 19.3743231 ], [ -99.2666076, 19.3743556 ], [ -99.2665497, 19.3743852 ], [ -99.2664902, 19.374412 ], [ -99.2664293, 19.3744357 ], [ -99.266367100000011, 19.3744564 ], [ -99.2663035, 19.3744741 ], [ -99.2656438, 19.3745794 ], [ -99.2637815, 19.3748584 ], [ -99.2634696, 19.3749094 ], [ -99.2632571, 19.3749564 ], [ -99.2629781, 19.3750389 ], [ -99.2620433, 19.3754897 ], [ -99.2618758, 19.3755711 ], [ -99.261689, 19.3756618 ], [ -99.2615846, 19.3757174 ], [ -99.2613535, 19.3758407 ], [ -99.2610299, 19.3760335 ], [ -99.2605969, 19.3763532 ], [ -99.2598043, 19.3770269 ], [ -99.259096899999989, 19.3776573 ], [ -99.2588872, 19.3778442 ], [ -99.2579231, 19.3787058 ], [ -99.2576525, 19.3789512 ], [ -99.2571473, 19.3794095 ], [ -99.2569092, 19.3796131 ], [ -99.25608, 19.3801735 ], [ -99.2557942, 19.3803545 ], [ -99.2549871, 19.3808657 ], [ -99.2546051, 19.3811059 ], [ -99.2542467, 19.3813344 ], [ -99.2524709, 19.3824661 ], [ -99.251189, 19.3832805 ], [ -99.250770300000013, 19.3835485 ], [ -99.250681, 19.3836082 ], [ -99.250325, 19.3838339 ], [ -99.250034, 19.3840358 ], [ -99.249747, 19.3842651 ], [ -99.2487809, 19.3850397 ], [ -99.2476526, 19.385957 ], [ -99.2476343, 19.3861608 ], [ -99.2476332, 19.3861723 ], [ -99.2476497, 19.3862166 ], [ -99.2476879, 19.3863191 ], [ -99.2477835, 19.3865128 ], [ -99.2479913, 19.3867764 ], [ -99.248133599999989, 19.3871193 ], [ -99.2482782, 19.3874684 ], [ -99.2483307, 19.3876851 ], [ -99.2484038, 19.3887891 ], [ -99.2485079, 19.3901919 ], [ -99.2485234, 19.3903099 ], [ -99.2485271, 19.3904094 ], [ -99.2485037, 19.3905636 ], [ -99.2484272, 19.3906825 ], [ -99.2484121, 19.390706 ], [ -99.2483926, 19.3907363 ], [ -99.2483606, 19.390786 ], [ -99.2480966, 19.3913342 ], [ -99.2478582, 19.3917933 ], [ -99.2478126, 19.3918622 ], [ -99.2477225, 19.3919591 ], [ -99.247182, 19.3924255 ], [ -99.2469541, 19.3926607 ], [ -99.2469155, 19.3928289 ], [ -99.2468038, 19.3931767 ], [ -99.2467361, 19.3935434 ], [ -99.2467532, 19.393706 ], [ -99.2468058, 19.3938507 ], [ -99.2468583, 19.3939769 ], [ -99.246927899999989, 19.3940671 ], [ -99.2469333, 19.3940742 ], [ -99.2470248, 19.3941703 ], [ -99.2470358, 19.3941819 ], [ -99.247231, 19.3942516 ], [ -99.2476462, 19.3943067 ], [ -99.247808299999988, 19.394304 ], [ -99.2479908, 19.3942723 ], [ -99.2482009, 19.3941465 ], [ -99.248369, 19.3940094 ], [ -99.2485431, 19.3938437 ], [ -99.2489033, 19.3935352 ], [ -99.2490594, 19.3934552 ], [ -99.2492516, 19.3934264 ], [ -99.2494259, 19.3934832 ], [ -99.2495918, 19.3935513 ], [ -99.249863499999989, 19.3936306 ], [ -99.2499937, 19.3936555 ], [ -99.250207300000014, 19.3936789 ], [ -99.2506255, 19.3936953 ], [ -99.2508667, 19.3936513 ], [ -99.2510285, 19.3935789 ], [ -99.2512794, 19.3934856 ], [ -99.251475899999988, 19.3934608 ], [ -99.2515931, 19.3934607 ], [ -99.2518948, 19.3934699 ], [ -99.2525567, 19.3935249 ], [ -99.2528847, 19.3935722 ], [ -99.252960800000011, 19.3936329 ], [ -99.2530238, 19.3937474 ], [ -99.253225, 19.3939898 ], [ -99.2534549, 19.3942068 ], [ -99.2539266, 19.3946816 ], [ -99.2543013, 19.394988 ], [ -99.254440699999989, 19.3950761 ], [ -99.2545947, 19.3951587 ], [ -99.254754300000016, 19.3952168 ], [ -99.2548473, 19.3951951 ], [ -99.2549065, 19.3951589 ], [ -99.2549467, 19.3950905 ], [ -99.2549282, 19.3949635 ], [ -99.254882, 19.3948442 ], [ -99.2548178, 19.3947419 ], [ -99.2544044, 19.3942894 ], [ -99.2543707, 19.3942196 ], [ -99.2543577, 19.3941465 ], [ -99.2543782, 19.3940661 ], [ -99.2544423, 19.3939807 ], [ -99.2545653, 19.3938807 ], [ -99.2548397, 19.3937074 ], [ -99.2550746, 19.3936089 ], [ -99.2553015, 19.3935458 ], [ -99.255473099999989, 19.3935228 ], [ -99.2556657, 19.3934943 ], [ -99.2558493, 19.393451 ], [ -99.2559605, 19.3934018 ], [ -99.2560831, 19.3933153 ], [ -99.2565477, 19.3928983 ], [ -99.2566722, 19.3928652 ], [ -99.2568082, 19.3928432 ], [ -99.257845, 19.3927605 ], [ -99.25837580000001, 19.3927055 ], [ -99.2584711, 19.3926696 ], [ -99.2586873, 19.3924563 ], [ -99.2587944, 19.392426 ], [ -99.2588879, 19.3924345 ], [ -99.2592159, 19.3925672 ], [ -99.2592515, 19.3925994 ], [ -99.2592759, 19.3926485 ], [ -99.2592841, 19.392742 ], [ -99.2593895, 19.3931774 ], [ -99.259575399999989, 19.3937107 ], [ -99.2595851, 19.3937639 ], [ -99.2596202, 19.3939573 ], [ -99.2596603, 19.3941313 ], [ -99.2596548, 19.3942284 ], [ -99.2596434, 19.394277 ], [ -99.259626400000016, 19.394313 ], [ -99.2595658, 19.3943922 ], [ -99.2594899, 19.3944679 ], [ -99.259271, 19.3946043 ], [ -99.2590016, 19.3947504 ], [ -99.2584434, 19.395052 ], [ -99.2576939, 19.3955813 ], [ -99.2563543, 19.3965139 ], [ -99.256215, 19.3966745 ], [ -99.255683499999989, 19.3972627 ], [ -99.255407, 19.3981892 ], [ -99.2552507, 19.3986758 ], [ -99.2552069, 19.3991399 ], [ -99.2552465, 19.3995149 ], [ -99.2553684, 19.4000594 ], [ -99.255405, 19.4003631 ], [ -99.2553562, 19.4006826 ], [ -99.255297200000015, 19.4009564 ], [ -99.255258, 19.4011384 ], [ -99.255243, 19.4013256 ], [ -99.2552279, 19.401513 ], [ -99.2553648, 19.401863 ], [ -99.255369699999989, 19.4018756 ], [ -99.2554043, 19.4020104 ], [ -99.2553779, 19.4022479 ], [ -99.255370899999988, 19.4023111 ], [ -99.2553729, 19.4024107 ], [ -99.2553746, 19.4024911 ], [ -99.2553763, 19.4025759 ], [ -99.2555691, 19.4030954 ], [ -99.2556718, 19.4033117 ], [ -99.2558079, 19.4035724 ], [ -99.2560381, 19.4035615 ], [ -99.2560341, 19.4033926 ], [ -99.2560276, 19.4031245 ], [ -99.2560135, 19.4025357 ], [ -99.256122499999989, 19.4022223 ], [ -99.2561376, 19.4021788 ], [ -99.2561867, 19.4020377 ], [ -99.2565286, 19.4011392 ], [ -99.2566728, 19.4007199 ], [ -99.2568058, 19.4005752 ], [ -99.2568919, 19.4004815 ], [ -99.2569356, 19.4004566 ], [ -99.2569794, 19.4004317 ], [ -99.2573757, 19.4011202 ], [ -99.2574386, 19.4012236 ] ] ] } },
{ "type": "Feature", "properties": { "CVEGEO": "09005", "CVE_ENT": "09", "CVE_MUN": "005", "NOMGEO": "Gustavo A. Madero" }, "geometry": { "type": "Polygon", "coordinates": [ [ [ -99.108097199999989, 19.5648885 ], [ -99.111818, 19.5687269 ], [ -99.1123923, 19.5712367 ], [ -99.1128559, 19.5732626 ], [ -99.1129656, 19.5737417 ], [ -99.1146617, 19.5797963 ], [ -99.1169061, 19.5814446 ], [ -99.1185976, 19.5844617 ], [ -99.1178879, 19.5905923 ], [ -99.1184538, 19.5910955 ], [ -99.1187213, 19.5913332 ], [ -99.118959, 19.5915446 ], [ -99.1194622, 19.591992 ], [ -99.1195268, 19.5920036 ], [ -99.119649400000014, 19.5920257 ], [ -99.1207844, 19.5922304 ], [ -99.122148599999989, 19.5924765 ], [ -99.1237061, 19.5927573 ], [ -99.1269926, 19.5885077 ], [ -99.1307103, 19.5871495 ], [ -99.1337609, 19.5862436 ], [ -99.1337597, 19.5848881 ], [ -99.1348412, 19.5839088 ], [ -99.1379044, 19.5811347 ], [ -99.1391417, 19.5784679 ], [ -99.1395681, 19.575395 ], [ -99.1403891, 19.5747516 ], [ -99.1434568, 19.5723471 ], [ -99.1436652, 19.5721838 ], [ -99.1447605, 19.5708274 ], [ -99.1458074, 19.5687481 ], [ -99.1458905, 19.5674906 ], [ -99.1458928, 19.5674559 ], [ -99.1459956, 19.5659013 ], [ -99.1468048, 19.5646355 ], [ -99.1489956, 19.5623745 ], [ -99.1491859, 19.5620129 ], [ -99.1509006, 19.5605203 ], [ -99.151616499999989, 19.5613783 ], [ -99.1528087, 19.5619647 ], [ -99.1533327, 19.5615576 ], [ -99.1542382, 19.5613761 ], [ -99.1561438, 19.5601545 ], [ -99.1580955, 19.5573513 ], [ -99.158047, 19.5564929 ], [ -99.1577605, 19.5559509 ], [ -99.157569, 19.5550474 ], [ -99.158092, 19.5536914 ], [ -99.1592819, 19.551883 ], [ -99.1609, 19.5492609 ], [ -99.160075, 19.5491079 ], [ -99.1599893, 19.5491265 ], [ -99.159764600000017, 19.5491753 ], [ -99.159677699999989, 19.5492195 ], [ -99.1595085, 19.5492303 ], [ -99.159272, 19.5492138 ], [ -99.159208299999989, 19.5492023 ], [ -99.159207099999989, 19.5491658 ], [ -99.1593486, 19.5490882 ], [ -99.1593802, 19.5489803 ], [ -99.159253299999989, 19.5489555 ], [ -99.158528499999989, 19.5488211 ], [ -99.1585454, 19.5487491 ], [ -99.1586458, 19.5483203 ], [ -99.1581881, 19.5481185 ], [ -99.1580653, 19.5480643 ], [ -99.1570005, 19.5475946 ], [ -99.1565545, 19.5473979 ], [ -99.155851, 19.5470876 ], [ -99.1554023, 19.5468896 ], [ -99.1553544, 19.5468685 ], [ -99.1553326, 19.5468582 ], [ -99.1546677, 19.5465432 ], [ -99.1543808, 19.5464072 ], [ -99.1541825, 19.5463133 ], [ -99.1530265, 19.5457656 ], [ -99.1529208, 19.5457155 ], [ -99.152875600000016, 19.5456941 ], [ -99.1515202, 19.5450519 ], [ -99.1510989, 19.5448524 ], [ -99.1510849, 19.5448457 ], [ -99.1512167, 19.5446298 ], [ -99.1514219, 19.5442936 ], [ -99.1519617, 19.543409 ], [ -99.1519751, 19.5433879 ], [ -99.1520736, 19.5432318 ], [ -99.1520739, 19.5432314 ], [ -99.1520741, 19.543231 ], [ -99.1520747, 19.5432301 ], [ -99.1520757, 19.5432284 ], [ -99.1520922, 19.5432024 ], [ -99.1522569, 19.5429416 ], [ -99.152393, 19.542726 ], [ -99.1526446, 19.5423275 ], [ -99.1529312, 19.5418736 ], [ -99.1532345, 19.5413934 ], [ -99.1532519, 19.5413658 ], [ -99.153333, 19.5412374 ], [ -99.1535734, 19.5408783 ], [ -99.1539482, 19.5403186 ], [ -99.153956799999989, 19.5403058 ], [ -99.1541079, 19.5400801 ], [ -99.1546474, 19.5394235 ], [ -99.1553178, 19.5386078 ], [ -99.1560453, 19.5377224 ], [ -99.1566876, 19.5369408 ], [ -99.1570655, 19.5364809 ], [ -99.1573349, 19.5361531 ], [ -99.1579188, 19.5354425 ], [ -99.1579342, 19.5354239 ], [ -99.158045, 19.535289 ], [ -99.1585135, 19.533921 ], [ -99.158438, 19.5338791 ], [ -99.1578441, 19.5335493 ], [ -99.157080600000015, 19.5331254 ], [ -99.1569836, 19.5330715 ], [ -99.1558473, 19.5324405 ], [ -99.155859, 19.5324251 ], [ -99.156132, 19.5320697 ], [ -99.1564943, 19.5315979 ], [ -99.1566589, 19.5313836 ], [ -99.1566626, 19.5313788 ], [ -99.1569074, 19.5310601 ], [ -99.157371, 19.5304564 ], [ -99.157401, 19.5304174 ], [ -99.1574134, 19.5304013 ], [ -99.1574685, 19.5303296 ], [ -99.158309, 19.5292351 ], [ -99.158424, 19.5290854 ], [ -99.1584332, 19.5290733 ], [ -99.158517, 19.5289642 ], [ -99.1585987, 19.5288579 ], [ -99.1583411, 19.5287514 ], [ -99.1571454, 19.5282575 ], [ -99.156798099999989, 19.5280908 ], [ -99.1588291, 19.5272543 ], [ -99.1590144, 19.527057 ], [ -99.1591587, 19.5269034 ], [ -99.1595576, 19.5270129 ], [ -99.159858, 19.5270954 ], [ -99.1603482, 19.5272301 ], [ -99.1607006, 19.5273268 ], [ -99.1610311, 19.5274176 ], [ -99.1611597, 19.5274529 ], [ -99.161658100000011, 19.5275898 ], [ -99.1617009, 19.5276016 ], [ -99.1617664, 19.5276196 ], [ -99.1621228, 19.5277175 ], [ -99.1621929, 19.5277367 ], [ -99.16260650000001, 19.5278503 ], [ -99.162785, 19.5278993 ], [ -99.1630198, 19.5279638 ], [ -99.1641668, 19.5282788 ], [ -99.1645694, 19.5283904 ], [ -99.16524, 19.5285762 ], [ -99.1658129, 19.5287349 ], [ -99.166253, 19.5288569 ], [ -99.1667161, 19.5289854 ], [ -99.167436, 19.5291851 ], [ -99.1676725, 19.5292508 ], [ -99.1677286, 19.5292701 ], [ -99.1680037, 19.5293648 ], [ -99.1681348, 19.52941 ], [ -99.1686123, 19.5295745 ], [ -99.1687447, 19.5296201 ], [ -99.169147099999989, 19.5297586 ], [ -99.1698635, 19.5300052 ], [ -99.1699791, 19.530045 ], [ -99.1703811, 19.5301833 ], [ -99.1704232, 19.5301978 ], [ -99.171470899999989, 19.5305584 ], [ -99.1716469, 19.530619 ], [ -99.1719144, 19.530711 ], [ -99.1719727, 19.5307311 ], [ -99.1723341, 19.5308555 ], [ -99.1723727, 19.5308688 ], [ -99.17265, 19.5309836 ], [ -99.1740703, 19.5315717 ], [ -99.1745264, 19.5317113 ], [ -99.1749541, 19.5318781 ], [ -99.1754237, 19.5319771 ], [ -99.1760115, 19.532036 ], [ -99.1760637, 19.5318319 ], [ -99.1762644, 19.5310485 ], [ -99.1763495, 19.5307164 ], [ -99.176278599999989, 19.5306426 ], [ -99.1770457, 19.5293285 ], [ -99.1766156, 19.5291091 ], [ -99.1765806, 19.5290913 ], [ -99.1762635, 19.5289296 ], [ -99.1761645, 19.5288791 ], [ -99.1761536, 19.5288735 ], [ -99.1755233, 19.5298445 ], [ -99.1753609, 19.5300946 ], [ -99.1752638, 19.530032 ], [ -99.174372, 19.529381 ], [ -99.1738342, 19.5289826 ], [ -99.1734537, 19.5287007 ], [ -99.173411, 19.5286702 ], [ -99.1729915, 19.5283703 ], [ -99.1728327, 19.5282568 ], [ -99.1726102, 19.5280977 ], [ -99.1725898, 19.5280832 ], [ -99.1725345, 19.528043 ], [ -99.172115, 19.5277385 ], [ -99.171799, 19.5275091 ], [ -99.1717573, 19.5274788 ], [ -99.1713673, 19.5271885 ], [ -99.171937899999989, 19.5266632 ], [ -99.1721399, 19.5264771 ], [ -99.1723612, 19.5262734 ], [ -99.1731425, 19.5255283 ], [ -99.1734589, 19.5252266 ], [ -99.1737613, 19.5249383 ], [ -99.1739937, 19.5247165 ], [ -99.1742065, 19.5245137 ], [ -99.17445, 19.5242561 ], [ -99.1746307, 19.524065 ], [ -99.1743883, 19.5237409 ], [ -99.1743129, 19.5236402 ], [ -99.1741823, 19.5234656 ], [ -99.1737055, 19.5233198 ], [ -99.1732354, 19.5231761 ], [ -99.172999499999989, 19.5231039 ], [ -99.172771, 19.5230341 ], [ -99.172562, 19.5229702 ], [ -99.1722914, 19.5228805 ], [ -99.171827, 19.5227266 ], [ -99.171807199999989, 19.5227201 ], [ -99.1713757, 19.5225771 ], [ -99.1708906, 19.5224163 ], [ -99.1708475, 19.522402 ], [ -99.1705207, 19.522274 ], [ -99.1704387, 19.5222419 ], [ -99.1699627, 19.5220554 ], [ -99.1695039, 19.5217867 ], [ -99.1690878, 19.5215429 ], [ -99.1686482, 19.5212854 ], [ -99.1682297, 19.5210401 ], [ -99.1677835, 19.5207787 ], [ -99.167782800000012, 19.5207783 ], [ -99.1677826, 19.5207782 ], [ -99.1677817, 19.5207777 ], [ -99.1673092, 19.5205008 ], [ -99.167261200000013, 19.5204727 ], [ -99.1668173, 19.5202126 ], [ -99.1664113, 19.5199748 ], [ -99.1659594, 19.51971 ], [ -99.1647344, 19.5189923 ], [ -99.1647342, 19.5189921 ], [ -99.1647341, 19.5189921 ], [ -99.1636295, 19.5183449 ], [ -99.1629752, 19.5179615 ], [ -99.162888600000016, 19.5177355 ], [ -99.1624801, 19.5166703 ], [ -99.162302, 19.5162057 ], [ -99.162234399999988, 19.5160295 ], [ -99.161775, 19.5148314 ], [ -99.1612567, 19.5134796 ], [ -99.1609639, 19.5127157 ], [ -99.1609604, 19.5127067 ], [ -99.160841499999989, 19.5123966 ], [ -99.1608414, 19.5123964 ], [ -99.1608414, 19.5123963 ], [ -99.1608413, 19.5123962 ], [ -99.1606661, 19.5119391 ], [ -99.1601883, 19.510693 ], [ -99.1596095, 19.5091833 ], [ -99.1595894, 19.5091308 ], [ -99.1595112, 19.5089269 ], [ -99.1595112, 19.5089267 ], [ -99.1594605, 19.5087945 ], [ -99.159049599999989, 19.5077228 ], [ -99.159049599999989, 19.5077227 ], [ -99.1590495, 19.5077226 ], [ -99.1590495, 19.5077225 ], [ -99.1590494, 19.5077224 ], [ -99.1588523, 19.5072081 ], [ -99.158437299999989, 19.5061256 ], [ -99.1583575, 19.5059175 ], [ -99.1578797, 19.5046713 ], [ -99.1577524, 19.5043391 ], [ -99.1577019, 19.5042074 ], [ -99.1571811, 19.5028489 ], [ -99.1569498, 19.5027173 ], [ -99.1565733, 19.5016627 ], [ -99.1563755, 19.5011516 ], [ -99.1560565, 19.500286 ], [ -99.1558101, 19.4996176 ], [ -99.1557127, 19.4993533 ], [ -99.1546248, 19.496402 ], [ -99.1543784, 19.4957333 ], [ -99.1541813, 19.4951987 ], [ -99.1533723, 19.4929938 ], [ -99.1531266, 19.4923241 ], [ -99.1530207, 19.4920354 ], [ -99.1529638, 19.4918807 ], [ -99.152194, 19.4898375 ], [ -99.1519427, 19.4891704 ], [ -99.1518368, 19.4888894 ], [ -99.1515133, 19.4880253 ], [ -99.151197599999989, 19.4871815 ], [ -99.150889299999989, 19.4863574 ], [ -99.1504833, 19.4852723 ], [ -99.1500659, 19.4841599 ], [ -99.1498153, 19.4834919 ], [ -99.1497201, 19.4832381 ], [ -99.1494256, 19.4825021 ], [ -99.149405699999988, 19.4824521 ], [ -99.1493678, 19.4823483 ], [ -99.148843, 19.4809084 ], [ -99.1486605, 19.4804531 ], [ -99.1485356, 19.4801161 ], [ -99.1482877, 19.4794477 ], [ -99.1481853, 19.4791717 ], [ -99.1481096, 19.4790114 ], [ -99.147902, 19.4784884 ], [ -99.1477736, 19.4781431 ], [ -99.1475861, 19.4776551 ], [ -99.147502, 19.4774403 ], [ -99.1472823, 19.4768568 ], [ -99.1472423, 19.4767587 ], [ -99.1470488, 19.4762629 ], [ -99.1468786, 19.4757931 ], [ -99.1466796, 19.4752914 ], [ -99.1464565, 19.4746994 ], [ -99.1463622, 19.4744379 ], [ -99.1460871, 19.4736749 ], [ -99.1458943, 19.473114 ], [ -99.1456513, 19.4724798 ], [ -99.1454642, 19.4720103 ], [ -99.1452357, 19.4714397 ], [ -99.1450454, 19.4709639 ], [ -99.1449782, 19.4707749 ], [ -99.1448719, 19.4704756 ], [ -99.144841899999989, 19.4703977 ], [ -99.1446687, 19.4699728 ], [ -99.1444766, 19.4694565 ], [ -99.1443865, 19.46921 ], [ -99.1441455, 19.468582 ], [ -99.1441014, 19.468477 ], [ -99.1437948, 19.467611 ], [ -99.1436809, 19.4672894 ], [ -99.143185, 19.4660471 ], [ -99.1431034, 19.4657575 ], [ -99.1430798, 19.4656738 ], [ -99.1430547, 19.4654369 ], [ -99.1431181, 19.4650627 ], [ -99.1424716, 19.4655729 ], [ -99.1423704, 19.4656488 ], [ -99.1421419, 19.4657699 ], [ -99.1419326, 19.4658244 ], [ -99.141740399999989, 19.4658159 ], [ -99.14165, 19.465799 ], [ -99.1414793, 19.4657234 ], [ -99.1414244, 19.4656771 ], [ -99.141324, 19.4655665 ], [ -99.1412128, 19.4654684 ], [ -99.141100099999989, 19.4654183 ], [ -99.1409896, 19.4653906 ], [ -99.1408073, 19.4653528 ], [ -99.1392235, 19.4651833 ], [ -99.1385923, 19.4651582 ], [ -99.1374973, 19.4651056 ], [ -99.1361377, 19.4650595 ], [ -99.134920799999989, 19.4650089 ], [ -99.134229100000013, 19.4649809 ], [ -99.1338383, 19.4649615 ], [ -99.1336811, 19.4649392 ], [ -99.1333367, 19.4648542 ], [ -99.1331206, 19.4647648 ], [ -99.1328616, 19.4646415 ], [ -99.1324257, 19.4643758 ], [ -99.131418599999989, 19.4637832 ], [ -99.130906, 19.4634767 ], [ -99.1304321, 19.4631957 ], [ -99.1295121, 19.4626505 ], [ -99.1291909, 19.4624665 ], [ -99.1288425, 19.462267 ], [ -99.1284712, 19.4620544 ], [ -99.1281114, 19.4618483 ], [ -99.1275507, 19.4615273 ], [ -99.1273775, 19.4614608 ], [ -99.1264055, 19.4611525 ], [ -99.1254647, 19.4608318 ], [ -99.1246223, 19.4605496 ], [ -99.124162399999989, 19.4603977 ], [ -99.123718599999989, 19.4602511 ], [ -99.1233065, 19.4601187 ], [ -99.1228718, 19.4599776 ], [ -99.1224112, 19.45983 ], [ -99.1222416, 19.459782 ], [ -99.1221772, 19.4597519 ], [ -99.122101, 19.4597157 ], [ -99.1219943, 19.4596717 ], [ -99.1218223, 19.4596152 ], [ -99.1215881, 19.4595384 ], [ -99.1203236, 19.4591234 ], [ -99.120261, 19.4591029 ], [ -99.1198135, 19.458956 ], [ -99.119387, 19.4588161 ], [ -99.1189786, 19.458682 ], [ -99.1189697, 19.4586791 ], [ -99.1184961, 19.4585205 ], [ -99.1184514, 19.458505 ], [ -99.118005400000015, 19.45835 ], [ -99.1176879, 19.4582397 ], [ -99.1175109, 19.4581757 ], [ -99.1174643, 19.4581578 ], [ -99.117349, 19.4581075 ], [ -99.117269, 19.458067 ], [ -99.1171488, 19.4579998 ], [ -99.1170535, 19.4579387 ], [ -99.116961800000013, 19.4578729 ], [ -99.1169047, 19.4578283 ], [ -99.1167352, 19.457696 ], [ -99.1162785, 19.4573393 ], [ -99.1161691, 19.457254 ], [ -99.1158342, 19.4569925 ], [ -99.1154629, 19.4567025 ], [ -99.1147149, 19.4561185 ], [ -99.1143902, 19.4558508 ], [ -99.113991399999989, 19.4554868 ], [ -99.113880099999989, 19.4553972 ], [ -99.1134973, 19.4551063 ], [ -99.1134258, 19.4550484 ], [ -99.1130315, 19.4547296 ], [ -99.1126944, 19.4544571 ], [ -99.1126312, 19.4544059 ], [ -99.1122987, 19.4541397 ], [ -99.1121771, 19.4540497 ], [ -99.112024600000012, 19.4539369 ], [ -99.1118609, 19.4538298 ], [ -99.111775099999988, 19.4537813 ], [ -99.111615199999989, 19.4537062 ], [ -99.1114294, 19.4536204 ], [ -99.111361699999989, 19.4535951 ], [ -99.1112139, 19.4535424 ], [ -99.110858, 19.4534156 ], [ -99.110728200000011, 19.4533694 ], [ -99.110425, 19.4532614 ], [ -99.1102723, 19.453207 ], [ -99.1101382, 19.4531592 ], [ -99.1098684, 19.4530631 ], [ -99.1097883, 19.4530345 ], [ -99.1096671, 19.4529914 ], [ -99.1094611, 19.4529179 ], [ -99.1089459, 19.4527336 ], [ -99.1088913, 19.4528786 ], [ -99.1087123, 19.4528132 ], [ -99.1085426, 19.4527508 ], [ -99.1085677, 19.452663 ], [ -99.1085677, 19.4526629 ], [ -99.108593, 19.4525742 ], [ -99.108117299999989, 19.4524009 ], [ -99.1079245, 19.4523311 ], [ -99.107695400000011, 19.4522481 ], [ -99.1072867, 19.4521 ], [ -99.1071153, 19.4520379 ], [ -99.1068628, 19.4519465 ], [ -99.106738, 19.4519012 ], [ -99.1066513, 19.4518698 ], [ -99.1060302, 19.4516448 ], [ -99.1055763, 19.4514804 ], [ -99.1053829, 19.4514097 ], [ -99.1047487, 19.4511778 ], [ -99.104315899999989, 19.4510196 ], [ -99.1041195, 19.4509477 ], [ -99.1038928, 19.4508649 ], [ -99.1034938, 19.450719 ], [ -99.1031396, 19.4505899 ], [ -99.1030233, 19.4505476 ], [ -99.1022023, 19.4502485 ], [ -99.1019621, 19.4501606 ], [ -99.101955, 19.4501581 ], [ -99.101955, 19.450158 ], [ -99.1018634, 19.4501247 ], [ -99.1014434, 19.4499713 ], [ -99.1013958, 19.4499539 ], [ -99.1013663, 19.4499424 ], [ -99.1013375, 19.4499353 ], [ -99.1010732, 19.4498752 ], [ -99.1007942, 19.4498371 ], [ -99.1005567, 19.4498275 ], [ -99.100461200000012, 19.4498276 ], [ -99.1002578, 19.4498385 ], [ -99.0997884, 19.4499197 ], [ -99.099699199999989, 19.4499434 ], [ -99.0993675, 19.4500659 ], [ -99.098981099999989, 19.4502085 ], [ -99.0988469, 19.4502581 ], [ -99.0979703, 19.4505881 ], [ -99.097858, 19.4506304 ], [ -99.0974532, 19.4507827 ], [ -99.0969638, 19.4509669 ], [ -99.0965402, 19.4511264 ], [ -99.0959492, 19.4513489 ], [ -99.0959201, 19.4513599 ], [ -99.0953737, 19.4515675 ], [ -99.0952691, 19.4516072 ], [ -99.0948996, 19.4517205 ], [ -99.0947377, 19.4517568 ], [ -99.0945251, 19.4517867 ], [ -99.0942195, 19.4517952 ], [ -99.0939354, 19.4517758 ], [ -99.0937799, 19.4517536 ], [ -99.0937266, 19.451746 ], [ -99.0934509, 19.451679 ], [ -99.093219800000014, 19.4516002 ], [ -99.0929845, 19.4514763 ], [ -99.0928986, 19.4514114 ], [ -99.0926535, 19.4512265 ], [ -99.0924883, 19.4510791 ], [ -99.0921324, 19.4507614 ], [ -99.091925800000013, 19.450577 ], [ -99.0917704, 19.4504327 ], [ -99.0915514, 19.4502295 ], [ -99.0914557, 19.4501406 ], [ -99.0911542, 19.4498606 ], [ -99.0908013, 19.449533 ], [ -99.0906303, 19.4493742 ], [ -99.090422, 19.4491808 ], [ -99.0900642, 19.4488485 ], [ -99.0897533, 19.4485599 ], [ -99.0896888, 19.4485001 ], [ -99.0894048, 19.4482363 ], [ -99.0888579, 19.4477285 ], [ -99.0886461, 19.447539 ], [ -99.0884733, 19.4473729 ], [ -99.0882236, 19.4471331 ], [ -99.0879348, 19.4468562 ], [ -99.0877434, 19.4466446 ], [ -99.0875318, 19.4464105 ], [ -99.0873015, 19.4460581 ], [ -99.0871563, 19.4457669 ], [ -99.0868702, 19.4459697 ], [ -99.085315, 19.4470722 ], [ -99.085306, 19.4470783 ], [ -99.0842033, 19.4478271 ], [ -99.0838716, 19.4480661 ], [ -99.0830061, 19.4486894 ], [ -99.0827425, 19.4488793 ], [ -99.0819046, 19.4494871 ], [ -99.0815295, 19.4497592 ], [ -99.081153199999989, 19.4500109 ], [ -99.0808767, 19.4501573 ], [ -99.0805911, 19.450135 ], [ -99.0803105, 19.4500712 ], [ -99.07932120000001, 19.4497954 ], [ -99.0790727, 19.449772 ], [ -99.0786959, 19.4497467 ], [ -99.0780982, 19.4497471 ], [ -99.0769777, 19.4493639 ], [ -99.0757452, 19.4489424 ], [ -99.0754518, 19.448842 ], [ -99.0753019, 19.4487939 ], [ -99.0744976, 19.448521 ], [ -99.070952600000012, 19.4472928 ], [ -99.0704423, 19.447116 ], [ -99.0698446, 19.4469089 ], [ -99.0692424, 19.4467003 ], [ -99.068595699999989, 19.4464762 ], [ -99.068508900000012, 19.4464602 ], [ -99.0683778, 19.4464402 ], [ -99.0682148, 19.4464262 ], [ -99.0680879, 19.4464366 ], [ -99.0678024, 19.4465028 ], [ -99.0673837, 19.4466423 ], [ -99.067228200000017, 19.4465308 ], [ -99.0652489, 19.445834 ], [ -99.0646547, 19.4456248 ], [ -99.064025199999989, 19.4454031 ], [ -99.063433500000016, 19.4451948 ], [ -99.0628068, 19.4449742 ], [ -99.0622852, 19.4447905 ], [ -99.0622002, 19.4448216 ], [ -99.0613194, 19.4451437 ], [ -99.0604104, 19.445476 ], [ -99.0594808, 19.4458159 ], [ -99.0585965, 19.4461392 ], [ -99.0579988, 19.4463578 ], [ -99.05799, 19.446361 ], [ -99.0573446, 19.4465969 ], [ -99.0562104, 19.44703 ], [ -99.0560481, 19.447092 ], [ -99.0558358, 19.4471725 ], [ -99.0555052, 19.447298 ], [ -99.0553867, 19.4473434 ], [ -99.054667400000014, 19.4476192 ], [ -99.053899, 19.4479094 ], [ -99.053302300000013, 19.4481307 ], [ -99.0525643, 19.4484222 ], [ -99.052258099999989, 19.4487426 ], [ -99.052048, 19.4489655 ], [ -99.0519535, 19.4490613 ], [ -99.0515215, 19.4495117 ], [ -99.0511383, 19.4499126 ], [ -99.0510955, 19.4499552 ], [ -99.0508686, 19.4501812 ], [ -99.0509036, 19.4502451 ], [ -99.0509234, 19.4502813 ], [ -99.051075, 19.4505578 ], [ -99.0511197, 19.4506391 ], [ -99.0511471, 19.4507036 ], [ -99.0517333, 19.4520807 ], [ -99.051811, 19.4522632 ], [ -99.0518385, 19.4523279 ], [ -99.0519627, 19.4526195 ], [ -99.051980199999988, 19.4526607 ], [ -99.0521202, 19.4529896 ], [ -99.0521542, 19.4530696 ], [ -99.0523136, 19.4534441 ], [ -99.0523149, 19.453447 ], [ -99.052315, 19.4534472 ], [ -99.052316499999989, 19.4534508 ], [ -99.0524901, 19.4538585 ], [ -99.0524901, 19.4538587 ], [ -99.0524912, 19.4538612 ], [ -99.0524923, 19.4538638 ], [ -99.0525336, 19.4539608 ], [ -99.0525359, 19.4539664 ], [ -99.0526681, 19.454268 ], [ -99.0526687, 19.4542694 ], [ -99.0526692, 19.4542705 ], [ -99.052669400000013, 19.4542709 ], [ -99.0528225, 19.4546205 ], [ -99.0528426, 19.4546663 ], [ -99.0528565, 19.454698 ], [ -99.0528642, 19.4547155 ], [ -99.0530258, 19.4550845 ], [ -99.0530262, 19.4550852 ], [ -99.0530263, 19.4550856 ], [ -99.0530273, 19.4550877 ], [ -99.0530287, 19.455091 ], [ -99.0532114, 19.455508 ], [ -99.0532118, 19.4555088 ], [ -99.0532119, 19.4555091 ], [ -99.0532137, 19.4555133 ], [ -99.0532148, 19.4555158 ], [ -99.0532149, 19.455516 ], [ -99.053216, 19.4555186 ], [ -99.0533548, 19.4558354 ], [ -99.0533873, 19.4559096 ], [ -99.0534008, 19.4559403 ], [ -99.0534982, 19.4561625 ], [ -99.0535777, 19.4563439 ], [ -99.0535863, 19.4563636 ], [ -99.0537487, 19.4567343 ], [ -99.0539382, 19.4571669 ], [ -99.0539479, 19.457189 ], [ -99.0541163, 19.4575734 ], [ -99.0541281, 19.4576002 ], [ -99.0542907, 19.4579712 ], [ -99.0543076, 19.4580099 ], [ -99.0544391, 19.45831 ], [ -99.0544868, 19.458419 ], [ -99.054669499999989, 19.4588359 ], [ -99.0546753, 19.4588491 ], [ -99.0547868, 19.4591036 ], [ -99.0548561, 19.4592618 ], [ -99.0550366, 19.4596737 ], [ -99.0552886, 19.4602488 ], [ -99.0559395, 19.4618063 ], [ -99.0559531, 19.461839 ], [ -99.0560641, 19.4621044 ], [ -99.0562931, 19.4626524 ], [ -99.0565452, 19.4632556 ], [ -99.0565688, 19.4633076 ], [ -99.0571824, 19.4646621 ], [ -99.05755, 19.4654418 ], [ -99.0577361, 19.4658364 ], [ -99.0579118, 19.466209 ], [ -99.0586581, 19.4678688 ], [ -99.0590955, 19.4688416 ], [ -99.0591173, 19.46889 ], [ -99.0591178, 19.4688912 ], [ -99.059118, 19.4688917 ], [ -99.0591183, 19.4688923 ], [ -99.0591189, 19.4688937 ], [ -99.0591194, 19.4688947 ], [ -99.0591391, 19.4689386 ], [ -99.059204, 19.4690828 ], [ -99.0594544, 19.4696398 ], [ -99.060397, 19.471834 ], [ -99.0608003, 19.4727729 ], [ -99.0608593, 19.4729101 ], [ -99.0614121, 19.4741969 ], [ -99.061442, 19.4742666 ], [ -99.0618309, 19.4751718 ], [ -99.0624771, 19.4766236 ], [ -99.0624833, 19.4766375 ], [ -99.0626317, 19.4769709 ], [ -99.0629963, 19.4777899 ], [ -99.063361, 19.4786093 ], [ -99.062997, 19.4798193 ], [ -99.0636104, 19.4799696 ], [ -99.0632778, 19.4812676 ], [ -99.0633105, 19.4812749 ], [ -99.0637453, 19.4813708 ], [ -99.0637457, 19.4813709 ], [ -99.0637463, 19.481371 ], [ -99.063747, 19.4813712 ], [ -99.0639961, 19.4814261 ], [ -99.0641765, 19.4814659 ], [ -99.0645589, 19.4815503 ], [ -99.0646997, 19.4816564 ], [ -99.0648529, 19.481836 ], [ -99.065145, 19.4825279 ], [ -99.0651529, 19.4825465 ], [ -99.0653769, 19.4830773 ], [ -99.0653855, 19.4830977 ], [ -99.0654084, 19.4831518 ], [ -99.0654641, 19.4832838 ], [ -99.0656628, 19.4837544 ], [ -99.0657847, 19.484043 ], [ -99.0659296, 19.4843864 ], [ -99.0660614, 19.4846986 ], [ -99.0660729, 19.4847258 ], [ -99.0661868, 19.4849955 ], [ -99.0662929, 19.4852468 ], [ -99.066319600000014, 19.4853101 ], [ -99.0664606, 19.4856441 ], [ -99.0665837, 19.4859358 ], [ -99.0667143, 19.4862451 ], [ -99.0667258, 19.4862723 ], [ -99.066988099999989, 19.4868936 ], [ -99.0670364, 19.4870079 ], [ -99.067118100000016, 19.4872016 ], [ -99.0672781, 19.4875804 ], [ -99.0673101, 19.4876563 ], [ -99.0674868, 19.4880747 ], [ -99.0675133, 19.4881377 ], [ -99.0675845, 19.4883063 ], [ -99.0676224, 19.488396 ], [ -99.0678507, 19.4889367 ], [ -99.067922599999989, 19.4890115 ], [ -99.0679913, 19.4890832 ], [ -99.0679526, 19.4891776 ], [ -99.0674412, 19.4904233 ], [ -99.0672497, 19.4908898 ], [ -99.0671051, 19.4912419 ], [ -99.066946500000014, 19.4916283 ], [ -99.066792600000014, 19.4920033 ], [ -99.066702, 19.4922239 ], [ -99.0666669, 19.4923094 ], [ -99.0666338, 19.4923901 ], [ -99.0661087, 19.4936691 ], [ -99.0661076, 19.4936717 ], [ -99.066107, 19.4936732 ], [ -99.066107, 19.4936733 ], [ -99.066106499999989, 19.4936744 ], [ -99.0661052, 19.4936776 ], [ -99.0659349, 19.4940923 ], [ -99.065524, 19.4950216 ], [ -99.0654485, 19.4951924 ], [ -99.0652528, 19.495635 ], [ -99.0652265, 19.4956944 ], [ -99.0651187, 19.4959381 ], [ -99.0649613, 19.4962942 ], [ -99.0648445, 19.4965581 ], [ -99.0647073, 19.4968685 ], [ -99.064653299999989, 19.4969905 ], [ -99.0643218, 19.4977402 ], [ -99.0643097, 19.4977677 ], [ -99.0642053, 19.4980037 ], [ -99.0638625, 19.4987787 ], [ -99.06463, 19.4990698 ], [ -99.065212, 19.4992905 ], [ -99.0653048, 19.4993257 ], [ -99.0659789, 19.4995813 ], [ -99.066947, 19.4999484 ], [ -99.0673436, 19.5000989 ], [ -99.0680919, 19.5003826 ], [ -99.068425, 19.5005089 ], [ -99.0688125, 19.5006558 ], [ -99.0691928, 19.5008001 ], [ -99.069679799999989, 19.5009875 ], [ -99.070125499999989, 19.5011591 ], [ -99.070683, 19.5013737 ], [ -99.0714332, 19.5016625 ], [ -99.0723409, 19.5020118 ], [ -99.0728228, 19.5021973 ], [ -99.0729824, 19.5022588 ], [ -99.0732227, 19.5023512 ], [ -99.0733291, 19.5023922 ], [ -99.0740221, 19.5026589 ], [ -99.0741386, 19.5027038 ], [ -99.0742783, 19.5027576 ], [ -99.0747713, 19.5029473 ], [ -99.074902, 19.5029976 ], [ -99.0752275, 19.5031229 ], [ -99.0756882, 19.5033002 ], [ -99.0759976, 19.5034193 ], [ -99.0760482, 19.5034388 ], [ -99.0772154, 19.5038846 ], [ -99.0774749, 19.5040051 ], [ -99.077653, 19.5040879 ], [ -99.0778986, 19.504202 ], [ -99.0788524, 19.5046088 ], [ -99.0792152, 19.5047636 ], [ -99.0796298, 19.5049404 ], [ -99.0800419, 19.5051214 ], [ -99.0805647, 19.5053511 ], [ -99.0810097, 19.5055466 ], [ -99.081449299999989, 19.5057397 ], [ -99.0817738, 19.5058823 ], [ -99.0818879, 19.5059324 ], [ -99.082336, 19.5061292 ], [ -99.0827954, 19.5063311 ], [ -99.0827993, 19.5063328 ], [ -99.0832504, 19.506531 ], [ -99.0837151, 19.5067351 ], [ -99.0841474, 19.506925 ], [ -99.0846233, 19.5071341 ], [ -99.0848995, 19.5072554 ], [ -99.0850706, 19.5073306 ], [ -99.085403899999989, 19.507477 ], [ -99.0857221, 19.5076084 ], [ -99.086480099999989, 19.5079213 ], [ -99.0872697, 19.5082473 ], [ -99.087371499999989, 19.5082893 ], [ -99.087558, 19.5083663 ], [ -99.0882974, 19.5086715 ], [ -99.0889434, 19.5089383 ], [ -99.0893434, 19.5091034 ], [ -99.0894927, 19.5091549 ], [ -99.0899607, 19.5093165 ], [ -99.0901704, 19.5093888 ], [ -99.0902563, 19.5094185 ], [ -99.0903529, 19.5094619 ], [ -99.0903536, 19.5094622 ], [ -99.0903538, 19.5094623 ], [ -99.0903856, 19.5094768 ], [ -99.0903857, 19.5094768 ], [ -99.0904008, 19.5094836 ], [ -99.0905124, 19.5095337 ], [ -99.0905267, 19.5095401 ], [ -99.0905579, 19.5095541 ], [ -99.0905973, 19.5095719 ], [ -99.090675, 19.5096068 ], [ -99.0907498, 19.5096405 ], [ -99.0908499, 19.5096855 ], [ -99.0908881, 19.5097026 ], [ -99.0928973, 19.5106064 ], [ -99.093179, 19.5107331 ], [ -99.0945096, 19.5113315 ], [ -99.0948956, 19.5115051 ], [ -99.0950217, 19.5115619 ], [ -99.0956129, 19.5118277 ], [ -99.0958107, 19.5119167 ], [ -99.0971616, 19.5125243 ], [ -99.0973995, 19.5126312 ], [ -99.097857, 19.5125189 ], [ -99.098271900000015, 19.5124169 ], [ -99.0983546, 19.5123966 ], [ -99.0988888, 19.5122654 ], [ -99.0992003, 19.5121889 ], [ -99.0994326, 19.5121318 ], [ -99.0994906, 19.5121175 ], [ -99.0997693, 19.5120491 ], [ -99.1005205, 19.5118645 ], [ -99.1005885, 19.5118478 ], [ -99.1009715, 19.5117722 ], [ -99.1010839, 19.51175 ], [ -99.1013952, 19.5116884 ], [ -99.1021654, 19.5115363 ], [ -99.1022021, 19.511529 ], [ -99.1023247, 19.5115048 ], [ -99.1023374, 19.5115023 ], [ -99.1024148, 19.511487 ], [ -99.102724099999989, 19.5114259 ], [ -99.1034307, 19.5112862 ], [ -99.1038601, 19.5110889 ], [ -99.1042029, 19.5109314 ], [ -99.1043871, 19.5108467 ], [ -99.104809300000014, 19.5106528 ], [ -99.1055157, 19.5103281 ], [ -99.1059316, 19.5098864 ], [ -99.1060266, 19.5099931 ], [ -99.1061228, 19.5101549 ], [ -99.1062242, 19.5102431 ], [ -99.1064299, 19.5103211 ], [ -99.1064578, 19.5103404 ], [ -99.1064625, 19.5103437 ], [ -99.1065819, 19.5104262 ], [ -99.106739499999989, 19.5104451 ], [ -99.106933, 19.5102703 ], [ -99.1070123, 19.5102036 ], [ -99.107042400000012, 19.5101784 ], [ -99.1070939, 19.5100639 ], [ -99.1073043, 19.509685 ], [ -99.1073886, 19.5100237 ], [ -99.1074426, 19.5102878 ], [ -99.1074631, 19.5104066 ], [ -99.1075119, 19.5106898 ], [ -99.1076355, 19.5110265 ], [ -99.1076999, 19.5108551 ], [ -99.1078386, 19.5104625 ], [ -99.108645599999988, 19.5104913 ], [ -99.108668, 19.5105677 ], [ -99.1087412, 19.5107089 ], [ -99.1087633, 19.5107516 ], [ -99.108974100000012, 19.5111104 ], [ -99.1091447, 19.5107425 ], [ -99.1092274, 19.5105814 ], [ -99.1094331, 19.510312 ], [ -99.1098979, 19.5104585 ], [ -99.1099898, 19.5106189 ], [ -99.1102319, 19.5110416 ], [ -99.1102706, 19.5110558 ], [ -99.1105598, 19.5111623 ], [ -99.1105858, 19.5111719 ], [ -99.1105893, 19.5111731 ], [ -99.1144071, 19.5110608 ], [ -99.1159288, 19.5130518 ], [ -99.1168819, 19.5132369 ], [ -99.1208732, 19.516187 ], [ -99.120972, 19.5162601 ], [ -99.1209818, 19.5162673 ], [ -99.121014699999989, 19.5162917 ], [ -99.1238884, 19.5191294 ], [ -99.1240061, 19.5192456 ], [ -99.124192, 19.5194291 ], [ -99.1242475, 19.519484 ], [ -99.1243418, 19.5195771 ], [ -99.1243645, 19.5195995 ], [ -99.1247711, 19.5200009 ], [ -99.1250536, 19.52028 ], [ -99.1250628, 19.5202891 ], [ -99.1252764, 19.5204999 ], [ -99.125393, 19.5206327 ], [ -99.1257376, 19.521025 ], [ -99.1258985, 19.5212082 ], [ -99.1259247, 19.5212589 ], [ -99.1261641, 19.5217212 ], [ -99.1261654, 19.5217236 ], [ -99.1261666, 19.5217259 ], [ -99.1264147, 19.5222052 ], [ -99.1264406, 19.5222552 ], [ -99.1267214, 19.5227975 ], [ -99.1267275, 19.5228093 ], [ -99.1270635, 19.5234581 ], [ -99.1270903, 19.5235099 ], [ -99.1272982, 19.5239115 ], [ -99.1273504, 19.5240122 ], [ -99.127384299999989, 19.5240676 ], [ -99.1274975, 19.5241708 ], [ -99.127733100000015, 19.524312 ], [ -99.1277964, 19.5243631 ], [ -99.1280046, 19.5245311 ], [ -99.1281056, 19.5252931 ], [ -99.128183600000014, 19.5258813 ], [ -99.128083, 19.5266094 ], [ -99.1273779, 19.5317107 ], [ -99.1273677, 19.5350839 ], [ -99.1305746, 19.5360913 ], [ -99.130277299999989, 19.5364954 ], [ -99.1299105, 19.5369939 ], [ -99.1281464, 19.5393915 ], [ -99.1274346, 19.5401311 ], [ -99.1262755, 19.5413354 ], [ -99.1259818, 19.5416405 ], [ -99.1256926, 19.5419972 ], [ -99.1256526, 19.5420466 ], [ -99.1253747, 19.5423892 ], [ -99.1246428, 19.543422 ], [ -99.1242139, 19.5440273 ], [ -99.1235072, 19.5447032 ], [ -99.1233666, 19.5448377 ], [ -99.1232272, 19.544971 ], [ -99.122733, 19.5454437 ], [ -99.1226375, 19.5456248 ], [ -99.1225657, 19.5457607 ], [ -99.1222365, 19.5463845 ], [ -99.1221535, 19.546542 ], [ -99.1219787, 19.5468731 ], [ -99.1218826, 19.5471035 ], [ -99.1216337, 19.5476996 ], [ -99.121463, 19.5481086 ], [ -99.1213097, 19.5484757 ], [ -99.1210357, 19.549132 ], [ -99.1204363, 19.5498481 ], [ -99.1203735, 19.5499232 ], [ -99.1184801, 19.5521852 ], [ -99.115621499999989, 19.5540396 ], [ -99.1156851, 19.5557557 ], [ -99.1157186, 19.5566603 ], [ -99.1148529, 19.5575956 ], [ -99.1112411, 19.5614978 ], [ -99.108097199999989, 19.5648885 ] ] ] } },
{ "type": "Feature", "properties": { "CVEGEO": "09006", "CVE_ENT": "09", "CVE_MUN": "006", "NOMGEO": "Iztacalco" }, "geometry": { "type": "Polygon", "coordinates": [ [ [ -99.0574762, 19.4070451 ], [ -99.0573865, 19.40791 ], [ -99.0573562, 19.4082019 ], [ -99.0573177, 19.4085725 ], [ -99.057237, 19.4093496 ], [ -99.0572052, 19.4096563 ], [ -99.0571915, 19.4097875 ], [ -99.0571562, 19.4101187 ], [ -99.0570911, 19.4107284 ], [ -99.057075, 19.4108788 ], [ -99.056909499999989, 19.4124286 ], [ -99.0568466, 19.4130178 ], [ -99.0568229, 19.4132397 ], [ -99.056791, 19.4135386 ], [ -99.0567274, 19.4141337 ], [ -99.0566563, 19.4147996 ], [ -99.0566387, 19.4149866 ], [ -99.0565757, 19.4156546 ], [ -99.0565524, 19.4159022 ], [ -99.0564747, 19.4167262 ], [ -99.056444, 19.4170519 ], [ -99.0564011, 19.4175074 ], [ -99.0563115, 19.418214 ], [ -99.0563115, 19.4182141 ], [ -99.0561793, 19.4192561 ], [ -99.056178800000012, 19.4192602 ], [ -99.0561676, 19.4193483 ], [ -99.0561155, 19.4197593 ], [ -99.0560186, 19.4205235 ], [ -99.0560167, 19.420538 ], [ -99.0558883, 19.4215505 ], [ -99.0558363, 19.4219612 ], [ -99.0557865, 19.4221411 ], [ -99.0560453, 19.4222345 ], [ -99.05612090000001, 19.4221108 ], [ -99.05614, 19.4220797 ], [ -99.0562069, 19.4219508 ], [ -99.0562858, 19.421835 ], [ -99.0563879, 19.4217143 ], [ -99.0565585, 19.4215647 ], [ -99.0567103, 19.4214439 ], [ -99.0568256, 19.4213599 ], [ -99.0569233, 19.4213039 ], [ -99.0570265, 19.4212427 ], [ -99.057126599999989, 19.4211861 ], [ -99.057263400000011, 19.4211311 ], [ -99.0574053, 19.4210736 ], [ -99.0575758, 19.4210126 ], [ -99.0577521, 19.4209463 ], [ -99.057862, 19.4209064 ], [ -99.0579222, 19.4208867 ], [ -99.0598609, 19.4208436 ], [ -99.061661300000011, 19.4208289 ], [ -99.0636773, 19.4208123 ], [ -99.0647861, 19.4208258 ], [ -99.0657301, 19.4208192 ], [ -99.0678785, 19.4208041 ], [ -99.0679525, 19.4208032 ], [ -99.0682356, 19.4207775 ], [ -99.068442, 19.4207339 ], [ -99.0687433, 19.4206355 ], [ -99.0690209, 19.4205242 ], [ -99.0692926, 19.4203753 ], [ -99.0694955, 19.4202528 ], [ -99.0697597, 19.4200546 ], [ -99.0699206, 19.4198743 ], [ -99.07031, 19.4192851 ], [ -99.0706167, 19.4188103 ], [ -99.0706994, 19.418684 ], [ -99.071337899999989, 19.4177078 ], [ -99.071408300000016, 19.4175914 ], [ -99.0714307, 19.4175543 ], [ -99.0714536, 19.4175174 ], [ -99.0719799, 19.4166678 ], [ -99.0719801, 19.4166673 ], [ -99.0722127, 19.4162919 ], [ -99.0722653, 19.4162069 ], [ -99.0731491, 19.4147975 ], [ -99.0731993, 19.4147174 ], [ -99.0732321, 19.414665 ], [ -99.0732583, 19.4146232 ], [ -99.0732777, 19.4145924 ], [ -99.0733231, 19.4145128 ], [ -99.0733927, 19.4144051 ], [ -99.0734066, 19.4143837 ], [ -99.0734798, 19.4143066 ], [ -99.073512400000013, 19.4142722 ], [ -99.073777299999989, 19.4138581 ], [ -99.0740179, 19.4134892 ], [ -99.074438700000016, 19.4128549 ], [ -99.074757, 19.412363 ], [ -99.0750033, 19.4119886 ], [ -99.0751024, 19.4118379 ], [ -99.0752897, 19.4115419 ], [ -99.0754578, 19.4112721 ], [ -99.0756432, 19.4109805 ], [ -99.0758985, 19.4105786 ], [ -99.0761159, 19.4102566 ], [ -99.0763256, 19.4099727 ], [ -99.0763447, 19.4099467 ], [ -99.076626499999989, 19.4095379 ], [ -99.0766839, 19.4094546 ], [ -99.0767099, 19.4094159 ], [ -99.0767372, 19.4093753 ], [ -99.0768159, 19.4092583 ], [ -99.07686910000001, 19.4091791 ], [ -99.0769011, 19.4091316 ], [ -99.076922599999989, 19.4090978 ], [ -99.076946299999989, 19.4090604 ], [ -99.0770074, 19.4089642 ], [ -99.0771156, 19.4087958 ], [ -99.0773084, 19.4085452 ], [ -99.0773124, 19.4085401 ], [ -99.0771253, 19.4084428 ], [ -99.0770917, 19.4084251 ], [ -99.0775517, 19.4076882 ], [ -99.0779785, 19.4071476 ], [ -99.078092, 19.4071054 ], [ -99.0781218, 19.4070944 ], [ -99.0782404, 19.4070503 ], [ -99.0785215, 19.4069922 ], [ -99.078978299999989, 19.4070391 ], [ -99.0790735, 19.4070012 ], [ -99.0794591, 19.4069011 ], [ -99.0797261, 19.4068683 ], [ -99.0797901, 19.4068699 ], [ -99.0799088, 19.4068709 ], [ -99.080227, 19.406885 ], [ -99.0808312, 19.4069584 ], [ -99.0810626, 19.4069895 ], [ -99.081284700000012, 19.4070193 ], [ -99.0814111, 19.4070361 ], [ -99.0815702, 19.4070572 ], [ -99.081935300000012, 19.4071057 ], [ -99.0825022, 19.4071809 ], [ -99.0830559, 19.40726 ], [ -99.0836346, 19.4073427 ], [ -99.0837184, 19.4073547 ], [ -99.0841207, 19.4074122 ], [ -99.084709, 19.4074937 ], [ -99.0852666, 19.407571 ], [ -99.0857353, 19.4076374 ], [ -99.0857454, 19.4076388 ], [ -99.0858561, 19.4076545 ], [ -99.086382, 19.407729 ], [ -99.086874900000012, 19.4077988 ], [ -99.0874594, 19.4078816 ], [ -99.0882566, 19.4079963 ], [ -99.0888981, 19.4080906 ], [ -99.0895284, 19.4081833 ], [ -99.0902223, 19.4082853 ], [ -99.0902608, 19.408291 ], [ -99.0903069, 19.4082977 ], [ -99.0903704, 19.4083071 ], [ -99.0910517, 19.4084072 ], [ -99.091643300000015, 19.4084942 ], [ -99.0923362, 19.408596 ], [ -99.0926549, 19.4086429 ], [ -99.093015, 19.4086958 ], [ -99.093026, 19.4086974 ], [ -99.0930543, 19.4087016 ], [ -99.0931197, 19.4087105 ], [ -99.0935007, 19.4087621 ], [ -99.093907, 19.4088171 ], [ -99.094326099999989, 19.4088739 ], [ -99.0947573, 19.4089323 ], [ -99.0951705, 19.4089882 ], [ -99.0957067, 19.4090609 ], [ -99.0961233, 19.4091161 ], [ -99.0964279, 19.4091466 ], [ -99.0969794, 19.4091633 ], [ -99.0970261, 19.4091647 ], [ -99.0970539, 19.4091654 ], [ -99.0971099, 19.4091667 ], [ -99.0971897, 19.4091686 ], [ -99.09722, 19.4091694 ], [ -99.0975372, 19.409163 ], [ -99.0979031, 19.4091459 ], [ -99.0979667, 19.4091429 ], [ -99.0980434, 19.4091378 ], [ -99.0980816, 19.4089246 ], [ -99.098117699999989, 19.4089214 ], [ -99.0989091, 19.4088509 ], [ -99.0991539, 19.4088067 ], [ -99.099680299999989, 19.4087117 ], [ -99.101084899999989, 19.4084297 ], [ -99.1019061, 19.4082645 ], [ -99.1028242, 19.4080739 ], [ -99.1035308, 19.4079283 ], [ -99.1047926, 19.4076604 ], [ -99.105607299999988, 19.4074864 ], [ -99.1060763, 19.4073893 ], [ -99.1073912, 19.4071173 ], [ -99.1101532, 19.4065432 ], [ -99.1121897, 19.4061389 ], [ -99.1128385, 19.4060102 ], [ -99.1131957, 19.4059393 ], [ -99.113482, 19.4058657 ], [ -99.113485, 19.4058647 ], [ -99.1135635, 19.4058395 ], [ -99.1136344, 19.40581 ], [ -99.1138519, 19.4057788 ], [ -99.1144169, 19.4056506 ], [ -99.1144374, 19.4056459 ], [ -99.1145715, 19.4056155 ], [ -99.1145789, 19.4056146 ], [ -99.1150672, 19.4055587 ], [ -99.1155511, 19.4055483 ], [ -99.1163805, 19.4055431 ], [ -99.1167359, 19.4055409 ], [ -99.1172198, 19.4055378 ], [ -99.1180816, 19.4055265 ], [ -99.1188097, 19.4055169 ], [ -99.1196655, 19.4053739 ], [ -99.120146100000014, 19.4052919 ], [ -99.1204317, 19.4052466 ], [ -99.1210196, 19.4051533 ], [ -99.1211172, 19.405141 ], [ -99.1216043, 19.4050501 ], [ -99.1216047, 19.4050501 ], [ -99.1216051, 19.40505 ], [ -99.1216154, 19.4050484 ], [ -99.1217201, 19.4050323 ], [ -99.1222813, 19.4049495 ], [ -99.1232748, 19.4047673 ], [ -99.1237369, 19.4046772 ], [ -99.1239361, 19.4046384 ], [ -99.1255679, 19.404353 ], [ -99.1256083, 19.404346 ], [ -99.1256713, 19.4043349 ], [ -99.1256976, 19.4043308 ], [ -99.1256985, 19.4043307 ], [ -99.1256994, 19.4043305 ], [ -99.1259401, 19.4042847 ], [ -99.125956699999989, 19.4042815 ], [ -99.1264045, 19.4041963 ], [ -99.126475899999988, 19.4041846 ], [ -99.1270642, 19.4040678 ], [ -99.1275158, 19.4039274 ], [ -99.1276951, 19.4038763 ], [ -99.127922399999989, 19.4038107 ], [ -99.1281436, 19.4037419 ], [ -99.1283151, 19.4036905 ], [ -99.128667299999989, 19.4035925 ], [ -99.1286704, 19.4035917 ], [ -99.1287115, 19.4035802 ], [ -99.1288352, 19.4035458 ], [ -99.1288855, 19.4035303 ], [ -99.129015, 19.4034903 ], [ -99.129070900000016, 19.403473 ], [ -99.1295045, 19.403339 ], [ -99.1297913, 19.4032615 ], [ -99.1300394, 19.4032076 ], [ -99.130311, 19.4031649 ], [ -99.1305294, 19.4031363 ], [ -99.1305884, 19.4031302 ], [ -99.1308566, 19.4031111 ], [ -99.1310572, 19.4031056 ], [ -99.1311193, 19.4031031 ], [ -99.1314983, 19.4031185 ], [ -99.1316194, 19.4031251 ], [ -99.1319756, 19.4031483 ], [ -99.1321833, 19.4031627 ], [ -99.1324989, 19.4031914 ], [ -99.1327353, 19.4032056 ], [ -99.1329124, 19.4032132 ], [ -99.1332415, 19.4032368 ], [ -99.1337091, 19.4032601 ], [ -99.1337114, 19.4032603 ], [ -99.1337425, 19.4032618 ], [ -99.1338002, 19.4032647 ], [ -99.133819699999989, 19.403266 ], [ -99.1338759, 19.4032699 ], [ -99.1339122, 19.4032724 ], [ -99.133917, 19.4032728 ], [ -99.1342979, 19.4032992 ], [ -99.1347191, 19.4033229 ], [ -99.135162799999989, 19.4033498 ], [ -99.1354212, 19.4033626 ], [ -99.135502699999989, 19.4033321 ], [ -99.1356396, 19.4032811 ], [ -99.1356594, 19.403266 ], [ -99.1357498, 19.4031969 ], [ -99.135873500000017, 19.4030547 ], [ -99.1360394, 19.4029108 ], [ -99.136250499999989, 19.4028422 ], [ -99.1364419, 19.4028106 ], [ -99.136587600000013, 19.4028118 ], [ -99.1367946, 19.4015567 ], [ -99.1368202, 19.401342 ], [ -99.136886499999989, 19.4009254 ], [ -99.137057399999989, 19.3998548 ], [ -99.1371823, 19.3992003 ], [ -99.1363165, 19.3991373 ], [ -99.1358433, 19.3991116 ], [ -99.1352663, 19.3990921 ], [ -99.134713, 19.3990704 ], [ -99.1340444, 19.3990348 ], [ -99.1334513, 19.3990236 ], [ -99.132948399999989, 19.399013 ], [ -99.132446, 19.3989869 ], [ -99.1318638, 19.3989638 ], [ -99.1315222, 19.3989603 ], [ -99.130942499999989, 19.3989543 ], [ -99.1309672, 19.3976379 ], [ -99.1310341, 19.3967292 ], [ -99.1311631, 19.3965406 ], [ -99.1312918, 19.3962759 ], [ -99.1314317, 19.3957457 ], [ -99.1314771, 19.3955526 ], [ -99.1316559, 19.3946827 ], [ -99.1316884, 19.3945234 ], [ -99.1316974, 19.3944788 ], [ -99.1317024, 19.3944541 ], [ -99.131824, 19.3938544 ], [ -99.1318334, 19.393808 ], [ -99.1318615, 19.3936698 ], [ -99.1318847, 19.3935477 ], [ -99.1318973, 19.3934872 ], [ -99.1320419, 19.3927934 ], [ -99.1320648, 19.3926625 ], [ -99.1321004, 19.392519 ], [ -99.1321031, 19.392508 ], [ -99.1321071, 19.3924918 ], [ -99.13211, 19.3924787 ], [ -99.1323615, 19.3913116 ], [ -99.1323692, 19.3912789 ], [ -99.1323978, 19.3911572 ], [ -99.1324112, 19.3911104 ], [ -99.132674099999988, 19.3901865 ], [ -99.1326778, 19.3901684 ], [ -99.1327171, 19.3899796 ], [ -99.1327628, 19.3897365 ], [ -99.1328789, 19.3892063 ], [ -99.133006, 19.3885633 ], [ -99.133017, 19.3885085 ], [ -99.1330451, 19.3883675 ], [ -99.1332158, 19.3874902 ], [ -99.1334102, 19.3866532 ], [ -99.1334544, 19.38647 ], [ -99.133577300000013, 19.3859597 ], [ -99.133613, 19.3858203 ], [ -99.1336254, 19.385772 ], [ -99.1336356, 19.3857271 ], [ -99.13364, 19.3857076 ], [ -99.133876199999989, 19.3846635 ], [ -99.1338928, 19.3845943 ], [ -99.1339153, 19.384501 ], [ -99.1339186, 19.384487 ], [ -99.1339225, 19.3844711 ], [ -99.1341452, 19.3834145 ], [ -99.134162800000013, 19.3833345 ], [ -99.1341756, 19.3832768 ], [ -99.1342005, 19.3831637 ], [ -99.1343241, 19.3825096 ], [ -99.1343924, 19.38217 ], [ -99.1344014, 19.3821282 ], [ -99.1344358, 19.3819675 ], [ -99.1344422, 19.381933 ], [ -99.1345603, 19.3812908 ], [ -99.1347065, 19.380581 ], [ -99.1349698, 19.3793982 ], [ -99.1349989, 19.3792676 ], [ -99.135332, 19.3779608 ], [ -99.1354437, 19.3774058 ], [ -99.135487700000013, 19.377187 ], [ -99.1354247, 19.3773062 ], [ -99.135031, 19.3774005 ], [ -99.1341514, 19.3774805 ], [ -99.1338505, 19.3774483 ], [ -99.133331399999989, 19.3773968 ], [ -99.1328792, 19.3773497 ], [ -99.1324485, 19.3773029 ], [ -99.1320072, 19.3772562 ], [ -99.1315498, 19.3772153 ], [ -99.1314025, 19.3772028 ], [ -99.13107, 19.3771695 ], [ -99.1308414, 19.3771398 ], [ -99.1305688, 19.3771147 ], [ -99.1301984, 19.377078 ], [ -99.1300817, 19.3770675 ], [ -99.1296999, 19.3770291 ], [ -99.129580499999989, 19.3769981 ], [ -99.1295383, 19.3769931 ], [ -99.1294776, 19.3769757 ], [ -99.1291051, 19.3769056 ], [ -99.1284135, 19.3767849 ], [ -99.128363, 19.3767742 ], [ -99.1282787, 19.3767586 ], [ -99.1278247, 19.3766738 ], [ -99.127616, 19.3766343 ], [ -99.1274481, 19.3765984 ], [ -99.1273237, 19.3765796 ], [ -99.127241, 19.3765677 ], [ -99.1268014, 19.376498 ], [ -99.1266615, 19.3764721 ], [ -99.1266259, 19.376464 ], [ -99.1264447, 19.3764226 ], [ -99.12639, 19.3764114 ], [ -99.1261689, 19.37638 ], [ -99.125996, 19.3763462 ], [ -99.1259735, 19.3763419 ], [ -99.1258927, 19.3763284 ], [ -99.1255983, 19.3762849 ], [ -99.1254346, 19.3762607 ], [ -99.1252667, 19.3762319 ], [ -99.1250175, 19.3761909 ], [ -99.1245797, 19.3760963 ], [ -99.1244565, 19.3760668 ], [ -99.1244078, 19.3760551 ], [ -99.12409430000001, 19.3759999 ], [ -99.123981199999989, 19.3759767 ], [ -99.1235542, 19.3759003 ], [ -99.1231697, 19.3758368 ], [ -99.1226637, 19.375738 ], [ -99.1225339, 19.3756995 ], [ -99.1225374, 19.3759167 ], [ -99.1225614, 19.3774322 ], [ -99.1225638, 19.3775833 ], [ -99.122566, 19.3777203 ], [ -99.1225692, 19.3778834 ], [ -99.1225704, 19.3779483 ], [ -99.122573, 19.3780784 ], [ -99.1225891, 19.3789067 ], [ -99.122578100000013, 19.3799527 ], [ -99.1225771, 19.3800447 ], [ -99.1225765, 19.3801077 ], [ -99.122593, 19.3802747 ], [ -99.1225928, 19.3802821 ], [ -99.1225626, 19.381312 ], [ -99.122557199999989, 19.3814979 ], [ -99.1224834, 19.3823606 ], [ -99.1224765, 19.3824407 ], [ -99.121126600000011, 19.3823481 ], [ -99.1208517, 19.3823297 ], [ -99.1205539, 19.3823157 ], [ -99.1203879, 19.3823095 ], [ -99.1201141, 19.3822946 ], [ -99.119786, 19.3822783 ], [ -99.1193663, 19.3822531 ], [ -99.1190826, 19.38224 ], [ -99.118803500000013, 19.3822258 ], [ -99.1184308, 19.3821993 ], [ -99.1181739, 19.3821821 ], [ -99.118088899999989, 19.3821762 ], [ -99.1179303, 19.3821684 ], [ -99.117824399999989, 19.3821636 ], [ -99.1177831, 19.382161 ], [ -99.1177145, 19.3821607 ], [ -99.117663, 19.3821576 ], [ -99.1175659, 19.3821526 ], [ -99.1173689, 19.3821464 ], [ -99.1171962, 19.3821378 ], [ -99.1170287, 19.3821283 ], [ -99.1169211, 19.3821223 ], [ -99.116768900000011, 19.3821057 ], [ -99.1166709, 19.3820927 ], [ -99.1164752, 19.3820808 ], [ -99.1163199, 19.3820647 ], [ -99.1161419, 19.3820523 ], [ -99.1160183, 19.3820367 ], [ -99.1158354, 19.382017 ], [ -99.115729699999989, 19.3819995 ], [ -99.1155891, 19.3819753 ], [ -99.115411, 19.3819624 ], [ -99.1153069, 19.3819531 ], [ -99.115127199999989, 19.3819329 ], [ -99.1150411, 19.3819187 ], [ -99.1148051, 19.3818935 ], [ -99.1147395, 19.3818843 ], [ -99.1144648, 19.3818362 ], [ -99.1144047, 19.3818277 ], [ -99.1140968, 19.3817825 ], [ -99.1139152, 19.3817549 ], [ -99.113760200000016, 19.3817312 ], [ -99.113566100000014, 19.3817095 ], [ -99.1133795, 19.3816941 ], [ -99.1131145, 19.3816795 ], [ -99.1130578, 19.3816784 ], [ -99.1128326, 19.3816718 ], [ -99.1127205, 19.3816587 ], [ -99.1125987, 19.3816417 ], [ -99.1123808, 19.3816096 ], [ -99.1122098, 19.3815792 ], [ -99.112046299999989, 19.3815554 ], [ -99.1119597, 19.3815435 ], [ -99.1117303, 19.3815095 ], [ -99.1115604, 19.3814826 ], [ -99.111334, 19.3814417 ], [ -99.1111232, 19.3814005 ], [ -99.110936, 19.3813559 ], [ -99.1106887, 19.3813269 ], [ -99.110582799999989, 19.3813145 ], [ -99.1105564, 19.3813115 ], [ -99.110526100000016, 19.381309 ], [ -99.1104589, 19.381302 ], [ -99.1104154, 19.3812955 ], [ -99.1103869, 19.3812928 ], [ -99.1094357, 19.381179 ], [ -99.1094137, 19.3811756 ], [ -99.1093981, 19.3811731 ], [ -99.1091838, 19.3811488 ], [ -99.1089292, 19.3811199 ], [ -99.1087538, 19.3810961 ], [ -99.1085693, 19.3810705 ], [ -99.1085224, 19.3810672 ], [ -99.1080057, 19.3810016 ], [ -99.1076714, 19.3809621 ], [ -99.1074337, 19.3809409 ], [ -99.1073624, 19.3809263 ], [ -99.107314699999989, 19.3809213 ], [ -99.1070385, 19.3808932 ], [ -99.1069287, 19.3808825 ], [ -99.1068536, 19.3808753 ], [ -99.1067453, 19.3808643 ], [ -99.1065587, 19.380856 ], [ -99.1063003, 19.3808624 ], [ -99.1060893, 19.3808483 ], [ -99.105937700000013, 19.3808312 ], [ -99.1057245, 19.3808097 ], [ -99.1056667, 19.3808098 ], [ -99.1054028, 19.3807756 ], [ -99.1051071, 19.3807379 ], [ -99.104754, 19.3806901 ], [ -99.1042652, 19.3806274 ], [ -99.103755299999989, 19.3805572 ], [ -99.1033695, 19.3805101 ], [ -99.1030178, 19.3804474 ], [ -99.1012504, 19.3802396 ], [ -99.1011443, 19.3802421 ], [ -99.1010915, 19.3802433 ], [ -99.1007937, 19.380232 ], [ -99.0995132, 19.3800879 ], [ -99.0991358, 19.3800452 ], [ -99.09872, 19.3799987 ], [ -99.09831410000001, 19.3799536 ], [ -99.0979675, 19.3799097 ], [ -99.0976142, 19.3798686 ], [ -99.0972879, 19.3798351 ], [ -99.0970205, 19.3798101 ], [ -99.0966635, 19.3797806 ], [ -99.0963006, 19.3797531 ], [ -99.0959862, 19.3797406 ], [ -99.0956477, 19.3795989 ], [ -99.0955478, 19.3797542 ], [ -99.0952623, 19.3801985 ], [ -99.0950731, 19.3804931 ], [ -99.094882, 19.3807905 ], [ -99.0948269, 19.3808762 ], [ -99.0947124, 19.3810544 ], [ -99.0945567, 19.3812966 ], [ -99.0943532, 19.3816134 ], [ -99.0939113, 19.3823011 ], [ -99.093534, 19.3828883 ], [ -99.093245, 19.383338 ], [ -99.0931451, 19.3834935 ], [ -99.0929792, 19.383729 ], [ -99.092950699999989, 19.3837903 ], [ -99.0929099, 19.3838781 ], [ -99.0928974, 19.3839048 ], [ -99.0928851, 19.3839405 ], [ -99.0928459, 19.3840533 ], [ -99.0928234, 19.3840878 ], [ -99.0923171, 19.3848621 ], [ -99.0922375, 19.3849998 ], [ -99.0918943, 19.3855403 ], [ -99.0915572, 19.3860709 ], [ -99.0911664, 19.3867023 ], [ -99.0909383, 19.3870555 ], [ -99.0907381, 19.3873658 ], [ -99.0905482, 19.3876528 ], [ -99.0904779, 19.3877591 ], [ -99.0903883, 19.3878991 ], [ -99.0902169, 19.3881735 ], [ -99.089867, 19.3887154 ], [ -99.0896782, 19.3889988 ], [ -99.0895034, 19.3892668 ], [ -99.0893263, 19.3895546 ], [ -99.0891352, 19.3898579 ], [ -99.0889956, 19.3900792 ], [ -99.0888014, 19.3903823 ], [ -99.0886702, 19.3903599 ], [ -99.088612, 19.39035 ], [ -99.088243, 19.390287 ], [ -99.0878602, 19.390237 ], [ -99.0874923, 19.3901844 ], [ -99.0871268, 19.3901299 ], [ -99.086864, 19.3900919 ], [ -99.0867675, 19.3900724 ], [ -99.0866579, 19.3900631 ], [ -99.0865705, 19.3900574 ], [ -99.0865265, 19.3901521 ], [ -99.0863744, 19.3901028 ], [ -99.084907, 19.3896705 ], [ -99.0845837, 19.3894753 ], [ -99.0845254, 19.3899283 ], [ -99.0843844, 19.3906351 ], [ -99.0843242, 19.3909599 ], [ -99.084305199999989, 19.3910759 ], [ -99.0842293, 19.3914679 ], [ -99.0841431, 19.3919003 ], [ -99.0840321, 19.3924961 ], [ -99.084018, 19.3925722 ], [ -99.0838331, 19.3925233 ], [ -99.0836483, 19.3924744 ], [ -99.08358290000001, 19.3924278 ], [ -99.0832082, 19.3922463 ], [ -99.0831396, 19.392216 ], [ -99.0827991, 19.3920303 ], [ -99.0824397, 19.3918335 ], [ -99.0823751, 19.391799 ], [ -99.0821128, 19.3916571 ], [ -99.0819137, 19.3915594 ], [ -99.0817754, 19.3914999 ], [ -99.081428699999989, 19.3913188 ], [ -99.0813676, 19.3912913 ], [ -99.081052, 19.3911149 ], [ -99.080913, 19.3910485 ], [ -99.0806926, 19.3909337 ], [ -99.0804482, 19.3908159 ], [ -99.0803723, 19.3907762 ], [ -99.0799409, 19.3905324 ], [ -99.079387, 19.3902473 ], [ -99.0793617, 19.3902312 ], [ -99.078859799999989, 19.3899759 ], [ -99.0788114, 19.3899484 ], [ -99.0783546, 19.3897267 ], [ -99.077853, 19.3894549 ], [ -99.0772621, 19.3891429 ], [ -99.076758200000015, 19.3888995 ], [ -99.0763177, 19.3886836 ], [ -99.075893400000012, 19.3884697 ], [ -99.0748425, 19.3878973 ], [ -99.074514799999989, 19.3877311 ], [ -99.0745125, 19.3877299 ], [ -99.0743297, 19.3876372 ], [ -99.0741122, 19.3875304 ], [ -99.0739105, 19.3874315 ], [ -99.0734893, 19.3872117 ], [ -99.073014500000014, 19.3869555 ], [ -99.072525, 19.3867242 ], [ -99.072127099999989, 19.3865136 ], [ -99.0717352, 19.3863272 ], [ -99.0713772, 19.3861424 ], [ -99.070922, 19.3858827 ], [ -99.0707264, 19.3857777 ], [ -99.070444099999989, 19.3856256 ], [ -99.0699493, 19.3853765 ], [ -99.069478, 19.385131 ], [ -99.0689556, 19.3848631 ], [ -99.0676055, 19.3841723 ], [ -99.0667346, 19.3837168 ], [ -99.0665501, 19.3836269 ], [ -99.0663656, 19.3835371 ], [ -99.0661593, 19.3835073 ], [ -99.066157, 19.383507 ], [ -99.0658354, 19.3834605 ], [ -99.0655496, 19.383408 ], [ -99.0655449, 19.3834071 ], [ -99.0655429, 19.3834068 ], [ -99.0649976, 19.3833066 ], [ -99.0641264, 19.383143 ], [ -99.0636596, 19.3830725 ], [ -99.0633513, 19.3830152 ], [ -99.0632485, 19.3829961 ], [ -99.0623921, 19.3828505 ], [ -99.0615263, 19.3826965 ], [ -99.0610399, 19.3826189 ], [ -99.0608484, 19.3825883 ], [ -99.0608366, 19.3829689 ], [ -99.0608363, 19.3829795 ], [ -99.0608326, 19.3831 ], [ -99.0608315, 19.3831351 ], [ -99.0608001, 19.3833168 ], [ -99.0607852, 19.3834787 ], [ -99.0607828, 19.3835055 ], [ -99.0607823, 19.3835106 ], [ -99.060753100000014, 19.3836857 ], [ -99.060753100000014, 19.3836859 ], [ -99.0607524, 19.3836904 ], [ -99.0606443, 19.3843388 ], [ -99.0605101, 19.3852511 ], [ -99.0604279, 19.3857215 ], [ -99.0603702, 19.3860649 ], [ -99.0603495, 19.3861574 ], [ -99.0602515, 19.3867351 ], [ -99.0602075, 19.3870471 ], [ -99.0601663, 19.3873269 ], [ -99.0600428, 19.3879847 ], [ -99.0599903, 19.3882917 ], [ -99.0599354, 19.3886772 ], [ -99.0599276, 19.3887324 ], [ -99.0599259, 19.3887439 ], [ -99.0598701, 19.3891364 ], [ -99.0598434, 19.3893235 ], [ -99.0598431, 19.3893261 ], [ -99.059797, 19.3896499 ], [ -99.05971310000001, 19.3900081 ], [ -99.0596684, 19.3902757 ], [ -99.0596683, 19.3902757 ], [ -99.0595979, 19.3906965 ], [ -99.0595295, 19.3912111 ], [ -99.0594935, 19.3913889 ], [ -99.059446, 19.3916551 ], [ -99.0594179, 19.3918892 ], [ -99.0593515, 19.3922861 ], [ -99.0592325, 19.3930274 ], [ -99.059188, 19.3932521 ], [ -99.0591593, 19.3933702 ], [ -99.0590864, 19.3937616 ], [ -99.0589769, 19.3942546 ], [ -99.058976, 19.394537 ], [ -99.0589708, 19.3945964 ], [ -99.058926899999989, 19.3950924 ], [ -99.058823800000013, 19.3957055 ], [ -99.0587743, 19.3961161 ], [ -99.0586626, 19.3971417 ], [ -99.0585984, 19.3978056 ], [ -99.0585777, 19.3980203 ], [ -99.0585641, 19.3981612 ], [ -99.058558, 19.3982241 ], [ -99.0585584, 19.3982937 ], [ -99.0585505, 19.398348 ], [ -99.058531, 19.3984828 ], [ -99.0585122, 19.3986124 ], [ -99.0583738, 19.3997766 ], [ -99.058354, 19.399956 ], [ -99.058318, 19.4002812 ], [ -99.0582676, 19.4007358 ], [ -99.058133399999988, 19.4007196 ], [ -99.0581329, 19.4007196 ], [ -99.0581193, 19.40085 ], [ -99.0581067, 19.4009721 ], [ -99.0579246, 19.4027264 ], [ -99.0578582, 19.4033659 ], [ -99.0578078, 19.4038507 ], [ -99.0577576, 19.4043345 ], [ -99.0577161, 19.4047343 ], [ -99.0577031, 19.4048603 ], [ -99.0576517, 19.4053553 ], [ -99.0576048, 19.4058062 ], [ -99.0575501, 19.4063336 ], [ -99.057525, 19.4065753 ], [ -99.057509, 19.40673 ], [ -99.0574762, 19.4070451 ] ] ] } },
{ "type": "Feature", "properties": { "CVEGEO": "09007", "CVE_ENT": "09", "CVE_MUN": "007", "NOMGEO": "Iztapalapa" }, "geometry": { "type": "Polygon", "coordinates": [ [ [ -99.0170154, 19.3819245 ], [ -99.0171665, 19.3820036 ], [ -99.017204299999989, 19.3820233 ], [ -99.0172412, 19.3820425 ], [ -99.0175291, 19.3821924 ], [ -99.0179494, 19.3824113 ], [ -99.0179862, 19.3824305 ], [ -99.0183287, 19.3826088 ], [ -99.0187181, 19.3828116 ], [ -99.018776699999989, 19.3828422 ], [ -99.019146299999989, 19.3830347 ], [ -99.0195519, 19.3832459 ], [ -99.0195721, 19.3832563 ], [ -99.0199495, 19.3834429 ], [ -99.0200641, 19.3834995 ], [ -99.0203377, 19.3836348 ], [ -99.0203485, 19.3836401 ], [ -99.0207544, 19.3838229 ], [ -99.021112, 19.3839839 ], [ -99.0211669, 19.3840086 ], [ -99.0215525, 19.3841823 ], [ -99.0219276, 19.3843512 ], [ -99.0219576, 19.3843647 ], [ -99.0223523, 19.3845424 ], [ -99.022364700000011, 19.384548 ], [ -99.0227635, 19.3847275 ], [ -99.0231746, 19.3849126 ], [ -99.0235018, 19.38506 ], [ -99.0236337, 19.3851194 ], [ -99.0240179, 19.3852924 ], [ -99.0244071, 19.3854677 ], [ -99.0248054, 19.385647 ], [ -99.0248875, 19.3856839 ], [ -99.024959, 19.3857161 ], [ -99.025228399999989, 19.3858375 ], [ -99.0254979, 19.3859588 ], [ -99.0258845, 19.3861329 ], [ -99.026244, 19.3862947 ], [ -99.026303399999989, 19.3863215 ], [ -99.0266675, 19.3864854 ], [ -99.027479500000013, 19.386851 ], [ -99.027667, 19.3869354 ], [ -99.0279276, 19.3870528 ], [ -99.0282965, 19.3872189 ], [ -99.0286903, 19.3873961 ], [ -99.0287189, 19.387409 ], [ -99.0290692, 19.3875667 ], [ -99.029072, 19.387568 ], [ -99.0290737, 19.3875688 ], [ -99.0290738, 19.3875688 ], [ -99.029074799999989, 19.3875693 ], [ -99.0290771, 19.3875703 ], [ -99.0290775, 19.3875705 ], [ -99.0290782, 19.3875708 ], [ -99.0294857, 19.3877543 ], [ -99.0298693, 19.387927 ], [ -99.0299542, 19.3879652 ], [ -99.030284, 19.3881137 ], [ -99.0306666, 19.3882859 ], [ -99.0308073, 19.3883493 ], [ -99.031419700000015, 19.3886311 ], [ -99.0314887, 19.3886628 ], [ -99.0318928, 19.3888487 ], [ -99.0322792, 19.3890265 ], [ -99.0326698, 19.3892062 ], [ -99.032884, 19.3893048 ], [ -99.0330627, 19.389387 ], [ -99.0334541, 19.3895671 ], [ -99.0336314, 19.3896487 ], [ -99.0338527, 19.3897505 ], [ -99.03459, 19.3900897 ], [ -99.034627, 19.3901067 ], [ -99.0349113, 19.3902375 ], [ -99.0357237, 19.3906113 ], [ -99.0357482, 19.3906225 ], [ -99.036153, 19.3908088 ], [ -99.0365002, 19.3909685 ], [ -99.0369439, 19.3911727 ], [ -99.0371297, 19.3912582 ], [ -99.0373166, 19.3913443 ], [ -99.037714, 19.3915272 ], [ -99.0381047, 19.391707 ], [ -99.0381897, 19.3917461 ], [ -99.0385026, 19.3918901 ], [ -99.038504, 19.3918908 ], [ -99.0385043, 19.3918909 ], [ -99.0385055, 19.3918914 ], [ -99.0388891, 19.392068 ], [ -99.0392887, 19.3922519 ], [ -99.0397182, 19.3924496 ], [ -99.0400273, 19.3925919 ], [ -99.0401501, 19.3926484 ], [ -99.0404463, 19.3927847 ], [ -99.0408249, 19.3929589 ], [ -99.041204, 19.3931334 ], [ -99.0416071, 19.3933189 ], [ -99.0417642, 19.3933903 ], [ -99.0418327, 19.3934215 ], [ -99.0422755, 19.3936229 ], [ -99.0422765, 19.3936234 ], [ -99.0422805, 19.3936252 ], [ -99.0422855, 19.3936275 ], [ -99.0426987, 19.3938155 ], [ -99.0430677, 19.3939833 ], [ -99.0432535, 19.3940678 ], [ -99.043483400000014, 19.3941724 ], [ -99.0439054, 19.3943643 ], [ -99.044329, 19.3945571 ], [ -99.0444735, 19.3946228 ], [ -99.0447239, 19.3947356 ], [ -99.0452503, 19.3949729 ], [ -99.045675100000011, 19.3951643 ], [ -99.0457877, 19.3952151 ], [ -99.0463144, 19.3954524 ], [ -99.046866200000011, 19.3957011 ], [ -99.047039399999989, 19.3957792 ], [ -99.0473974, 19.3959405 ], [ -99.0477849, 19.3961152 ], [ -99.0478958, 19.3961659 ], [ -99.0479117, 19.3961732 ], [ -99.048009, 19.3962178 ], [ -99.0481535, 19.3962839 ], [ -99.0484535, 19.3964214 ], [ -99.0488479, 19.3966021 ], [ -99.0491526, 19.3967416 ], [ -99.0496394, 19.3969646 ], [ -99.050111, 19.3971806 ], [ -99.0505085, 19.3973627 ], [ -99.0506587, 19.3974308 ], [ -99.0508701, 19.3975265 ], [ -99.0513985, 19.397766 ], [ -99.0518606, 19.3979753 ], [ -99.0524598, 19.3982468 ], [ -99.0525714, 19.3982974 ], [ -99.052906, 19.398449 ], [ -99.0533196, 19.3986388 ], [ -99.053792, 19.3988556 ], [ -99.0539285, 19.3989183 ], [ -99.0541779, 19.3990322 ], [ -99.0549087, 19.3993657 ], [ -99.0549089, 19.3993658 ], [ -99.054909, 19.3993659 ], [ -99.0549092, 19.3993659 ], [ -99.054960799999989, 19.3993895 ], [ -99.0555705, 19.3996397 ], [ -99.0561131, 19.3998623 ], [ -99.0563007, 19.3999393 ], [ -99.0576113, 19.400477 ], [ -99.0579324, 19.4006087 ], [ -99.0581357, 19.4006921 ], [ -99.0581329, 19.4007196 ], [ -99.058133399999988, 19.4007196 ], [ -99.0582676, 19.4007358 ], [ -99.058318, 19.4002812 ], [ -99.058354, 19.399956 ], [ -99.0583738, 19.3997766 ], [ -99.0585122, 19.3986124 ], [ -99.058531, 19.3984828 ], [ -99.0585505, 19.398348 ], [ -99.0585584, 19.3982937 ], [ -99.058558, 19.3982241 ], [ -99.0585641, 19.3981612 ], [ -99.0585777, 19.3980203 ], [ -99.0585984, 19.3978056 ], [ -99.0586626, 19.3971417 ], [ -99.0587743, 19.3961161 ], [ -99.058823800000013, 19.3957055 ], [ -99.058926899999989, 19.3950924 ], [ -99.058976, 19.394537 ], [ -99.0589769, 19.3942546 ], [ -99.0590864, 19.3937616 ], [ -99.0591593, 19.3933702 ], [ -99.059188, 19.3932521 ], [ -99.0592325, 19.3930274 ], [ -99.0593515, 19.3922861 ], [ -99.0594179, 19.3918892 ], [ -99.059446, 19.3916551 ], [ -99.0594935, 19.3913889 ], [ -99.0595295, 19.3912111 ], [ -99.0595979, 19.3906965 ], [ -99.05971310000001, 19.3900081 ], [ -99.059797, 19.3896499 ], [ -99.0598431, 19.3893261 ], [ -99.0598434, 19.3893235 ], [ -99.0598701, 19.3891364 ], [ -99.0599259, 19.3887439 ], [ -99.0599276, 19.3887324 ], [ -99.0599354, 19.3886772 ], [ -99.0599903, 19.3882917 ], [ -99.0600428, 19.3879847 ], [ -99.0601663, 19.3873269 ], [ -99.0602075, 19.3870471 ], [ -99.0602515, 19.3867351 ], [ -99.0603495, 19.3861574 ], [ -99.0603702, 19.3860649 ], [ -99.0604279, 19.3857215 ], [ -99.0605101, 19.3852511 ], [ -99.0606443, 19.3843388 ], [ -99.0607524, 19.3836904 ], [ -99.060753100000014, 19.3836859 ], [ -99.060753100000014, 19.3836857 ], [ -99.0607823, 19.3835106 ], [ -99.0607828, 19.3835055 ], [ -99.0607852, 19.3834787 ], [ -99.0608001, 19.3833168 ], [ -99.0608315, 19.3831351 ], [ -99.0608326, 19.3831 ], [ -99.0608363, 19.3829795 ], [ -99.0608366, 19.3829689 ], [ -99.0608484, 19.3825883 ], [ -99.0610399, 19.3826189 ], [ -99.0615263, 19.3826965 ], [ -99.0623921, 19.3828505 ], [ -99.0632485, 19.3829961 ], [ -99.0633513, 19.3830152 ], [ -99.0636596, 19.3830725 ], [ -99.0641264, 19.383143 ], [ -99.0649976, 19.3833066 ], [ -99.0655429, 19.3834068 ], [ -99.0655449, 19.3834071 ], [ -99.0655496, 19.383408 ], [ -99.0658354, 19.3834605 ], [ -99.066157, 19.383507 ], [ -99.0661593, 19.3835073 ], [ -99.0663656, 19.3835371 ], [ -99.0665501, 19.3836269 ], [ -99.0667346, 19.3837168 ], [ -99.0676055, 19.3841723 ], [ -99.0689556, 19.3848631 ], [ -99.069478, 19.385131 ], [ -99.0699493, 19.3853765 ], [ -99.070444099999989, 19.3856256 ], [ -99.0707264, 19.3857777 ], [ -99.070922, 19.3858827 ], [ -99.0713772, 19.3861424 ], [ -99.0717352, 19.3863272 ], [ -99.072127099999989, 19.3865136 ], [ -99.072525, 19.3867242 ], [ -99.073014500000014, 19.3869555 ], [ -99.0734893, 19.3872117 ], [ -99.0739105, 19.3874315 ], [ -99.0741175, 19.387533 ], [ -99.0743297, 19.3876372 ], [ -99.0745125, 19.3877299 ], [ -99.074514799999989, 19.3877311 ], [ -99.0748425, 19.3878973 ], [ -99.075893400000012, 19.3884697 ], [ -99.0763177, 19.3886836 ], [ -99.076758200000015, 19.3888995 ], [ -99.0772621, 19.3891429 ], [ -99.077853, 19.3894549 ], [ -99.0783546, 19.3897267 ], [ -99.0788114, 19.3899484 ], [ -99.078859799999989, 19.3899759 ], [ -99.0793617, 19.3902312 ], [ -99.079387, 19.3902473 ], [ -99.0799409, 19.3905324 ], [ -99.0803723, 19.3907762 ], [ -99.0804482, 19.3908159 ], [ -99.0806926, 19.3909337 ], [ -99.080913, 19.3910485 ], [ -99.081052, 19.3911149 ], [ -99.0813676, 19.3912913 ], [ -99.081428699999989, 19.3913188 ], [ -99.0817754, 19.3914999 ], [ -99.0819137, 19.3915594 ], [ -99.0821128, 19.3916571 ], [ -99.0823751, 19.391799 ], [ -99.0824397, 19.3918335 ], [ -99.0827991, 19.3920303 ], [ -99.0831396, 19.392216 ], [ -99.0832082, 19.3922463 ], [ -99.08358290000001, 19.3924278 ], [ -99.0836483, 19.3924744 ], [ -99.0838331, 19.3925233 ], [ -99.084018, 19.3925722 ], [ -99.0840321, 19.3924961 ], [ -99.0841431, 19.3919003 ], [ -99.0842293, 19.3914679 ], [ -99.084305199999989, 19.3910759 ], [ -99.0843242, 19.3909599 ], [ -99.0843844, 19.3906351 ], [ -99.0845254, 19.3899283 ], [ -99.0845837, 19.3894753 ], [ -99.084907, 19.3896705 ], [ -99.0863744, 19.3901028 ], [ -99.0865265, 19.3901521 ], [ -99.0865705, 19.3900574 ], [ -99.0866579, 19.3900631 ], [ -99.0867675, 19.3900724 ], [ -99.086864, 19.3900919 ], [ -99.0871268, 19.3901299 ], [ -99.0874923, 19.3901844 ], [ -99.0878602, 19.390237 ], [ -99.088243, 19.390287 ], [ -99.088612, 19.39035 ], [ -99.0886702, 19.3903599 ], [ -99.0888014, 19.3903823 ], [ -99.0889956, 19.3900792 ], [ -99.0891352, 19.3898579 ], [ -99.0893263, 19.3895546 ], [ -99.0895034, 19.3892668 ], [ -99.0896782, 19.3889988 ], [ -99.089867, 19.3887154 ], [ -99.0902169, 19.3881735 ], [ -99.0903883, 19.3878991 ], [ -99.0904779, 19.3877591 ], [ -99.0905482, 19.3876528 ], [ -99.0907381, 19.3873658 ], [ -99.0909383, 19.3870555 ], [ -99.0911664, 19.3867023 ], [ -99.0915572, 19.3860709 ], [ -99.0918943, 19.3855403 ], [ -99.0922375, 19.3849998 ], [ -99.0923171, 19.3848621 ], [ -99.0928234, 19.3840878 ], [ -99.0928459, 19.3840533 ], [ -99.0928851, 19.3839405 ], [ -99.0928974, 19.3839048 ], [ -99.0929099, 19.3838781 ], [ -99.092950699999989, 19.3837903 ], [ -99.0929792, 19.383729 ], [ -99.0931451, 19.3834935 ], [ -99.093245, 19.383338 ], [ -99.093534, 19.3828883 ], [ -99.0939113, 19.3823011 ], [ -99.0943532, 19.3816134 ], [ -99.0945567, 19.3812966 ], [ -99.0947124, 19.3810544 ], [ -99.0948269, 19.3808762 ], [ -99.094882, 19.3807905 ], [ -99.0950731, 19.3804931 ], [ -99.0952623, 19.3801985 ], [ -99.0955478, 19.3797542 ], [ -99.0956477, 19.3795989 ], [ -99.0959862, 19.3797406 ], [ -99.0963006, 19.3797531 ], [ -99.0966635, 19.3797806 ], [ -99.0970205, 19.3798101 ], [ -99.0972879, 19.3798351 ], [ -99.0976142, 19.3798686 ], [ -99.0979675, 19.3799097 ], [ -99.09831410000001, 19.3799536 ], [ -99.09872, 19.3799987 ], [ -99.0991358, 19.3800452 ], [ -99.0995132, 19.3800879 ], [ -99.1007937, 19.380232 ], [ -99.1010915, 19.3802433 ], [ -99.1011443, 19.3802421 ], [ -99.1012504, 19.3802396 ], [ -99.1030178, 19.3804474 ], [ -99.1033695, 19.3805101 ], [ -99.103755299999989, 19.3805572 ], [ -99.1042652, 19.3806274 ], [ -99.104754, 19.3806901 ], [ -99.1051071, 19.3807379 ], [ -99.1054028, 19.3807756 ], [ -99.1056667, 19.3808098 ], [ -99.1057245, 19.3808097 ], [ -99.105937700000013, 19.3808312 ], [ -99.1060893, 19.3808483 ], [ -99.1063003, 19.3808624 ], [ -99.1065587, 19.380856 ], [ -99.1067453, 19.3808643 ], [ -99.1068536, 19.3808753 ], [ -99.1069287, 19.3808825 ], [ -99.1070385, 19.3808932 ], [ -99.107314699999989, 19.3809213 ], [ -99.1073624, 19.3809263 ], [ -99.1074337, 19.3809409 ], [ -99.1076714, 19.3809621 ], [ -99.1080057, 19.3810016 ], [ -99.1085224, 19.3810672 ], [ -99.1085693, 19.3810705 ], [ -99.1087538, 19.3810961 ], [ -99.1089292, 19.3811199 ], [ -99.1091838, 19.3811488 ], [ -99.1093981, 19.3811731 ], [ -99.1094137, 19.3811756 ], [ -99.1094357, 19.381179 ], [ -99.1103869, 19.3812928 ], [ -99.1104154, 19.3812955 ], [ -99.1104589, 19.381302 ], [ -99.110526100000016, 19.381309 ], [ -99.1105564, 19.3813115 ], [ -99.110582799999989, 19.3813145 ], [ -99.1106887, 19.3813269 ], [ -99.110936, 19.3813559 ], [ -99.1111232, 19.3814005 ], [ -99.111334, 19.3814417 ], [ -99.1115604, 19.3814826 ], [ -99.1117303, 19.3815095 ], [ -99.1119597, 19.3815435 ], [ -99.112046299999989, 19.3815554 ], [ -99.1122098, 19.3815792 ], [ -99.1123808, 19.3816096 ], [ -99.1125987, 19.3816417 ], [ -99.1127205, 19.3816587 ], [ -99.1128326, 19.3816718 ], [ -99.1130578, 19.3816784 ], [ -99.1131145, 19.3816795 ], [ -99.1133795, 19.3816941 ], [ -99.113566100000014, 19.3817095 ], [ -99.113760200000016, 19.3817312 ], [ -99.1139152, 19.3817549 ], [ -99.1140968, 19.3817825 ], [ -99.1144047, 19.3818277 ], [ -99.1144648, 19.3818362 ], [ -99.1147395, 19.3818843 ], [ -99.1148051, 19.3818935 ], [ -99.1150411, 19.3819187 ], [ -99.115127199999989, 19.3819329 ], [ -99.1153069, 19.3819531 ], [ -99.115411, 19.3819624 ], [ -99.1155891, 19.3819753 ], [ -99.115729699999989, 19.3819995 ], [ -99.1158354, 19.382017 ], [ -99.1160183, 19.3820367 ], [ -99.1161419, 19.3820523 ], [ -99.1163199, 19.3820647 ], [ -99.1164752, 19.3820808 ], [ -99.1166709, 19.3820927 ], [ -99.116768900000011, 19.3821057 ], [ -99.1169211, 19.3821223 ], [ -99.1170287, 19.3821283 ], [ -99.1171962, 19.3821378 ], [ -99.1173689, 19.3821464 ], [ -99.1175659, 19.3821526 ], [ -99.117663, 19.3821576 ], [ -99.1177145, 19.3821607 ], [ -99.1177831, 19.382161 ], [ -99.117824399999989, 19.3821636 ], [ -99.1179303, 19.3821684 ], [ -99.118088899999989, 19.3821762 ], [ -99.1181739, 19.3821821 ], [ -99.1184308, 19.3821993 ], [ -99.118803500000013, 19.3822258 ], [ -99.1190826, 19.38224 ], [ -99.1193663, 19.3822531 ], [ -99.119786, 19.3822783 ], [ -99.1201141, 19.3822946 ], [ -99.1203879, 19.3823095 ], [ -99.1205539, 19.3823157 ], [ -99.1208517, 19.3823297 ], [ -99.121126600000011, 19.3823481 ], [ -99.1224765, 19.3824407 ], [ -99.1224834, 19.3823606 ], [ -99.122557199999989, 19.3814979 ], [ -99.1225626, 19.381312 ], [ -99.1225928, 19.3802821 ], [ -99.122593, 19.3802747 ], [ -99.1225765, 19.3801077 ], [ -99.1225771, 19.3800447 ], [ -99.122578100000013, 19.3799527 ], [ -99.1225891, 19.3789067 ], [ -99.122573, 19.3780784 ], [ -99.1225704, 19.3779483 ], [ -99.1225692, 19.3778834 ], [ -99.122566, 19.3777203 ], [ -99.1225638, 19.3775833 ], [ -99.1225614, 19.3774322 ], [ -99.1225374, 19.3759167 ], [ -99.1225339, 19.3756995 ], [ -99.1226637, 19.375738 ], [ -99.1231697, 19.3758368 ], [ -99.1235542, 19.3759003 ], [ -99.123981199999989, 19.3759767 ], [ -99.12409430000001, 19.3759999 ], [ -99.1244078, 19.3760551 ], [ -99.1244565, 19.3760668 ], [ -99.1245797, 19.3760963 ], [ -99.1250175, 19.3761909 ], [ -99.1252667, 19.3762319 ], [ -99.1254346, 19.3762607 ], [ -99.1255983, 19.3762849 ], [ -99.1258927, 19.3763284 ], [ -99.1259735, 19.3763419 ], [ -99.125996, 19.3763462 ], [ -99.1261689, 19.37638 ], [ -99.12639, 19.3764114 ], [ -99.1264447, 19.3764226 ], [ -99.1266259, 19.376464 ], [ -99.1266615, 19.3764721 ], [ -99.1268014, 19.376498 ], [ -99.127241, 19.3765677 ], [ -99.1273237, 19.3765796 ], [ -99.1274481, 19.3765984 ], [ -99.127616, 19.3766343 ], [ -99.1278247, 19.3766738 ], [ -99.1282787, 19.3767586 ], [ -99.128363, 19.3767742 ], [ -99.1284135, 19.3767849 ], [ -99.1291051, 19.3769056 ], [ -99.1294776, 19.3769757 ], [ -99.1295383, 19.3769931 ], [ -99.129580499999989, 19.3769981 ], [ -99.1296999, 19.3770291 ], [ -99.1300817, 19.3770675 ], [ -99.1301984, 19.377078 ], [ -99.1305688, 19.3771147 ], [ -99.1308414, 19.3771398 ], [ -99.13107, 19.3771695 ], [ -99.1314025, 19.3772028 ], [ -99.1315498, 19.3772153 ], [ -99.1320072, 19.3772562 ], [ -99.1324485, 19.3773029 ], [ -99.1328792, 19.3773497 ], [ -99.133331399999989, 19.3773968 ], [ -99.1338505, 19.3774483 ], [ -99.1341514, 19.3774805 ], [ -99.135031, 19.3774005 ], [ -99.1354247, 19.3773063 ], [ -99.135487700000013, 19.377187 ], [ -99.1357305, 19.3761916 ], [ -99.1357984, 19.3758713 ], [ -99.135939, 19.3752295 ], [ -99.1360002, 19.3748716 ], [ -99.136229, 19.3738467 ], [ -99.1364535, 19.3728717 ], [ -99.1367263, 19.3716266 ], [ -99.1369309, 19.3707904 ], [ -99.1371775, 19.3696165 ], [ -99.1374178, 19.36862 ], [ -99.1375574, 19.3680127 ], [ -99.1377386, 19.3672114 ], [ -99.137829599999989, 19.3667042 ], [ -99.1379503, 19.3660913 ], [ -99.1380789, 19.365503 ], [ -99.1382255, 19.3649113 ], [ -99.1383825, 19.3642875 ], [ -99.138519300000013, 19.3636309 ], [ -99.1386377, 19.3630806 ], [ -99.138767, 19.3624607 ], [ -99.1389038, 19.3618078 ], [ -99.1390403, 19.3611259 ], [ -99.139188, 19.3604858 ], [ -99.1394, 19.3595368 ], [ -99.1396563, 19.3583536 ], [ -99.1398938, 19.3573696 ], [ -99.1398887, 19.35714 ], [ -99.139836, 19.3569176 ], [ -99.1392319, 19.3568653 ], [ -99.1377216, 19.3567684 ], [ -99.1372787, 19.3567428 ], [ -99.1369371, 19.3567173 ], [ -99.1365743, 19.3566946 ], [ -99.1362538, 19.3566748 ], [ -99.1359152, 19.3566464 ], [ -99.1355242, 19.3566231 ], [ -99.1350314, 19.3565891 ], [ -99.1347472, 19.3565692 ], [ -99.1345598, 19.3565636 ], [ -99.1343965, 19.3565465 ], [ -99.134270500000014, 19.3565407 ], [ -99.1339705, 19.3565337 ], [ -99.1336742, 19.3565519 ], [ -99.1334882, 19.3565881 ], [ -99.1330743, 19.3567361 ], [ -99.132914899999989, 19.356801 ], [ -99.1326911, 19.3569177 ], [ -99.1325022, 19.3570339 ], [ -99.1323693, 19.3571198 ], [ -99.1322874, 19.3571768 ], [ -99.132127, 19.3573011 ], [ -99.1319133, 19.35752 ], [ -99.131763, 19.3577167 ], [ -99.1314241, 19.3582601 ], [ -99.131361, 19.3583757 ], [ -99.1311779, 19.3586609 ], [ -99.1308698, 19.3586274 ], [ -99.1303281, 19.3585686 ], [ -99.1301424, 19.3585484 ], [ -99.1298581, 19.3585176 ], [ -99.1295263, 19.3584815 ], [ -99.129386, 19.3584663 ], [ -99.129097699999988, 19.358435 ], [ -99.1289303, 19.3584171 ], [ -99.128695, 19.3583913 ], [ -99.1283976, 19.3583596 ], [ -99.1282771, 19.3583459 ], [ -99.1277085, 19.3582841 ], [ -99.1271706, 19.3582257 ], [ -99.1270887, 19.3582168 ], [ -99.1267338, 19.3581783 ], [ -99.126583, 19.3581619 ], [ -99.1262876, 19.3581296 ], [ -99.1261134, 19.3581109 ], [ -99.1256138, 19.3580566 ], [ -99.1251146, 19.3580024 ], [ -99.1246241, 19.3579492 ], [ -99.123621, 19.3578402 ], [ -99.122697699999989, 19.3577399 ], [ -99.1225533, 19.3577242 ], [ -99.1224773, 19.357716 ], [ -99.1223863, 19.3577061 ], [ -99.122374799999989, 19.3577048 ], [ -99.1220011, 19.3576642 ], [ -99.1219994, 19.3576641 ], [ -99.1219974, 19.3576638 ], [ -99.1219871, 19.3576627 ], [ -99.1219797, 19.3576618 ], [ -99.121977199999989, 19.3576421 ], [ -99.1219761, 19.3576339 ], [ -99.1218904, 19.3569765 ], [ -99.1215886, 19.3546364 ], [ -99.1214536, 19.3539201 ], [ -99.1212619, 19.3533402 ], [ -99.120931399999989, 19.3523151 ], [ -99.1207774, 19.3518415 ], [ -99.120488099999989, 19.3511496 ], [ -99.1203609, 19.3508455 ], [ -99.1203604, 19.3508442 ], [ -99.1202421, 19.3505613 ], [ -99.1201464, 19.3504278 ], [ -99.1198241, 19.3499925 ], [ -99.1195601, 19.3496149 ], [ -99.1195468, 19.3495915 ], [ -99.1194572, 19.3494565 ], [ -99.118904199999989, 19.3486226 ], [ -99.1182316, 19.3476084 ], [ -99.1181362, 19.3474646 ], [ -99.1180612, 19.3473514 ], [ -99.117764, 19.3468353 ], [ -99.1173922, 19.3461893 ], [ -99.1172606, 19.3459445 ], [ -99.1170669, 19.3455837 ], [ -99.1170517, 19.3455559 ], [ -99.1164045, 19.344394 ], [ -99.1162189, 19.344116 ], [ -99.1160821, 19.3439638 ], [ -99.1158747, 19.3437055 ], [ -99.1157314, 19.3435325 ], [ -99.1156582, 19.3434328 ], [ -99.1155715, 19.3432641 ], [ -99.1154157, 19.3429115 ], [ -99.1153072, 19.3426662 ], [ -99.1152429, 19.3425173 ], [ -99.1151633, 19.3423331 ], [ -99.1151151, 19.3422345 ], [ -99.1149528, 19.3418722 ], [ -99.1145488, 19.3409705 ], [ -99.114475500000012, 19.3407905 ], [ -99.1144471, 19.3406786 ], [ -99.1144322, 19.3405853 ], [ -99.1143967, 19.3404205 ], [ -99.1143448, 19.3400716 ], [ -99.1143118, 19.3398309 ], [ -99.1142159, 19.3392298 ], [ -99.1141826, 19.3390145 ], [ -99.1141776, 19.3389696 ], [ -99.1141357, 19.3386375 ], [ -99.1140684, 19.3382497 ], [ -99.1140386, 19.3381363 ], [ -99.1140204, 19.3379597 ], [ -99.1139568, 19.3376371 ], [ -99.1139074, 19.3373362 ], [ -99.1137639, 19.336924 ], [ -99.1135967, 19.336648 ], [ -99.1132153, 19.3359773 ], [ -99.1130223, 19.3355586 ], [ -99.1129636, 19.3354293 ], [ -99.112934599999988, 19.3353685 ], [ -99.1124393, 19.3346344 ], [ -99.1121585, 19.3342183 ], [ -99.1119305, 19.3339633 ], [ -99.1116183, 19.333667 ], [ -99.111269299999989, 19.3334249 ], [ -99.11072, 19.3331434 ], [ -99.1105897, 19.3330765 ], [ -99.1105383, 19.3330476 ], [ -99.1103234, 19.3328797 ], [ -99.110167600000011, 19.3326965 ], [ -99.1100923, 19.3325815 ], [ -99.1099967, 19.3323353 ], [ -99.1099816, 19.3322963 ], [ -99.109838900000014, 19.3318037 ], [ -99.109818, 19.3317318 ], [ -99.1097211, 19.3314667 ], [ -99.1096297, 19.331314 ], [ -99.1093051, 19.3308685 ], [ -99.1091397, 19.3306081 ], [ -99.108945, 19.3303015 ], [ -99.1086213, 19.3297995 ], [ -99.1083524, 19.3293826 ], [ -99.1083359, 19.3293571 ], [ -99.1080119, 19.3288546 ], [ -99.1079292, 19.3287263 ], [ -99.1075885, 19.3282868 ], [ -99.1070702, 19.3277456 ], [ -99.1068184, 19.3274865 ], [ -99.1065443, 19.3272046 ], [ -99.1064337, 19.3270908 ], [ -99.1060926, 19.3267398 ], [ -99.1060763, 19.326723 ], [ -99.106046299999988, 19.3266922 ], [ -99.1057567, 19.3263341 ], [ -99.1057293, 19.3263003 ], [ -99.1056939, 19.3262657 ], [ -99.1055458, 19.3261209 ], [ -99.1054284, 19.3260061 ], [ -99.1052171, 19.3257994 ], [ -99.1052064, 19.3257889 ], [ -99.105101499999989, 19.3256864 ], [ -99.1048913, 19.3254807 ], [ -99.104336300000014, 19.3249379 ], [ -99.1041862, 19.3248105 ], [ -99.103987100000012, 19.3246734 ], [ -99.103839799999989, 19.3245969 ], [ -99.1038207, 19.3245869 ], [ -99.1034582, 19.3244162 ], [ -99.1033453, 19.324356 ], [ -99.1027815, 19.3240551 ], [ -99.1023997, 19.323839 ], [ -99.1020665, 19.3236409 ], [ -99.1019671, 19.3235819 ], [ -99.1017021, 19.3234244 ], [ -99.1014179, 19.3232393 ], [ -99.1011696, 19.3230774 ], [ -99.1010475, 19.3229885 ], [ -99.1008427, 19.3228393 ], [ -99.1006844, 19.3226827 ], [ -99.1004064, 19.3224044 ], [ -99.099953899999988, 19.3219196 ], [ -99.0995953, 19.3214734 ], [ -99.0995361, 19.3213997 ], [ -99.0994125, 19.321244 ], [ -99.0992984, 19.3211003 ], [ -99.0992421, 19.3209873 ], [ -99.099207, 19.320917 ], [ -99.0991245, 19.3206571 ], [ -99.0990769, 19.3204443 ], [ -99.0990769, 19.3204441 ], [ -99.0990763, 19.3204415 ], [ -99.0990592, 19.3204419 ], [ -99.0988007, 19.3204482 ], [ -99.098696499999988, 19.3196414 ], [ -99.0984887, 19.3190381 ], [ -99.0986453, 19.3189576 ], [ -99.0987097, 19.3187949 ], [ -99.0986855, 19.3186744 ], [ -99.0986465, 19.3185902 ], [ -99.0984426, 19.3182727 ], [ -99.098238, 19.3179597 ], [ -99.0977101, 19.317173 ], [ -99.0974404, 19.3168264 ], [ -99.0967569, 19.3159884 ], [ -99.0958505, 19.314815 ], [ -99.094965, 19.3136913 ], [ -99.094265400000012, 19.3127715 ], [ -99.094089, 19.3128683 ], [ -99.0939352, 19.3126682 ], [ -99.093573, 19.3122045 ], [ -99.0932236, 19.3117572 ], [ -99.0931829, 19.3117022 ], [ -99.0928343, 19.3112628 ], [ -99.0927279, 19.3111228 ], [ -99.0926792, 19.3110627 ], [ -99.092619, 19.3109885 ], [ -99.092349, 19.3106798 ], [ -99.0922499, 19.3105846 ], [ -99.0919269, 19.3102115 ], [ -99.0917938, 19.3100521 ], [ -99.0917356, 19.3099866 ], [ -99.0914193, 19.3095672 ], [ -99.0908143, 19.3087706 ], [ -99.0907988, 19.3087524 ], [ -99.0905729, 19.3084883 ], [ -99.090535, 19.308444 ], [ -99.0903788, 19.3082444 ], [ -99.090364799999989, 19.3082266 ], [ -99.0902924, 19.3081295 ], [ -99.0900252, 19.307871 ], [ -99.0898771, 19.3077277 ], [ -99.0897717, 19.3076278 ], [ -99.089669, 19.3074896 ], [ -99.0896013, 19.3073986 ], [ -99.0895591, 19.3073035 ], [ -99.0894869, 19.307141 ], [ -99.0893741, 19.3070153 ], [ -99.0893063, 19.3069397 ], [ -99.089232600000017, 19.3068576 ], [ -99.089043300000014, 19.3065946 ], [ -99.089021, 19.3065637 ], [ -99.0889616, 19.3065036 ], [ -99.088841, 19.3063815 ], [ -99.0886532, 19.3061914 ], [ -99.0886152, 19.3061529 ], [ -99.088443399999989, 19.3059551 ], [ -99.0884038, 19.3059176 ], [ -99.0883904, 19.3059049 ], [ -99.088348599999989, 19.3058483 ], [ -99.0881448, 19.305573 ], [ -99.0879499, 19.3053419 ], [ -99.0879355, 19.3053249 ], [ -99.0876589, 19.3046819 ], [ -99.0874656, 19.3044837 ], [ -99.0871984, 19.3041656 ], [ -99.0871854, 19.3041497 ], [ -99.0867183, 19.3037954 ], [ -99.086291800000012, 19.3036042 ], [ -99.086157899999989, 19.3035044 ], [ -99.0858753, 19.3031908 ], [ -99.0856248, 19.3028887 ], [ -99.0853838, 19.3025913 ], [ -99.0851333, 19.3022698 ], [ -99.0848568, 19.301981 ], [ -99.0845852, 19.3016629 ], [ -99.0844717, 19.301515 ], [ -99.0843582, 19.301367 ], [ -99.0841127, 19.30104 ], [ -99.0838443, 19.3007239 ], [ -99.0835907, 19.3004096 ], [ -99.083372, 19.3000789 ], [ -99.083168199999989, 19.2996523 ], [ -99.0823181, 19.2985832 ], [ -99.0803711, 19.2962372 ], [ -99.0799713, 19.2957678 ], [ -99.079694, 19.2954539 ], [ -99.0792064, 19.2948681 ], [ -99.0789706, 19.2945885 ], [ -99.0786593, 19.2942131 ], [ -99.078023, 19.293474 ], [ -99.077719699999989, 19.293228 ], [ -99.0773153, 19.2929629 ], [ -99.0772257, 19.2928487 ], [ -99.07591, 19.2909862 ], [ -99.0752459, 19.2900793 ], [ -99.0749411, 19.2896981 ], [ -99.0744873, 19.2893718 ], [ -99.0740741, 19.289099 ], [ -99.0723565, 19.2879482 ], [ -99.0721852, 19.2878183 ], [ -99.0713758, 19.2870701 ], [ -99.069879899999989, 19.2857347 ], [ -99.0691529, 19.2850857 ], [ -99.0689668, 19.2849559 ], [ -99.0688206, 19.2851235 ], [ -99.068642, 19.2853284 ], [ -99.0685607, 19.2854217 ], [ -99.0684772, 19.2855186 ], [ -99.0682982, 19.2857261 ], [ -99.068119, 19.285934 ], [ -99.068089199999989, 19.2859648 ], [ -99.0679341, 19.2861257 ], [ -99.0677748, 19.286291 ], [ -99.0675715, 19.2865019 ], [ -99.0673763, 19.2867023 ], [ -99.0672019, 19.2868814 ], [ -99.0670577, 19.2870293 ], [ -99.0670202, 19.2870664 ], [ -99.0667107, 19.2873725 ], [ -99.0663659, 19.2877137 ], [ -99.0660303, 19.2880456 ], [ -99.065963, 19.2881121 ], [ -99.0657584, 19.2883159 ], [ -99.0656972, 19.2883769 ], [ -99.0655213, 19.288552 ], [ -99.0653552, 19.2887175 ], [ -99.065014800000014, 19.2890609 ], [ -99.0649484, 19.2891279 ], [ -99.0647306, 19.2893477 ], [ -99.0643938, 19.2896875 ], [ -99.064272699999989, 19.2898097 ], [ -99.0641646, 19.2899194 ], [ -99.0637367, 19.2903538 ], [ -99.0634331, 19.2906641 ], [ -99.0633864, 19.2907124 ], [ -99.0630677, 19.2910423 ], [ -99.0628237, 19.2912947 ], [ -99.0625063, 19.2916471 ], [ -99.0620961, 19.2921044 ], [ -99.0617236, 19.2925196 ], [ -99.0616839, 19.2925639 ], [ -99.0616489, 19.2926303 ], [ -99.0616317, 19.2926631 ], [ -99.061617900000016, 19.2930696 ], [ -99.0616013, 19.293556 ], [ -99.061562099999989, 19.2940922 ], [ -99.0617192, 19.2942196 ], [ -99.0619776, 19.294425 ], [ -99.0621274, 19.2948222 ], [ -99.0623411, 19.2956548 ], [ -99.062352499999989, 19.2956958 ], [ -99.0624049, 19.2959024 ], [ -99.0624552, 19.2961003 ], [ -99.0625121, 19.2963244 ], [ -99.062594499999989, 19.2967145 ], [ -99.0626095, 19.2968346 ], [ -99.0626204, 19.2969915 ], [ -99.0626422, 19.297304 ], [ -99.0628024, 19.2976062 ], [ -99.0629674, 19.297826 ], [ -99.0633993, 19.2984015 ], [ -99.063603, 19.2986731 ], [ -99.0639454, 19.2994806 ], [ -99.0643843, 19.3005124 ], [ -99.0644221, 19.3006049 ], [ -99.064587, 19.3010866 ], [ -99.0647774, 19.3016431 ], [ -99.064500400000014, 19.3025204 ], [ -99.0644901, 19.3025498 ], [ -99.064348, 19.3029632 ], [ -99.0641732, 19.30348 ], [ -99.0640326, 19.303879 ], [ -99.0638311, 19.304452 ], [ -99.0637168, 19.3047762 ], [ -99.0634351, 19.3055835 ], [ -99.0634252, 19.3056116 ], [ -99.0633996, 19.305685 ], [ -99.0626639, 19.3054408 ], [ -99.0608856, 19.3048582 ], [ -99.0604865, 19.3046902 ], [ -99.0598713, 19.3044407 ], [ -99.0584023, 19.3062556 ], [ -99.0569301, 19.3080565 ], [ -99.056202399999989, 19.3089509 ], [ -99.0560975, 19.3090798 ], [ -99.0557707, 19.3094797 ], [ -99.05548, 19.3098314 ], [ -99.0553488, 19.3099945 ], [ -99.0551885, 19.3101937 ], [ -99.055135299999989, 19.3102572 ], [ -99.0548994, 19.3105387 ], [ -99.0546558, 19.3108432 ], [ -99.054447599999989, 19.3110801 ], [ -99.054208100000011, 19.3113545 ], [ -99.0541853, 19.3113813 ], [ -99.0539954, 19.311604 ], [ -99.0539805, 19.3116215 ], [ -99.0537826, 19.3118598 ], [ -99.0522633, 19.3107605 ], [ -99.0520708, 19.3110071 ], [ -99.05205, 19.3110337 ], [ -99.0509325, 19.312397 ], [ -99.0508869, 19.3124526 ], [ -99.0506697, 19.3126923 ], [ -99.0504296, 19.3129572 ], [ -99.0503143, 19.3128857 ], [ -99.0503096, 19.3128827 ], [ -99.0496152, 19.3124193 ], [ -99.049386399999989, 19.3122665 ], [ -99.0488677, 19.311884 ], [ -99.0488611, 19.3118922 ], [ -99.0484174, 19.3124426 ], [ -99.0481285, 19.3128012 ], [ -99.0476842, 19.3133774 ], [ -99.047511200000017, 19.3136019 ], [ -99.0470994, 19.3141361 ], [ -99.0466886, 19.3146691 ], [ -99.0466177, 19.3148765 ], [ -99.0463145, 19.3145246 ], [ -99.0461361, 19.3143353 ], [ -99.045934, 19.3141717 ], [ -99.0458103, 19.3140325 ], [ -99.0457041, 19.3138915 ], [ -99.0456511, 19.3138211 ], [ -99.0456135, 19.3137769 ], [ -99.0454284, 19.3135591 ], [ -99.0452693, 19.3133769 ], [ -99.0449345, 19.3128613 ], [ -99.0448382, 19.3127773 ], [ -99.0448363, 19.3127795 ], [ -99.0446765, 19.3129711 ], [ -99.0445922, 19.3129105 ], [ -99.0436125, 19.3122077 ], [ -99.0435048, 19.312338 ], [ -99.0432695, 19.3126227 ], [ -99.0430282, 19.3129146 ], [ -99.0427818, 19.3132127 ], [ -99.0426419, 19.3133819 ], [ -99.0426068, 19.3134243 ], [ -99.0425241, 19.3135244 ], [ -99.042394699999988, 19.313681 ], [ -99.042231, 19.313879 ], [ -99.0421844, 19.3139354 ], [ -99.0419857, 19.3141758 ], [ -99.0419529, 19.3142155 ], [ -99.0417796, 19.3144164 ], [ -99.0417094, 19.3143391 ], [ -99.0407456, 19.3151574 ], [ -99.0404425, 19.3154147 ], [ -99.040103, 19.3151267 ], [ -99.0400523, 19.3150837 ], [ -99.0398702, 19.3149291 ], [ -99.0397549, 19.3148313 ], [ -99.0395852, 19.3146873 ], [ -99.0395129, 19.3147477 ], [ -99.03938, 19.3149058 ], [ -99.0393559, 19.3149344 ], [ -99.039318, 19.3149795 ], [ -99.0392952, 19.3150144 ], [ -99.0392425, 19.3150953 ], [ -99.0392261, 19.3151204 ], [ -99.039156, 19.3152279 ], [ -99.0391094, 19.3152994 ], [ -99.039034, 19.315415 ], [ -99.0389764, 19.3154884 ], [ -99.038852800000015, 19.315646 ], [ -99.0387929, 19.3156859 ], [ -99.0387329, 19.3157258 ], [ -99.0349164, 19.3168039 ], [ -99.025961099999989, 19.3193382 ], [ -99.0187397, 19.3216271 ], [ -99.009449, 19.3245698 ], [ -99.007551, 19.3251709 ], [ -99.001354299999988, 19.3271336 ], [ -99.00135370000001, 19.3271336 ], [ -98.9979715, 19.3269773 ], [ -98.9929403, 19.3267447 ], [ -98.9865347, 19.3264483 ], [ -98.9808926, 19.3261875 ], [ -98.9798682, 19.3261396 ], [ -98.9795674, 19.325787 ], [ -98.9806073, 19.3246567 ], [ -98.9802644, 19.3241901 ], [ -98.9801945, 19.3241468 ], [ -98.979708, 19.3240299 ], [ -98.9793394, 19.323962 ], [ -98.9789278, 19.3239305 ], [ -98.978805200000011, 19.3239212 ], [ -98.9785603, 19.3239025 ], [ -98.9785454, 19.3240461 ], [ -98.978525, 19.3242439 ], [ -98.9784974, 19.3245097 ], [ -98.9784871, 19.3246101 ], [ -98.9783303, 19.3246416 ], [ -98.9782507, 19.3250728 ], [ -98.9782486, 19.3250843 ], [ -98.9782486, 19.3250844 ], [ -98.9782031, 19.3253311 ], [ -98.977926599999989, 19.3252852 ], [ -98.9780456, 19.3249924 ], [ -98.9774939, 19.3247686 ], [ -98.9774099, 19.3251661 ], [ -98.9773974, 19.3252254 ], [ -98.9773927, 19.3252238 ], [ -98.9769418, 19.3250682 ], [ -98.9765905, 19.3249476 ], [ -98.9765165, 19.3242557 ], [ -98.9762282, 19.3242962 ], [ -98.9762924, 19.3249384 ], [ -98.9762028, 19.3249406 ], [ -98.9761689, 19.3249415 ], [ -98.9759564, 19.3249468 ], [ -98.9753237, 19.3256435 ], [ -98.9747092, 19.3256672 ], [ -98.9711834, 19.3254316 ], [ -98.9707923, 19.3251823 ], [ -98.9703927, 19.3249276 ], [ -98.9698646, 19.3248538 ], [ -98.9693071, 19.3247758 ], [ -98.969045799999989, 19.3247507 ], [ -98.9689602, 19.3247425 ], [ -98.9689602, 19.3247426 ], [ -98.9686178, 19.3252325 ], [ -98.9683147, 19.3256662 ], [ -98.9682753, 19.3257225 ], [ -98.9682747, 19.3257225 ], [ -98.9663519, 19.3256717 ], [ -98.9662591, 19.325667 ], [ -98.9661857, 19.3256633 ], [ -98.9661478, 19.3256614 ], [ -98.965949099999989, 19.3256513 ], [ -98.9659104, 19.3256494 ], [ -98.965817199999989, 19.3256446 ], [ -98.9656935, 19.3256384 ], [ -98.9646658, 19.3255863 ], [ -98.964628, 19.3255844 ], [ -98.9646032, 19.3255831 ], [ -98.9640833, 19.3255567 ], [ -98.9640441, 19.3255548 ], [ -98.9639885, 19.3255519 ], [ -98.9634342, 19.3255238 ], [ -98.9633942, 19.3255218 ], [ -98.9633719, 19.3255207 ], [ -98.962918, 19.3254977 ], [ -98.9628784, 19.3254956 ], [ -98.962842, 19.3254938 ], [ -98.9623721, 19.32547 ], [ -98.9623467, 19.3254687 ], [ -98.9622732, 19.325465 ], [ -98.9622154, 19.325462 ], [ -98.9618103, 19.3254415 ], [ -98.961779299999989, 19.3254399 ], [ -98.961754500000012, 19.3254387 ], [ -98.9613393, 19.3254176 ], [ -98.9613081, 19.325416 ], [ -98.9612849, 19.3254148 ], [ -98.9611936, 19.3254102 ], [ -98.9610286, 19.3254018 ], [ -98.9609754, 19.3253991 ], [ -98.9609681, 19.3253988 ], [ -98.9609312, 19.3253969 ], [ -98.9609052, 19.3253955 ], [ -98.960875, 19.325394 ], [ -98.9604484, 19.3253722 ], [ -98.96045, 19.3253735 ], [ -98.9608252, 19.3256897 ], [ -98.9608808, 19.3257365 ], [ -98.9611198, 19.3259379 ], [ -98.9611977, 19.3260035 ], [ -98.9613457, 19.3261282 ], [ -98.961544, 19.3262952 ], [ -98.9629946, 19.3275172 ], [ -98.9637762, 19.3281756 ], [ -98.9639967, 19.3283613 ], [ -98.9653341, 19.3294719 ], [ -98.965373200000016, 19.3295043 ], [ -98.965448099999989, 19.3295666 ], [ -98.9656934, 19.3297702 ], [ -98.966519300000016, 19.3304561 ], [ -98.9667784, 19.3306712 ], [ -98.9669169, 19.3307861 ], [ -98.9672028, 19.3310297 ], [ -98.9672754, 19.3310915 ], [ -98.968029199999989, 19.3317337 ], [ -98.9680437, 19.331746 ], [ -98.9681085, 19.3318013 ], [ -98.9682902, 19.331956 ], [ -98.9697642, 19.3332116 ], [ -98.9699015, 19.3333285 ], [ -98.970222800000016, 19.3336023 ], [ -98.9705556, 19.3338857 ], [ -98.9712011, 19.3344386 ], [ -98.9716335, 19.334809 ], [ -98.9718657, 19.3349945 ], [ -98.9725575, 19.3355471 ], [ -98.9727567, 19.3357062 ], [ -98.9727882, 19.3357313 ], [ -98.9728689, 19.3357994 ], [ -98.9733182, 19.336178 ], [ -98.9738562, 19.3366314 ], [ -98.9738723, 19.336645 ], [ -98.9738725, 19.3366451 ], [ -98.9739417, 19.3367034 ], [ -98.9740212, 19.3367704 ], [ -98.9740409, 19.3367871 ], [ -98.9741182, 19.3368521 ], [ -98.9741415, 19.3368718 ], [ -98.9742834, 19.3369914 ], [ -98.9742939, 19.3370002 ], [ -98.9742982, 19.3370039 ], [ -98.9743133, 19.3370166 ], [ -98.9743212, 19.3370232 ], [ -98.9743215, 19.3370235 ], [ -98.9743227, 19.3370245 ], [ -98.9743243, 19.3370259 ], [ -98.9743245, 19.3370261 ], [ -98.974324599999989, 19.3370261 ], [ -98.9743251, 19.3370266 ], [ -98.974637, 19.3373786 ], [ -98.9749597, 19.3377429 ], [ -98.9752155, 19.3380316 ], [ -98.9754797, 19.3383298 ], [ -98.9758229, 19.3388616 ], [ -98.9758246, 19.3388642 ], [ -98.9764563, 19.339843 ], [ -98.9771621, 19.3410334 ], [ -98.9772775, 19.3412282 ], [ -98.9778084, 19.342124 ], [ -98.977822, 19.3421401 ], [ -98.9780634, 19.3424257 ], [ -98.9780768, 19.3424415 ], [ -98.9780771, 19.342442 ], [ -98.9780775, 19.3424424 ], [ -98.978542499999989, 19.3429925 ], [ -98.9787933, 19.3432893 ], [ -98.978995700000013, 19.3434857 ], [ -98.979022199999989, 19.3435113 ], [ -98.9795009, 19.3439758 ], [ -98.979631, 19.3441019 ], [ -98.9798699, 19.3443336 ], [ -98.9805849, 19.3450272 ], [ -98.980660199999988, 19.3451003 ], [ -98.9812732, 19.3456949 ], [ -98.9814992, 19.3459142 ], [ -98.98223, 19.3466101 ], [ -98.982560299999989, 19.3469247 ], [ -98.9838616, 19.3481639 ], [ -98.984485, 19.3487576 ], [ -98.9847044, 19.3489697 ], [ -98.984817299999989, 19.3490788 ], [ -98.9852102, 19.3494586 ], [ -98.9854573, 19.3496975 ], [ -98.9858683, 19.3500948 ], [ -98.9860387, 19.3502595 ], [ -98.9871747, 19.3513576 ], [ -98.9876135, 19.3517818 ], [ -98.988093299999989, 19.3522455 ], [ -98.988777, 19.3528977 ], [ -98.9891757, 19.3532781 ], [ -98.989625, 19.3537067 ], [ -98.9901065, 19.3541659 ], [ -98.9905936, 19.3546307 ], [ -98.990730899999988, 19.3547616 ], [ -98.9908861, 19.3549097 ], [ -98.9909923, 19.355011 ], [ -98.9913619, 19.3553636 ], [ -98.9914674, 19.3554642 ], [ -98.9924724, 19.356307 ], [ -98.9925032, 19.3563328 ], [ -98.9937519, 19.3573799 ], [ -98.994272, 19.3578518 ], [ -98.9945567, 19.3581413 ], [ -98.9945473, 19.3585664 ], [ -98.9944478, 19.3588461 ], [ -98.9941753, 19.3590481 ], [ -98.9940623, 19.3592614 ], [ -98.9935156, 19.3602932 ], [ -98.9934676, 19.3603837 ], [ -98.9931453, 19.3615853 ], [ -98.9931101, 19.3617167 ], [ -98.99302, 19.3620523 ], [ -98.9929735, 19.3622257 ], [ -98.9929273, 19.3623983 ], [ -98.9929082, 19.3624692 ], [ -98.9928587, 19.3626541 ], [ -98.9927768, 19.3629887 ], [ -98.9927732, 19.3630033 ], [ -98.9927392, 19.3631425 ], [ -98.9926775, 19.3633947 ], [ -98.9926439, 19.3635318 ], [ -98.9926254, 19.3636074 ], [ -98.992595799999989, 19.3637287 ], [ -98.9925763, 19.3638083 ], [ -98.9924973, 19.3641311 ], [ -98.9924667, 19.3642564 ], [ -98.9924183, 19.364454 ], [ -98.9923391, 19.3647778 ], [ -98.9922867, 19.3649922 ], [ -98.9921846, 19.3654096 ], [ -98.9920547, 19.3659404 ], [ -98.9919865, 19.3662193 ], [ -98.991958, 19.3663359 ], [ -98.9919477, 19.3663779 ], [ -98.9919178, 19.3665001 ], [ -98.9918836, 19.3666398 ], [ -98.9918701, 19.366695 ], [ -98.991807, 19.366865 ], [ -98.991755400000017, 19.3670038 ], [ -98.9918, 19.3674611 ], [ -98.9918939, 19.367554 ], [ -98.9919392, 19.3675987 ], [ -98.992194, 19.3677488 ], [ -98.9922735, 19.3677956 ], [ -98.992317899999989, 19.3678218 ], [ -98.9926075, 19.3679924 ], [ -98.9926076, 19.3679924 ], [ -98.9926125, 19.3679953 ], [ -98.9926149, 19.3679967 ], [ -98.9926175, 19.3679983 ], [ -98.992617599999988, 19.3679983 ], [ -98.9929454, 19.3681914 ], [ -98.9932467, 19.3683689 ], [ -98.9934407, 19.3684831 ], [ -98.9936118, 19.3685839 ], [ -98.9938725, 19.3687375 ], [ -98.9939536, 19.3687852 ], [ -98.9940733, 19.3688558 ], [ -98.9941678, 19.3689114 ], [ -98.9942801, 19.3689776 ], [ -98.9942806, 19.3689778 ], [ -98.994281, 19.3689781 ], [ -98.9942814, 19.3689783 ], [ -98.9942835, 19.3689796 ], [ -98.9946, 19.369166 ], [ -98.9947168, 19.3692348 ], [ -98.9948828, 19.3693326 ], [ -98.9951325, 19.3694796 ], [ -98.9953305, 19.3695962 ], [ -98.9953791, 19.3696249 ], [ -98.9956026, 19.3697565 ], [ -98.9956038, 19.3697572 ], [ -98.9956042, 19.3697574 ], [ -98.9958249, 19.3698875 ], [ -98.9960491, 19.3700195 ], [ -98.9961611, 19.3700854 ], [ -98.9963774, 19.3702128 ], [ -98.9964705, 19.3702677 ], [ -98.996803500000013, 19.3704638 ], [ -98.9968045, 19.3704644 ], [ -98.9968066, 19.3704656 ], [ -98.9968086, 19.3704668 ], [ -98.9968092, 19.3704672 ], [ -98.9968098, 19.3704675 ], [ -98.9971689, 19.370679 ], [ -98.9972282, 19.3707139 ], [ -98.9974935, 19.3708702 ], [ -98.9975472, 19.3709018 ], [ -98.997625899999989, 19.3709482 ], [ -98.997626, 19.3709483 ], [ -98.9976262, 19.3709483 ], [ -98.9977769, 19.3710371 ], [ -98.9978838, 19.3711001 ], [ -98.9980524, 19.3711993 ], [ -98.9982119, 19.3712933 ], [ -98.9983461, 19.3713724 ], [ -98.9986237, 19.3715358 ], [ -98.999396499999989, 19.371991 ], [ -98.9994504, 19.3720228 ], [ -98.9997978, 19.3722274 ], [ -99.0000807, 19.372394 ], [ -99.0001574, 19.3724382 ], [ -99.0001966, 19.3724608 ], [ -99.0006142, 19.3727019 ], [ -99.0010145, 19.372933 ], [ -99.0014145, 19.3731638 ], [ -99.0018281, 19.3734025 ], [ -99.0022381, 19.3736392 ], [ -99.0026485, 19.373876 ], [ -99.0029146, 19.3740297 ], [ -99.0029472, 19.3740485 ], [ -99.0033285, 19.3742685 ], [ -99.0037905, 19.3745352 ], [ -99.004223, 19.3747849 ], [ -99.004233899999988, 19.3747911 ], [ -99.0046233, 19.3750231 ], [ -99.0047915, 19.3751233 ], [ -99.0050406, 19.3752716 ], [ -99.0054087, 19.3754909 ], [ -99.0056906, 19.3756588 ], [ -99.0057857, 19.3757154 ], [ -99.0061602, 19.3759385 ], [ -99.0065179, 19.3761515 ], [ -99.0069173, 19.3763895 ], [ -99.0073107, 19.3766237 ], [ -99.0074604, 19.3767129 ], [ -99.007683300000011, 19.3768457 ], [ -99.007719, 19.3768669 ], [ -99.008017099999989, 19.3770445 ], [ -99.008046600000014, 19.377062 ], [ -99.0084419, 19.3772975 ], [ -99.0084425, 19.3772978 ], [ -99.0085514, 19.3773627 ], [ -99.0085595, 19.3773675 ], [ -99.0087707, 19.3774934 ], [ -99.0089745, 19.3776147 ], [ -99.0089746, 19.3776148 ], [ -99.0091327, 19.3777089 ], [ -99.0092222, 19.3777622 ], [ -99.0092245, 19.3777636 ], [ -99.0092269, 19.377765 ], [ -99.0092712, 19.3777914 ], [ -99.0092751, 19.3777937 ], [ -99.0093244, 19.3778231 ], [ -99.0094469, 19.3778961 ], [ -99.0094547, 19.3779007 ], [ -99.009575399999989, 19.3779729 ], [ -99.0096209, 19.3780001 ], [ -99.0098533, 19.3781391 ], [ -99.0101647, 19.3783252 ], [ -99.0105334, 19.3785194 ], [ -99.0109691, 19.3787489 ], [ -99.0109827, 19.378756 ], [ -99.011473099999989, 19.3790143 ], [ -99.0117669, 19.379169 ], [ -99.0118903, 19.379234 ], [ -99.0123631, 19.3794831 ], [ -99.0128094, 19.3797181 ], [ -99.0132845, 19.3799683 ], [ -99.0133098, 19.3799816 ], [ -99.0137382, 19.3802073 ], [ -99.0140744, 19.3803843 ], [ -99.0141906, 19.3804455 ], [ -99.01462, 19.3806717 ], [ -99.0146615, 19.3806935 ], [ -99.0151222, 19.3809361 ], [ -99.0151323, 19.3809414 ], [ -99.0156056, 19.3811882 ], [ -99.0157919, 19.3812853 ], [ -99.0160361, 19.3814127 ], [ -99.0164198, 19.3816126 ], [ -99.0165217, 19.381666 ], [ -99.0169192, 19.3818741 ], [ -99.0170154, 19.3819245 ] ] ] } },
{ "type": "Feature", "properties": { "CVEGEO": "09008", "CVE_ENT": "09", "CVE_MUN": "008", "NOMGEO": "La Magdalena Contreras" }, "geometry": { "type": "Polygon", "coordinates": [ [ [ -99.2078112, 19.3373424 ], [ -99.2077861, 19.3373821 ], [ -99.2075151, 19.3378111 ], [ -99.207854, 19.3378688 ], [ -99.2081533, 19.3378867 ], [ -99.2083878, 19.3378513 ], [ -99.2088505, 19.3376319 ], [ -99.2094643, 19.3373409 ], [ -99.2097497, 19.3371437 ], [ -99.2100204, 19.3369112 ], [ -99.2105059, 19.3366579 ], [ -99.2112267, 19.3362533 ], [ -99.2114824, 19.3361977 ], [ -99.2117409, 19.3362598 ], [ -99.2119189, 19.3362776 ], [ -99.2119836, 19.3362841 ], [ -99.2123404, 19.3361905 ], [ -99.2132807, 19.3365187 ], [ -99.2135676, 19.3365551 ], [ -99.213721, 19.3365516 ], [ -99.2138361, 19.3365386 ], [ -99.2142028, 19.3364988 ], [ -99.2142755, 19.3364909 ], [ -99.2144372, 19.3364734 ], [ -99.2146794, 19.3364259 ], [ -99.2147723, 19.3364077 ], [ -99.2148636, 19.3363878 ], [ -99.2151279, 19.3362524 ], [ -99.2153113, 19.3361098 ], [ -99.2154181, 19.3356752 ], [ -99.2155601, 19.3355216 ], [ -99.2157344, 19.3353965 ], [ -99.2158848, 19.3353216 ], [ -99.2160162, 19.3352716 ], [ -99.216586, 19.3352275 ], [ -99.2168378, 19.335087 ], [ -99.2170139, 19.3348132 ], [ -99.2171384, 19.3346917 ], [ -99.2175046, 19.3346517 ], [ -99.2178295, 19.3346117 ], [ -99.2185629, 19.3343911 ], [ -99.2191388, 19.3339789 ], [ -99.2200436, 19.3339394 ], [ -99.2213271, 19.3338222 ], [ -99.2218897, 19.3337026 ], [ -99.2224028, 19.333537 ], [ -99.2232117, 19.333155 ], [ -99.223343, 19.3330929 ], [ -99.2242157, 19.332749 ], [ -99.2241152, 19.3324973 ], [ -99.224204899999989, 19.3323581 ], [ -99.2261489, 19.3316347 ], [ -99.226271, 19.3315629 ], [ -99.2266697, 19.3316044 ], [ -99.2271571, 19.3316038 ], [ -99.2281631, 19.3311218 ], [ -99.2288752, 19.3307807 ], [ -99.2291149, 19.3306241 ], [ -99.2292899, 19.330515 ], [ -99.2296829, 19.3303652 ], [ -99.230097199999989, 19.3303161 ], [ -99.2305731, 19.3301089 ], [ -99.2312015, 19.3298352 ], [ -99.2315269, 19.3292885 ], [ -99.2317629, 19.3291132 ], [ -99.2318775, 19.3290282 ], [ -99.2321317, 19.3284949 ], [ -99.2334885, 19.3272275 ], [ -99.2340835, 19.326808 ], [ -99.2342749, 19.3267178 ], [ -99.2360137, 19.3258989 ], [ -99.2360556, 19.3258472 ], [ -99.2363716, 19.3254577 ], [ -99.2364536, 19.3251719 ], [ -99.236888799999988, 19.3248942 ], [ -99.2373129, 19.3247003 ], [ -99.2373975, 19.3246851 ], [ -99.2381457, 19.3245509 ], [ -99.2382269, 19.3245417 ], [ -99.2386712, 19.3245411 ], [ -99.2388317, 19.3244666 ], [ -99.2390147, 19.3245523 ], [ -99.239261, 19.3246676 ], [ -99.2393173, 19.3246758 ], [ -99.239571, 19.3245786 ], [ -99.2397614, 19.3245056 ], [ -99.2400562, 19.3244357 ], [ -99.2401019, 19.3244248 ], [ -99.2401911, 19.3244089 ], [ -99.2402596, 19.3243967 ], [ -99.2403237, 19.324422 ], [ -99.2403799, 19.3244547 ], [ -99.2405735, 19.3246539 ], [ -99.2408618, 19.3249506 ], [ -99.2409012, 19.324991 ], [ -99.2409012, 19.3249911 ], [ -99.2410756, 19.3251705 ], [ -99.2411011, 19.3253099 ], [ -99.2421711, 19.3270621 ], [ -99.2424963, 19.3275944 ], [ -99.242730099999989, 19.3279529 ], [ -99.2427721, 19.3279992 ], [ -99.2430555, 19.3282212 ], [ -99.243536100000014, 19.3284646 ], [ -99.2436115, 19.3284737 ], [ -99.2438313, 19.3284517 ], [ -99.2442294, 19.3285597 ], [ -99.244625, 19.3284538 ], [ -99.2450281, 19.3284342 ], [ -99.2452937, 19.3281753 ], [ -99.2453869, 19.3281395 ], [ -99.2455231, 19.32811 ], [ -99.2458855, 19.3281225 ], [ -99.2463863, 19.3280791 ], [ -99.2471963, 19.327941 ], [ -99.2480269, 19.3278694 ], [ -99.2483503, 19.3277956 ], [ -99.2486275, 19.3276762 ], [ -99.2486878, 19.3275707 ], [ -99.249352699999989, 19.3272131 ], [ -99.2499586, 19.3270292 ], [ -99.2503846, 19.3270287 ], [ -99.2507063, 19.3270282 ], [ -99.2511082, 19.3270303 ], [ -99.251381, 19.3270793 ], [ -99.2522523, 19.3270879 ], [ -99.252596, 19.3270642 ], [ -99.2531013, 19.326986 ], [ -99.2533527, 19.3268651 ], [ -99.2536345, 19.3268725 ], [ -99.2538765, 19.3269408 ], [ -99.253989499999989, 19.3269517 ], [ -99.2541545, 19.3269231 ], [ -99.2546896, 19.3267603 ], [ -99.2549006, 19.326673 ], [ -99.2551757, 19.3265593 ], [ -99.2553325, 19.3263873 ], [ -99.2556087, 19.326 ], [ -99.2558194, 19.3257226 ], [ -99.2559152, 19.3257255 ], [ -99.256113, 19.3254341 ], [ -99.2562586, 19.3252209 ], [ -99.2563289, 19.3249524 ], [ -99.2563586, 19.3247619 ], [ -99.2564316, 19.324539 ], [ -99.2565317, 19.324343 ], [ -99.256920799999989, 19.3237439 ], [ -99.2571112, 19.3234732 ], [ -99.257343, 19.3231204 ], [ -99.2575294, 19.3228616 ], [ -99.25762, 19.3227625 ], [ -99.257798799999989, 19.32259 ], [ -99.2579437, 19.3224977 ], [ -99.2580751, 19.3223855 ], [ -99.2584217, 19.3222751 ], [ -99.2585771, 19.3221282 ], [ -99.2587351, 19.322053 ], [ -99.2590425, 19.3218152 ], [ -99.2592112, 19.3216021 ], [ -99.259621599999988, 19.3213112 ], [ -99.2597515, 19.3211804 ], [ -99.2598954, 19.3210354 ], [ -99.2603745, 19.3205661 ], [ -99.2604513, 19.3204453 ], [ -99.2605739, 19.3201489 ], [ -99.2608173, 19.3198854 ], [ -99.261038500000012, 19.3195575 ], [ -99.2613958, 19.3187145 ], [ -99.2616035, 19.3182819 ], [ -99.2616941, 19.3178219 ], [ -99.2617688, 19.3176895 ], [ -99.2622363, 19.3173123 ], [ -99.2624405, 19.3171662 ], [ -99.2627718, 19.3167799 ], [ -99.2631706, 19.316306 ], [ -99.263621, 19.3159776 ], [ -99.263812, 19.3158393 ], [ -99.2641453, 19.3155798 ], [ -99.2643614, 19.3154128 ], [ -99.2645145, 19.3153105 ], [ -99.2646519, 19.3150228 ], [ -99.264974, 19.3147916 ], [ -99.2651373, 19.3145569 ], [ -99.2652898, 19.3143442 ], [ -99.265434, 19.3141903 ], [ -99.2655108, 19.3140623 ], [ -99.2655927, 19.3138922 ], [ -99.2656805, 19.3137465 ], [ -99.2657239, 19.3136743 ], [ -99.265900699999989, 19.3134375 ], [ -99.2660535, 19.3134502 ], [ -99.2667801, 19.3135223 ], [ -99.2672148, 19.3137298 ], [ -99.2673964, 19.3137923 ], [ -99.2675231, 19.3138013 ], [ -99.2676943, 19.3140291 ], [ -99.2676881, 19.3140733 ], [ -99.2676278, 19.3141516 ], [ -99.2676472, 19.3142024 ], [ -99.2677999, 19.3141951 ], [ -99.2679433, 19.3141398 ], [ -99.2680818, 19.3140827 ], [ -99.2684382, 19.31401 ], [ -99.2689851, 19.3137296 ], [ -99.2694406, 19.313625 ], [ -99.2695339, 19.3135583 ], [ -99.2695664, 19.3135031 ], [ -99.2695881, 19.3134661 ], [ -99.2696191, 19.3134134 ], [ -99.2696692, 19.313216 ], [ -99.2697212, 19.3131222 ], [ -99.2697214, 19.3131219 ], [ -99.2697218, 19.313121 ], [ -99.26983, 19.3129259 ], [ -99.2699808, 19.3127314 ], [ -99.2701383, 19.312418 ], [ -99.2702722, 19.3122042 ], [ -99.2705447, 19.3119367 ], [ -99.2705103, 19.3115446 ], [ -99.2703396, 19.3118007 ], [ -99.27005530000001, 19.3115239 ], [ -99.2702095, 19.3112674 ], [ -99.2702365, 19.3111526 ], [ -99.2703644, 19.3107782 ], [ -99.2704981, 19.310452 ], [ -99.2705577, 19.3103255 ], [ -99.2707335, 19.3099525 ], [ -99.2709095, 19.3095908 ], [ -99.2710536, 19.3092947 ], [ -99.2711417, 19.3090596 ], [ -99.271145499999989, 19.3090495 ], [ -99.270839099999989, 19.3088629 ], [ -99.2710577, 19.3086057 ], [ -99.2713356, 19.3082789 ], [ -99.2713417, 19.3082569 ], [ -99.2712036, 19.3072189 ], [ -99.2711006, 19.3070224 ], [ -99.2710846, 19.3070044 ], [ -99.270919, 19.3068185 ], [ -99.270886, 19.3067891 ], [ -99.2708389, 19.3067623 ], [ -99.2707733, 19.3067339 ], [ -99.270574, 19.3066304 ], [ -99.2704459, 19.3065142 ], [ -99.2703196, 19.306323 ], [ -99.270184300000011, 19.306041 ], [ -99.2701169, 19.305932 ], [ -99.2700077, 19.3057688 ], [ -99.2699624, 19.3057483 ], [ -99.2698744, 19.3057358 ], [ -99.2698551, 19.3057335 ], [ -99.2697877, 19.3057255 ], [ -99.269429699999989, 19.3056051 ], [ -99.2693336, 19.3055665 ], [ -99.2693075, 19.3055561 ], [ -99.2691737, 19.3055024 ], [ -99.2687005, 19.3053313 ], [ -99.2685577, 19.3052407 ], [ -99.2684303, 19.3051156 ], [ -99.2690453, 19.3047416 ], [ -99.2693114, 19.3046355 ], [ -99.2693645, 19.3046143 ], [ -99.2693808, 19.304607 ], [ -99.2697583, 19.3044383 ], [ -99.2699023, 19.304374 ], [ -99.2704217, 19.3041256 ], [ -99.270619599999989, 19.3039699 ], [ -99.270813600000011, 19.3037303 ], [ -99.270984, 19.3035198 ], [ -99.2713432, 19.3031528 ], [ -99.2713636, 19.3031319 ], [ -99.271413, 19.3030814 ], [ -99.2715001, 19.3030126 ], [ -99.2720621, 19.3025688 ], [ -99.272217, 19.3024582 ], [ -99.2721404, 19.3024137 ], [ -99.271995, 19.3023898 ], [ -99.271650799999989, 19.3023332 ], [ -99.2715041, 19.3023091 ], [ -99.2712821, 19.3020683 ], [ -99.2711558, 19.3019944 ], [ -99.2709295, 19.3018621 ], [ -99.2708754, 19.3018268 ], [ -99.2705786, 19.3016336 ], [ -99.2704859, 19.3015733 ], [ -99.2703803, 19.3014115 ], [ -99.2697588, 19.3011844 ], [ -99.2697366, 19.3011763 ], [ -99.2700825, 19.3005415 ], [ -99.270333, 19.3000596 ], [ -99.2705534, 19.2996798 ], [ -99.2714726, 19.299175 ], [ -99.2716638, 19.2983417 ], [ -99.2714862, 19.2979967 ], [ -99.2715415, 19.297742 ], [ -99.271717, 19.2968276 ], [ -99.271854, 19.2961127 ], [ -99.2721074, 19.2955057 ], [ -99.2723268, 19.2953346 ], [ -99.2723681, 19.2950137 ], [ -99.2724981, 19.294658 ], [ -99.2724612, 19.2942111 ], [ -99.2731633, 19.2931493 ], [ -99.2747344, 19.2913286 ], [ -99.276169, 19.2890979 ], [ -99.2749803, 19.2874631 ], [ -99.2735886, 19.2855568 ], [ -99.273448, 19.2853641 ], [ -99.2733203, 19.2851892 ], [ -99.2765629, 19.2833656 ], [ -99.2778881, 19.2825933 ], [ -99.277888499999989, 19.2824678 ], [ -99.2778888, 19.2823259 ], [ -99.2779013, 19.2819339 ], [ -99.2779294, 19.2817027 ], [ -99.2780029, 19.2815525 ], [ -99.2781357, 19.2814836 ], [ -99.278224, 19.281414 ], [ -99.2783149, 19.2813985 ], [ -99.2784655, 19.2814691 ], [ -99.2786571, 19.2816217 ], [ -99.279020300000013, 19.2817157 ], [ -99.2792002, 19.2816704 ], [ -99.2794504, 19.2813941 ], [ -99.2796379, 19.2811548 ], [ -99.2800547, 19.2809305 ], [ -99.2802167, 19.2808211 ], [ -99.2804597, 19.2807581 ], [ -99.2808084, 19.2807575 ], [ -99.2811398, 19.2806198 ], [ -99.2813077, 19.2802186 ], [ -99.2815091, 19.2794907 ], [ -99.282054300000013, 19.2792249 ], [ -99.282301499999988, 19.279033 ], [ -99.2830425, 19.2777687 ], [ -99.2834752, 19.2772751 ], [ -99.2839654, 19.2769613 ], [ -99.283917699999989, 19.2766923 ], [ -99.2837494, 19.2762263 ], [ -99.28331, 19.2759972 ], [ -99.2831785, 19.2757363 ], [ -99.2832113, 19.2754598 ], [ -99.2833311, 19.275097 ], [ -99.2837367, 19.2747569 ], [ -99.2840493, 19.2745919 ], [ -99.2842768, 19.2742514 ], [ -99.2845032, 19.2739101 ], [ -99.2847173, 19.2735567 ], [ -99.2849425, 19.2732749 ], [ -99.285247, 19.2731077 ], [ -99.285416, 19.2721984 ], [ -99.2854379, 19.271826 ], [ -99.2856482, 19.2714253 ], [ -99.2861896, 19.2706807 ], [ -99.2868067, 19.2704143 ], [ -99.287528400000014, 19.2701715 ], [ -99.287925199999989, 19.2701562 ], [ -99.2882639, 19.2701713 ], [ -99.289012899999989, 19.2702942 ], [ -99.2893295, 19.270351 ], [ -99.2896308, 19.2702861 ], [ -99.2899562, 19.2700783 ], [ -99.2901477, 19.2698938 ], [ -99.290514699999989, 19.269569 ], [ -99.2909211, 19.269202 ], [ -99.2912549, 19.2690241 ], [ -99.2916376, 19.2687731 ], [ -99.2922369, 19.2685483 ], [ -99.2925788, 19.2683084 ], [ -99.2926228, 19.2681278 ], [ -99.2927428, 19.2676382 ], [ -99.2935198, 19.2668818 ], [ -99.293783499999989, 19.2663655 ], [ -99.2940155, 19.2660227 ], [ -99.2940562, 19.2655646 ], [ -99.2939871, 19.2652788 ], [ -99.2941882, 19.2648911 ], [ -99.2942367, 19.2645954 ], [ -99.2945127, 19.2643039 ], [ -99.2947939, 19.2640457 ], [ -99.2951043, 19.263802 ], [ -99.2957623, 19.263513 ], [ -99.296237499999989, 19.2633047 ], [ -99.2968087, 19.2631121 ], [ -99.2969655, 19.2627119 ], [ -99.2972889, 19.2622877 ], [ -99.2977559, 19.2618822 ], [ -99.2979835, 19.2614537 ], [ -99.2983908, 19.2613214 ], [ -99.2989492, 19.2612201 ], [ -99.299774899999989, 19.2608861 ], [ -99.3002341, 19.2609376 ], [ -99.3005666, 19.2610966 ], [ -99.3008765, 19.2610445 ], [ -99.301009799999989, 19.2608794 ], [ -99.3014775, 19.2605029 ], [ -99.3017142, 19.260039 ], [ -99.3019112, 19.2595126 ], [ -99.3021617, 19.2593556 ], [ -99.3023703, 19.2589282 ], [ -99.3030255, 19.2586675 ], [ -99.3035057, 19.2586672 ], [ -99.3038887, 19.2583836 ], [ -99.3053, 19.2579427 ], [ -99.3062357, 19.2577449 ], [ -99.306896200000011, 19.2577764 ], [ -99.30755, 19.2579059 ], [ -99.3081865, 19.2580071 ], [ -99.308774, 19.2580976 ], [ -99.3092415, 19.2578317 ], [ -99.3097358, 19.2575911 ], [ -99.310203199999989, 19.2572746 ], [ -99.3107661, 19.2571829 ], [ -99.311209300000016, 19.2570756 ], [ -99.312266600000015, 19.2570846 ], [ -99.3125376, 19.2569474 ], [ -99.3128003, 19.2567024 ], [ -99.3135389, 19.2566471 ], [ -99.3137621, 19.2566574 ], [ -99.3139744, 19.2567721 ], [ -99.3140739, 19.2568109 ], [ -99.3142007, 19.2568241 ], [ -99.3143926, 19.2568135 ], [ -99.3145949, 19.2567361 ], [ -99.3147721, 19.2565132 ], [ -99.3150333, 19.2564825 ], [ -99.3152535, 19.2564169 ], [ -99.3153629, 19.2563589 ], [ -99.3154646, 19.256138 ], [ -99.3154797, 19.2560594 ], [ -99.3154704, 19.2559925 ], [ -99.3154366, 19.255914 ], [ -99.315260099999989, 19.2557718 ], [ -99.3151602, 19.2556416 ], [ -99.315050899999989, 19.2555195 ], [ -99.3149657, 19.2554355 ], [ -99.3148705, 19.2553453 ], [ -99.314781400000015, 19.2552178 ], [ -99.3147696, 19.2549787 ], [ -99.3148856, 19.2548366 ], [ -99.3150456, 19.2545639 ], [ -99.3151921, 19.254359 ], [ -99.3152602, 19.253956 ], [ -99.3155061, 19.2533066 ], [ -99.3155972, 19.2531766 ], [ -99.3157329, 19.2530086 ], [ -99.3158745, 19.2529161 ], [ -99.3159351, 19.252804 ], [ -99.3159481, 19.2526263 ], [ -99.3158559, 19.2524497 ], [ -99.3158775, 19.2523431 ], [ -99.3159662, 19.2521751 ], [ -99.3160574, 19.2520809 ], [ -99.316082, 19.2520149 ], [ -99.3160602, 19.2519408 ], [ -99.315973, 19.2518287 ], [ -99.3159087, 19.2516495 ], [ -99.3159365, 19.2515254 ], [ -99.3159601, 19.251287 ], [ -99.31593190000001, 19.2510638 ], [ -99.3159173, 19.2509818 ], [ -99.3159168, 19.2509157 ], [ -99.3159565, 19.2508606 ], [ -99.315996399999989, 19.2508417 ], [ -99.3160257, 19.250836 ], [ -99.3160508, 19.2508364 ], [ -99.3160759, 19.2508381 ], [ -99.3161117, 19.2508375 ], [ -99.3161407, 19.2508431 ], [ -99.316178799999989, 19.2508511 ], [ -99.3163253, 19.2510328 ], [ -99.316389, 19.2510491 ], [ -99.3164426, 19.2510324 ], [ -99.3164838, 19.2509673 ], [ -99.316588599999989, 19.2507871 ], [ -99.3166295, 19.2507378 ], [ -99.3166948, 19.2507772 ], [ -99.3167703, 19.250779 ], [ -99.3168175, 19.250725 ], [ -99.3170741, 19.2503079 ], [ -99.3170069, 19.2496322 ], [ -99.3169958, 19.2491467 ], [ -99.3171355, 19.2485543 ], [ -99.3172888, 19.2480527 ], [ -99.3175231, 19.2476103 ], [ -99.3177653, 19.2473626 ], [ -99.3178128, 19.2472698 ], [ -99.317848, 19.2471234 ], [ -99.3178407, 19.2470294 ], [ -99.317714, 19.2464038 ], [ -99.3175804, 19.2461642 ], [ -99.3175641, 19.2460831 ], [ -99.3175848, 19.2460129 ], [ -99.3176979, 19.2459491 ], [ -99.3177224, 19.2459227 ], [ -99.3177946, 19.2456701 ], [ -99.3175066, 19.2452984 ], [ -99.3175209, 19.2450048 ], [ -99.3176019, 19.2445972 ], [ -99.3176365, 19.244492 ], [ -99.317706, 19.2443712 ], [ -99.3182774, 19.2437286 ], [ -99.3183909, 19.2434784 ], [ -99.318593299999989, 19.2432823 ], [ -99.3187221, 19.2432098 ], [ -99.3187906, 19.2431924 ], [ -99.3188759, 19.2432354 ], [ -99.3191079, 19.2433727 ], [ -99.3192602, 19.2434436 ], [ -99.3193889, 19.2434345 ], [ -99.3195343, 19.2433973 ], [ -99.3198144, 19.2432811 ], [ -99.3200588, 19.2431434 ], [ -99.3201909, 19.2430175 ], [ -99.3203518, 19.2428643 ], [ -99.320534, 19.2426063 ], [ -99.3207887, 19.2422882 ], [ -99.3212582, 19.2418184 ], [ -99.322124699999989, 19.2409191 ], [ -99.3226691, 19.2403065 ], [ -99.3228913, 19.2398174 ], [ -99.3231643, 19.2392312 ], [ -99.323164, 19.2390687 ], [ -99.3233145, 19.2385549 ], [ -99.3233015, 19.2384533 ], [ -99.3232771, 19.2383878 ], [ -99.3232392, 19.2383107 ], [ -99.3231941, 19.238253 ], [ -99.3231192, 19.2382011 ], [ -99.3229377, 19.2381127 ], [ -99.322871299999989, 19.2380191 ], [ -99.322856, 19.2379142 ], [ -99.3228544, 19.2377627 ], [ -99.3228161, 19.237679 ], [ -99.3227611, 19.2376156 ], [ -99.3227298, 19.2375114 ], [ -99.3228514, 19.2367145 ], [ -99.3229353, 19.2364364 ], [ -99.3229954, 19.2359085 ], [ -99.3227366, 19.2356535 ], [ -99.3227664, 19.2353056 ], [ -99.3227214, 19.2346752 ], [ -99.3226324, 19.2340811 ], [ -99.322553899999988, 19.2339444 ], [ -99.3225512, 19.2338279 ], [ -99.3225483, 19.2337262 ], [ -99.3222548, 19.2326478 ], [ -99.3212965, 19.2326655 ], [ -99.3153433, 19.2291965 ], [ -99.3155555, 19.2273954 ], [ -99.3150566, 19.2268978 ], [ -99.3146653, 19.2267045 ], [ -99.3144523, 19.2266209 ], [ -99.3140111, 19.2264763 ], [ -99.3135533, 19.2262081 ], [ -99.3132509, 19.2259769 ], [ -99.3129737, 19.2258045 ], [ -99.3126555, 19.2259576 ], [ -99.3122761, 19.2260201 ], [ -99.311991, 19.2259416 ], [ -99.3117175, 19.2258712 ], [ -99.3114395, 19.2257368 ], [ -99.3112828, 19.2256333 ], [ -99.3111633, 19.225519 ], [ -99.3110261, 19.2253976 ], [ -99.3108336, 19.2251697 ], [ -99.3104966, 19.2252134 ], [ -99.3099913, 19.224798 ], [ -99.3096247, 19.2247488 ], [ -99.3094302, 19.2245537 ], [ -99.3091899, 19.2242931 ], [ -99.3089465, 19.2239295 ], [ -99.3086255, 19.2236097 ], [ -99.3084016, 19.2234985 ], [ -99.3080554, 19.2234324 ], [ -99.3077907, 19.2231953 ], [ -99.3070996, 19.2227628 ], [ -99.3064916, 19.2224097 ], [ -99.3060479, 19.2223641 ], [ -99.3057044, 19.2222362 ], [ -99.3054307, 19.2220132 ], [ -99.304711700000013, 19.221333 ], [ -99.303972699999989, 19.220576 ], [ -99.3036947, 19.2203332 ], [ -99.3034364, 19.2200911 ], [ -99.303239, 19.2198214 ], [ -99.3030934, 19.2195884 ], [ -99.3027309, 19.2192583 ], [ -99.302456100000015, 19.2189687 ], [ -99.3020011, 19.2186274 ], [ -99.3015027, 19.2182895 ], [ -99.3014279, 19.2182208 ], [ -99.3009745, 19.2181986 ], [ -99.3005438, 19.2179691 ], [ -99.3002669, 19.2177424 ], [ -99.2998086, 19.2177412 ], [ -99.2992248, 19.2177096 ], [ -99.2986199, 19.2179297 ], [ -99.2981444, 19.2180814 ], [ -99.2977992, 19.2181219 ], [ -99.2973585, 19.2179184 ], [ -99.2970231, 19.2178323 ], [ -99.2967058, 19.2177634 ], [ -99.296425899999988, 19.2175278 ], [ -99.2961284, 19.2171106 ], [ -99.29583430000001, 19.2167625 ], [ -99.295487799999989, 19.2162976 ], [ -99.2952709, 19.2159575 ], [ -99.2950558, 19.2154809 ], [ -99.294945, 19.2153371 ], [ -99.2948364, 19.2152457 ], [ -99.2946842, 19.2151806 ], [ -99.294439, 19.2151223 ], [ -99.2943081, 19.2150256 ], [ -99.2942017, 19.2148881 ], [ -99.2941219, 19.2147855 ], [ -99.293946, 19.2146442 ], [ -99.2938234, 19.2145668 ], [ -99.2937845, 19.2145204 ], [ -99.2937211, 19.2143959 ], [ -99.2936486, 19.2143211 ], [ -99.293563, 19.2142619 ], [ -99.2934017, 19.2141435 ], [ -99.2931514, 19.2139067 ], [ -99.2927543, 19.2137737 ], [ -99.2923936, 19.2138258 ], [ -99.2917679, 19.2142829 ], [ -99.2914379, 19.2145983 ], [ -99.2910616, 19.2144536 ], [ -99.290627199999989, 19.2142607 ], [ -99.2902577, 19.2140761 ], [ -99.2898902, 19.213915 ], [ -99.2894295, 19.213731 ], [ -99.289164899999989, 19.2138098 ], [ -99.289056699999989, 19.2138181 ], [ -99.288940599999989, 19.2137763 ], [ -99.2887348, 19.2137166 ], [ -99.288576400000011, 19.2136067 ], [ -99.2881961, 19.2133069 ], [ -99.2880483, 19.213177 ], [ -99.2878236, 19.2131223 ], [ -99.2875136, 19.2131496 ], [ -99.2871056, 19.2131626 ], [ -99.2868172, 19.2132023 ], [ -99.2865238, 19.2132785 ], [ -99.2862823, 19.2133353 ], [ -99.2860296, 19.2133104 ], [ -99.2855725, 19.213265 ], [ -99.2853938, 19.213286 ], [ -99.285260799999989, 19.2133111 ], [ -99.2851519, 19.2133796 ], [ -99.2850517, 19.2134522 ], [ -99.2849645, 19.2134855 ], [ -99.284826, 19.2135626 ], [ -99.2847246, 19.213636 ], [ -99.2846371, 19.2136897 ], [ -99.2845769, 19.2136808 ], [ -99.2844133, 19.2136362 ], [ -99.2841059, 19.2136515 ], [ -99.2839392, 19.2136045 ], [ -99.2837091, 19.2135395 ], [ -99.283536399999988, 19.2134237 ], [ -99.283401, 19.2132105 ], [ -99.2832974, 19.2131613 ], [ -99.2831002, 19.2130556 ], [ -99.2823936, 19.2130815 ], [ -99.2821403, 19.2132259 ], [ -99.2818898, 19.2133957 ], [ -99.2815856, 19.2135323 ], [ -99.2813401, 19.2136468 ], [ -99.2811426, 19.2136978 ], [ -99.2810461, 19.2137247 ], [ -99.2809728, 19.2137091 ], [ -99.2808949, 19.2136845 ], [ -99.2807601, 19.2136309 ], [ -99.280594799999989, 19.2136559 ], [ -99.2803208, 19.2136496 ], [ -99.2801556, 19.2137238 ], [ -99.279866, 19.2138398 ], [ -99.2795761, 19.2139209 ], [ -99.279372099999989, 19.2139888 ], [ -99.2788149, 19.2140755 ], [ -99.2786036, 19.2141865 ], [ -99.2782097, 19.2142787 ], [ -99.2780525, 19.214423 ], [ -99.278016, 19.2144504 ], [ -99.277982099999988, 19.2144777 ], [ -99.277940199999989, 19.2144927 ], [ -99.277748699999989, 19.2145143 ], [ -99.2776631, 19.2145511 ], [ -99.2776017, 19.2145903 ], [ -99.2775629, 19.2146503 ], [ -99.2775349, 19.2146787 ], [ -99.277506699999989, 19.2146844 ], [ -99.2774544, 19.2146795 ], [ -99.2773406, 19.214716 ], [ -99.2771888, 19.2148384 ], [ -99.2767773, 19.2153036 ], [ -99.276716, 19.2154059 ], [ -99.2766677, 19.2154864 ], [ -99.2766154, 19.2155669 ], [ -99.2765551, 19.215634 ], [ -99.2764704, 19.2156609 ], [ -99.276412, 19.215707 ], [ -99.2763589, 19.2157949 ], [ -99.2763392, 19.2160014 ], [ -99.2762789, 19.2163546 ], [ -99.2762417, 19.2164231 ], [ -99.2760351, 19.2164895 ], [ -99.2758777, 19.2165796 ], [ -99.2756565, 19.2167592 ], [ -99.2753043, 19.2170554 ], [ -99.274616, 19.2175183 ], [ -99.2744519, 19.2178872 ], [ -99.2743647, 19.2180855 ], [ -99.2742067, 19.2181524 ], [ -99.2741546, 19.2183095 ], [ -99.274137, 19.218458 ], [ -99.2741303, 19.2186338 ], [ -99.2740596, 19.2188505 ], [ -99.2739835, 19.2195279 ], [ -99.274016, 19.2197067 ], [ -99.2740391, 19.2201011 ], [ -99.2741029, 19.2204006 ], [ -99.2741733, 19.2207016 ], [ -99.2741566, 19.2210389 ], [ -99.2739516, 19.2212295 ], [ -99.2737841, 19.2213732 ], [ -99.2735517, 19.2215731 ], [ -99.2729893, 19.2218117 ], [ -99.2725542, 19.2221385 ], [ -99.2722536, 19.2226604 ], [ -99.2719588, 19.2229373 ], [ -99.2717478, 19.223147 ], [ -99.2714709, 19.2233645 ], [ -99.2713139, 19.2234334 ], [ -99.2711137, 19.2235487 ], [ -99.270923599999989, 19.2237033 ], [ -99.2707717, 19.2239565 ], [ -99.2706782, 19.224203 ], [ -99.2705329, 19.2242919 ], [ -99.2697952, 19.2244021 ], [ -99.2694869, 19.2244887 ], [ -99.2691486, 19.2247131 ], [ -99.2685928, 19.2251102 ], [ -99.2682377, 19.2255888 ], [ -99.267709599999989, 19.2259425 ], [ -99.2668593, 19.22653 ], [ -99.266503899999989, 19.2267941 ], [ -99.266231499999989, 19.2269163 ], [ -99.2660158, 19.2269523 ], [ -99.2657709, 19.2269942 ], [ -99.265568699999989, 19.227097 ], [ -99.2652584, 19.2271167 ], [ -99.2651371, 19.2272193 ], [ -99.265083499999989, 19.2274308 ], [ -99.264033500000011, 19.2282255 ], [ -99.2637725, 19.2284939 ], [ -99.2633314, 19.2286375 ], [ -99.2627218, 19.2289811 ], [ -99.2624494, 19.2291261 ], [ -99.2620249, 19.2291864 ], [ -99.2616179, 19.2292692 ], [ -99.2612746, 19.2293351 ], [ -99.260931, 19.229413 ], [ -99.2603023, 19.2297078 ], [ -99.2599726, 19.2298606 ], [ -99.2588968, 19.2305116 ], [ -99.258619599999989, 19.2307671 ], [ -99.2583904, 19.2309805 ], [ -99.2580901, 19.2312811 ], [ -99.2579069, 19.2315523 ], [ -99.2576386, 19.2317938 ], [ -99.257452, 19.2320598 ], [ -99.257271, 19.2324706 ], [ -99.2569526, 19.2325449 ], [ -99.2563571, 19.2325341 ], [ -99.2560971, 19.2325399 ], [ -99.2559696, 19.2327761 ], [ -99.2556491, 19.2332217 ], [ -99.2551365, 19.2337053 ], [ -99.2547461, 19.2339305 ], [ -99.2543778, 19.2340675 ], [ -99.2539844, 19.2344421 ], [ -99.2534325, 19.2348116 ], [ -99.2531294, 19.2351003 ], [ -99.2529091, 19.2354674 ], [ -99.2528267, 19.2357471 ], [ -99.2526757, 19.2360943 ], [ -99.2526619, 19.2366456 ], [ -99.2528028, 19.2371927 ], [ -99.252868800000016, 19.2375901 ], [ -99.2527122, 19.2378222 ], [ -99.2524096, 19.2381633 ], [ -99.2521886, 19.2383977 ], [ -99.252018299999989, 19.238632 ], [ -99.251879699999989, 19.2389744 ], [ -99.2517852, 19.2394979 ], [ -99.2514724, 19.2400721 ], [ -99.2509936, 19.2404559 ], [ -99.2510419, 19.2409139 ], [ -99.2511827, 19.2412673 ], [ -99.2513869, 19.2414702 ], [ -99.2515989, 19.241672 ], [ -99.2518013, 19.2420251 ], [ -99.251768500000011, 19.2424332 ], [ -99.2514509, 19.2429263 ], [ -99.251311199999989, 19.2431529 ], [ -99.251207799999989, 19.2433646 ], [ -99.251009599999989, 19.2437744 ], [ -99.250860300000014, 19.2439683 ], [ -99.2505912, 19.2442877 ], [ -99.250357799999989, 19.2445202 ], [ -99.2502288, 19.244559 ], [ -99.2501464, 19.2446885 ], [ -99.2501336, 19.2447993 ], [ -99.2502016, 19.2449136 ], [ -99.2504777, 19.245209 ], [ -99.250446, 19.2453985 ], [ -99.250351, 19.2456933 ], [ -99.2501686, 19.2457249 ], [ -99.2499395, 19.2457017 ], [ -99.249826, 19.2457416 ], [ -99.2496499, 19.2459408 ], [ -99.2496178, 19.2460849 ], [ -99.2496112, 19.2462041 ], [ -99.2495962, 19.2463315 ], [ -99.2494174, 19.24643 ], [ -99.2492465, 19.2465148 ], [ -99.249116199999989, 19.2465889 ], [ -99.2489007, 19.2467391 ], [ -99.2486093, 19.2468425 ], [ -99.2482963, 19.2468155 ], [ -99.248182899999989, 19.2467777 ], [ -99.2480077, 19.2467337 ], [ -99.2479227, 19.2468668 ], [ -99.2478396, 19.2469723 ], [ -99.2477594, 19.247104 ], [ -99.2476506, 19.2473394 ], [ -99.247607699999989, 19.2474676 ], [ -99.2476427, 19.247649 ], [ -99.2476501, 19.2478563 ], [ -99.2475902, 19.2480814 ], [ -99.2475869, 19.2483052 ], [ -99.2475117, 19.2485274 ], [ -99.2474649, 19.2487331 ], [ -99.2473861, 19.2488529 ], [ -99.2470019, 19.2490669 ], [ -99.2468324, 19.2491743 ], [ -99.2466725, 19.2493462 ], [ -99.246569, 19.249434 ], [ -99.2464752, 19.2494651 ], [ -99.2463023, 19.2495104 ], [ -99.246141, 19.2495658 ], [ -99.2459401, 19.2496587 ], [ -99.245791700000012, 19.2497636 ], [ -99.2453441, 19.2501882 ], [ -99.2452859, 19.2502724 ], [ -99.245232, 19.2503771 ], [ -99.2451998, 19.2504694 ], [ -99.2452129, 19.2506068 ], [ -99.2452232, 19.2508154 ], [ -99.2452502, 19.2510379 ], [ -99.245217, 19.2512961 ], [ -99.245005300000017, 19.2518055 ], [ -99.2447655, 19.2523267 ], [ -99.244786, 19.2524466 ], [ -99.2447193, 19.2525454 ], [ -99.2446122, 19.2526354 ], [ -99.244593099999989, 19.2527041 ], [ -99.2445851, 19.2527326 ], [ -99.2446044, 19.2530438 ], [ -99.2446068, 19.2530828 ], [ -99.2446193, 19.253212 ], [ -99.2446549, 19.2533541 ], [ -99.244721399999989, 19.25368 ], [ -99.2447653, 19.2540339 ], [ -99.2448022, 19.254391 ], [ -99.2448697, 19.2545621 ], [ -99.2449367, 19.2546748 ], [ -99.245114, 19.2549448 ], [ -99.2451826, 19.2550301 ], [ -99.2452049, 19.2551323 ], [ -99.2452207, 19.2551779 ], [ -99.2452467, 19.2552525 ], [ -99.2452179, 19.2554124 ], [ -99.2451639, 19.2556101 ], [ -99.245091699999989, 19.2557992 ], [ -99.2450592, 19.2558749 ], [ -99.245034, 19.2559608 ], [ -99.2449309, 19.2560572 ], [ -99.2448671, 19.2562 ], [ -99.2448213, 19.2562849 ], [ -99.24481560000001, 19.2563575 ], [ -99.2449278, 19.2564813 ], [ -99.244975, 19.2565332 ], [ -99.2451382, 19.2567003 ], [ -99.2452354, 19.2568076 ], [ -99.2452916, 19.2569074 ], [ -99.2453926, 19.2571748 ], [ -99.2453858, 19.2573421 ], [ -99.2452847, 19.2575175 ], [ -99.2449822, 19.2577625 ], [ -99.2444526, 19.2581645 ], [ -99.2443725, 19.2582798 ], [ -99.2438949, 19.2588622 ], [ -99.2438821, 19.2589458 ], [ -99.2438713, 19.2590597 ], [ -99.2438883, 19.2592007 ], [ -99.2439944, 19.2594085 ], [ -99.244057700000013, 19.2594613 ], [ -99.2443284, 19.2594163 ], [ -99.2443823, 19.2593774 ], [ -99.2446088, 19.2591913 ], [ -99.2447598, 19.2590927 ], [ -99.2449137, 19.2590026 ], [ -99.245094099999989, 19.2589461 ], [ -99.2452572, 19.2588981 ], [ -99.2454016, 19.2589079 ], [ -99.2455812, 19.2589111 ], [ -99.2457363, 19.2589414 ], [ -99.2458722, 19.2589928 ], [ -99.2459743, 19.25904 ], [ -99.2463482, 19.2593468 ], [ -99.246817, 19.2597213 ], [ -99.2471905, 19.2602013 ], [ -99.2472365, 19.2602773 ], [ -99.247197899999989, 19.2603274 ], [ -99.2468411, 19.2605371 ], [ -99.2464782, 19.2606547 ], [ -99.2462982, 19.2607491 ], [ -99.246229, 19.2608892 ], [ -99.2459401, 19.2612001 ], [ -99.245721, 19.2615689 ], [ -99.2456541, 19.2617197 ], [ -99.2456171, 19.2622249 ], [ -99.2455619, 19.2625475 ], [ -99.2455284, 19.2629331 ], [ -99.2455427, 19.2630887 ], [ -99.2456328, 19.263374 ], [ -99.2459063, 19.2636063 ], [ -99.246383, 19.2639839 ], [ -99.2469952, 19.2644965 ], [ -99.247090500000013, 19.2647491 ], [ -99.247062, 19.265058 ], [ -99.2470209, 19.2655285 ], [ -99.2469969, 19.2655955 ], [ -99.246957900000012, 19.2656396 ], [ -99.2466627, 19.2657264 ], [ -99.2463761, 19.2658245 ], [ -99.24605170000001, 19.2662445 ], [ -99.2460087, 19.2663114 ], [ -99.245974499999988, 19.2663733 ], [ -99.2459516, 19.2664374 ], [ -99.2459317, 19.2665096 ], [ -99.2459683, 19.2668403 ], [ -99.2460561, 19.2670338 ], [ -99.2460739, 19.2671742 ], [ -99.2460512, 19.2673533 ], [ -99.2459948, 19.2675288 ], [ -99.2458921, 19.2676662 ], [ -99.2458551, 19.2677027 ], [ -99.2457821, 19.2677748 ], [ -99.2453948, 19.2680806 ], [ -99.2453923, 19.2680825 ], [ -99.2453864, 19.2680872 ], [ -99.2453851, 19.2680882 ], [ -99.245369599999989, 19.2681006 ], [ -99.2453649, 19.2681043 ], [ -99.2453261, 19.2681353 ], [ -99.245324, 19.2681373 ], [ -99.245271300000013, 19.2681858 ], [ -99.2451531, 19.2683172 ], [ -99.2450459, 19.2684363 ], [ -99.244972499999989, 19.2685179 ], [ -99.244874, 19.2686566 ], [ -99.2448451, 19.2686706 ], [ -99.2444912, 19.2688429 ], [ -99.2441628, 19.2690661 ], [ -99.2439495, 19.269211 ], [ -99.2438655, 19.2692681 ], [ -99.2437433, 19.2693512 ], [ -99.243598800000015, 19.2695035 ], [ -99.2434914, 19.2696871 ], [ -99.2434678, 19.2697899 ], [ -99.2434791, 19.2698587 ], [ -99.2434978, 19.2699735 ], [ -99.243533, 19.2700724 ], [ -99.2435993, 19.2702593 ], [ -99.2436023, 19.2702678 ], [ -99.2435987, 19.2703892 ], [ -99.243646, 19.2706949 ], [ -99.2436417, 19.2708753 ], [ -99.2436575, 19.2710081 ], [ -99.2436792, 19.2711877 ], [ -99.2437301, 19.271464 ], [ -99.243772400000012, 19.2716377 ], [ -99.2438265, 19.2717887 ], [ -99.2439679, 19.2721119 ], [ -99.2440823, 19.2723336 ], [ -99.244304, 19.2724552 ], [ -99.244501899999989, 19.272709 ], [ -99.244531, 19.2728569 ], [ -99.244613199999989, 19.2729023 ], [ -99.244408, 19.2732711 ], [ -99.2442844, 19.2736531 ], [ -99.2441503, 19.2739489 ], [ -99.2440454, 19.2741223 ], [ -99.2439244, 19.2742589 ], [ -99.2438593, 19.2743759 ], [ -99.2437312, 19.2746802 ], [ -99.2436263, 19.274916 ], [ -99.243532699999989, 19.2751713 ], [ -99.2434995, 19.2752982 ], [ -99.2434787, 19.2753705 ], [ -99.2434661, 19.2754804 ], [ -99.2434588, 19.2756492 ], [ -99.2438272, 19.2759439 ], [ -99.243978, 19.2758817 ], [ -99.2441106, 19.2760165 ], [ -99.24420880000001, 19.2760911 ], [ -99.2444564, 19.2762142 ], [ -99.2446112, 19.2762595 ], [ -99.2447625, 19.2763244 ], [ -99.2448874, 19.2762094 ], [ -99.2451955, 19.276489 ], [ -99.2452802, 19.2766163 ], [ -99.2453578, 19.2767917 ], [ -99.2453678, 19.2769639 ], [ -99.2453557, 19.2770738 ], [ -99.245259, 19.2775905 ], [ -99.2451362, 19.2780276 ], [ -99.2450226, 19.2784319 ], [ -99.2448696, 19.2788785 ], [ -99.2448098, 19.2790674 ], [ -99.2447982, 19.2791268 ], [ -99.2447909, 19.2792189 ], [ -99.2448048, 19.2793257 ], [ -99.244825, 19.2794308 ], [ -99.2449128, 19.2798869 ], [ -99.2449347, 19.2800706 ], [ -99.244912899999989, 19.2801373 ], [ -99.2445916, 19.2802047 ], [ -99.2444368, 19.2802469 ], [ -99.2443045, 19.280274 ], [ -99.2441752, 19.2803315 ], [ -99.24406, 19.2804115 ], [ -99.2439722, 19.2805184 ], [ -99.2438717, 19.2806147 ], [ -99.2437687, 19.2807085 ], [ -99.2435629, 19.2808965 ], [ -99.2434594, 19.2809898 ], [ -99.243361299999989, 19.2810769 ], [ -99.2433142, 19.281223 ], [ -99.2433079, 19.2813584 ], [ -99.243317499999989, 19.2814389 ], [ -99.2434197, 19.2816078 ], [ -99.2435022, 19.2817185 ], [ -99.2435899, 19.2818254 ], [ -99.2436437, 19.281951 ], [ -99.2436277, 19.2820651 ], [ -99.2435462, 19.2821909 ], [ -99.2434452, 19.2822587 ], [ -99.2433485, 19.2823175 ], [ -99.2433177, 19.2823363 ], [ -99.2432317, 19.2823653 ], [ -99.2431093, 19.2824065 ], [ -99.242924, 19.2824689 ], [ -99.2427849, 19.2825157 ], [ -99.2421488, 19.2828231 ], [ -99.2420226, 19.2829017 ], [ -99.241957, 19.2830086 ], [ -99.2419649, 19.2831479 ], [ -99.2420157, 19.2832697 ], [ -99.2421019, 19.2833133 ], [ -99.2423336, 19.2833501 ], [ -99.2425937, 19.2835585 ], [ -99.2428539, 19.283767 ], [ -99.24292, 19.2839427 ], [ -99.2429676, 19.2841394 ], [ -99.2429253, 19.2842036 ], [ -99.2428516, 19.2842846 ], [ -99.2426806, 19.2843325 ], [ -99.2426563, 19.2843393 ], [ -99.2423173, 19.2848686 ], [ -99.2420292, 19.2853181 ], [ -99.2419351, 19.285465 ], [ -99.2419149, 19.2855062 ], [ -99.2418273, 19.2856845 ], [ -99.2417339, 19.285916 ], [ -99.241694, 19.2860764 ], [ -99.2416045, 19.2863056 ], [ -99.2415148, 19.2864493 ], [ -99.2412714, 19.286654 ], [ -99.2411844, 19.2867079 ], [ -99.2411366, 19.2867376 ], [ -99.2409929, 19.2867917 ], [ -99.2409427, 19.2868211 ], [ -99.2408064, 19.2869924 ], [ -99.2408013, 19.2871647 ], [ -99.2408277, 19.2873094 ], [ -99.240973, 19.2874485 ], [ -99.2410208, 19.2875595 ], [ -99.2410152, 19.2879197 ], [ -99.2410141, 19.2879897 ], [ -99.2410758, 19.2880725 ], [ -99.2413155, 19.2883089 ], [ -99.2414956, 19.2885227 ], [ -99.2415669, 19.2886074 ], [ -99.2417915, 19.2888199 ], [ -99.2418984, 19.2889008 ], [ -99.242082599999989, 19.2890202 ], [ -99.24227, 19.2891736 ], [ -99.2423741, 19.2892345 ], [ -99.2424913, 19.2892504 ], [ -99.2427161, 19.2892754 ], [ -99.2427616, 19.2893601 ], [ -99.242779, 19.2896487 ], [ -99.2428246, 19.2901713 ], [ -99.2429967, 19.2914373 ], [ -99.2428972, 19.2916774 ], [ -99.2428369, 19.2918706 ], [ -99.2426647, 19.2922728 ], [ -99.2425659, 19.292483 ], [ -99.242317, 19.2928555 ], [ -99.2422521, 19.2929042 ], [ -99.2415496, 19.2928633 ], [ -99.241921499999989, 19.2931441 ], [ -99.2417791, 19.2933233 ], [ -99.2416147, 19.2935449 ], [ -99.2415418, 19.2936615 ], [ -99.2415061, 19.2937927 ], [ -99.2414785, 19.2939318 ], [ -99.241384599999989, 19.2940185 ], [ -99.2412268, 19.2940416 ], [ -99.2410857, 19.2940625 ], [ -99.2409452, 19.2940863 ], [ -99.2408274, 19.2941709 ], [ -99.2407718, 19.2941928 ], [ -99.2406809, 19.2942001 ], [ -99.2406362, 19.2941811 ], [ -99.2405647, 19.2941373 ], [ -99.2404756, 19.2940974 ], [ -99.2403738, 19.2940505 ], [ -99.2402829, 19.2940749 ], [ -99.2402246, 19.2940978 ], [ -99.2401662, 19.2941207 ], [ -99.2399942, 19.2942181 ], [ -99.2397854, 19.2943181 ], [ -99.239652299999989, 19.2943809 ], [ -99.2393822, 19.2944917 ], [ -99.2386936, 19.2946991 ], [ -99.2386295, 19.2947031 ], [ -99.2385608, 19.2946881 ], [ -99.23803, 19.2944881 ], [ -99.2380107, 19.2944774 ], [ -99.2379847, 19.2944629 ], [ -99.2379671, 19.2944537 ], [ -99.2378998, 19.2944289 ], [ -99.2377676, 19.2943781 ], [ -99.2376356, 19.2943372 ], [ -99.2374783, 19.2943173 ], [ -99.2372169, 19.2942587 ], [ -99.2370716, 19.2942685 ], [ -99.2369387, 19.2943171 ], [ -99.2367212, 19.2943998 ], [ -99.2365268, 19.2943687 ], [ -99.2363797, 19.2944177 ], [ -99.2361148, 19.2944329 ], [ -99.2359685, 19.2944564 ], [ -99.2359006, 19.2945064 ], [ -99.2358697, 19.2946253 ], [ -99.2359182, 19.2947203 ], [ -99.2360207, 19.2948302 ], [ -99.2361432, 19.2948997 ], [ -99.2361581, 19.2949962 ], [ -99.2360971, 19.2951081 ], [ -99.2359727, 19.295148 ], [ -99.2358043, 19.2951431 ], [ -99.2356749, 19.2950959 ], [ -99.2355707, 19.2949915 ], [ -99.2354739, 19.2949958 ], [ -99.2353895, 19.2951078 ], [ -99.2352645, 19.2951734 ], [ -99.2351198, 19.2952552 ], [ -99.234904, 19.2953921 ], [ -99.2347645, 19.295593 ], [ -99.2346918, 19.2956341 ], [ -99.234621, 19.2956548 ], [ -99.2345326, 19.2956661 ], [ -99.23445, 19.2956904 ], [ -99.2343842, 19.2957438 ], [ -99.2341881, 19.2959689 ], [ -99.2340895, 19.2960669 ], [ -99.23399, 19.2961642 ], [ -99.2338326, 19.2962593 ], [ -99.2336357, 19.296361 ], [ -99.2334578, 19.2964639 ], [ -99.2333012, 19.2965952 ], [ -99.2331866, 19.2966992 ], [ -99.2326311, 19.2974996 ], [ -99.2324944, 19.2977353 ], [ -99.2324829, 19.2978765 ], [ -99.2325206, 19.2980116 ], [ -99.2325838, 19.2981331 ], [ -99.23269, 19.2983848 ], [ -99.2327229, 19.2985274 ], [ -99.2327231, 19.2986891 ], [ -99.2327231, 19.2987189 ], [ -99.2327232, 19.2987683 ], [ -99.2327234, 19.2989241 ], [ -99.2327407, 19.2990547 ], [ -99.2327855, 19.2991887 ], [ -99.232813299999989, 19.2993217 ], [ -99.2328316, 19.2994561 ], [ -99.2328479, 19.2995835 ], [ -99.2327952, 19.2997187 ], [ -99.232726, 19.2997995 ], [ -99.2327101, 19.2998895 ], [ -99.2328087, 19.2999726 ], [ -99.233065, 19.3000981 ], [ -99.2332122, 19.3000952 ], [ -99.2333711, 19.3000778 ], [ -99.2333621, 19.3002317 ], [ -99.2333971, 19.3008162 ], [ -99.2332635, 19.3007866 ], [ -99.232938, 19.3009232 ], [ -99.232763, 19.3010482 ], [ -99.2323971, 19.3013256 ], [ -99.2322288, 19.3014685 ], [ -99.2329739, 19.3018101 ], [ -99.2326461, 19.3024815 ], [ -99.2325475, 19.3030004 ], [ -99.2323374, 19.3029827 ], [ -99.2322483, 19.3037888 ], [ -99.232042299999989, 19.303881 ], [ -99.2320422, 19.303881 ], [ -99.2319848, 19.3042765 ], [ -99.2319302, 19.3047977 ], [ -99.2319046, 19.3050423 ], [ -99.2316919, 19.3052029 ], [ -99.2311971, 19.3054491 ], [ -99.2309137, 19.305573 ], [ -99.2306185, 19.3056817 ], [ -99.2304065, 19.3057684 ], [ -99.230165, 19.3058641 ], [ -99.2299293, 19.3060128 ], [ -99.2298057, 19.3061866 ], [ -99.2295492, 19.3063819 ], [ -99.2293622, 19.3064789 ], [ -99.2289495, 19.3064838 ], [ -99.2286671, 19.3065488 ], [ -99.2281216, 19.306766 ], [ -99.2278929, 19.3068571 ], [ -99.227747, 19.3069632 ], [ -99.2276766, 19.3070317 ], [ -99.227661, 19.3070614 ], [ -99.227592199999989, 19.3071923 ], [ -99.2276463, 19.3073787 ], [ -99.2277139, 19.3076091 ], [ -99.227746599999989, 19.3077831 ], [ -99.2277234, 19.3079143 ], [ -99.2276134, 19.3080615 ], [ -99.227435899999989, 19.308226 ], [ -99.2272395, 19.3084078 ], [ -99.2269121, 19.3086493 ], [ -99.2251707, 19.3099573 ], [ -99.2250175, 19.3103357 ], [ -99.2249334, 19.3105978 ], [ -99.22462560000001, 19.3107287 ], [ -99.2240527, 19.3108604 ], [ -99.2239289, 19.3108966 ], [ -99.2229987, 19.3109508 ], [ -99.2217405, 19.311038 ], [ -99.2213072, 19.311061 ], [ -99.2209714, 19.3110786 ], [ -99.2207078, 19.3111298 ], [ -99.2206606, 19.3111471 ], [ -99.2205623, 19.3112296 ], [ -99.2204718, 19.3113227 ], [ -99.2199254, 19.3122636 ], [ -99.2201219, 19.3126738 ], [ -99.2203033, 19.3130837 ], [ -99.2204118, 19.3133935 ], [ -99.2205174, 19.3137165 ], [ -99.2206566, 19.3142999 ], [ -99.2207325, 19.3146889 ], [ -99.2207549, 19.3148096 ], [ -99.2208064, 19.315087 ], [ -99.2208427, 19.3152935 ], [ -99.220960300000016, 19.3159578 ], [ -99.220970799999989, 19.3160207 ], [ -99.2209726, 19.3160312 ], [ -99.2210415, 19.3163985 ], [ -99.2210768, 19.3166061 ], [ -99.2211566, 19.3170538 ], [ -99.2211964, 19.3172671 ], [ -99.2212232, 19.3173985 ], [ -99.2212913, 19.3177316 ], [ -99.2213158, 19.3178402 ], [ -99.221369, 19.3180757 ], [ -99.2214244, 19.3183197 ], [ -99.2214527, 19.3185164 ], [ -99.221478, 19.3186924 ], [ -99.221485500000014, 19.3189692 ], [ -99.2214671, 19.3193007 ], [ -99.2214083, 19.3196439 ], [ -99.2213102, 19.3199087 ], [ -99.2212323, 19.3200956 ], [ -99.221146499999989, 19.3202693 ], [ -99.2210335, 19.3204454 ], [ -99.220901, 19.3206476 ], [ -99.2207172, 19.320858 ], [ -99.2206, 19.3209644 ], [ -99.2205714, 19.3209904 ], [ -99.2205192, 19.3210371 ], [ -99.22047, 19.3210811 ], [ -99.220449, 19.3210967 ], [ -99.2203531, 19.3211682 ], [ -99.2200583, 19.3213879 ], [ -99.219310299999989, 19.3218981 ], [ -99.2185635, 19.3224164 ], [ -99.2175614, 19.3231029 ], [ -99.2159405, 19.3242118 ], [ -99.2143495, 19.3253214 ], [ -99.2136091, 19.325918 ], [ -99.2127833, 19.326797 ], [ -99.212687699999989, 19.3269229 ], [ -99.2124667, 19.3272347 ], [ -99.2121102, 19.3278281 ], [ -99.211796800000016, 19.3284337 ], [ -99.2106594, 19.3307363 ], [ -99.21050480000001, 19.3310363 ], [ -99.2104543, 19.3311342 ], [ -99.2104263, 19.3311913 ], [ -99.2102773, 19.3314949 ], [ -99.2102365, 19.331578 ], [ -99.2100224, 19.3320106 ], [ -99.2095869, 19.3328906 ], [ -99.2093694, 19.3332783 ], [ -99.2091239, 19.3336334 ], [ -99.2089321, 19.3339083 ], [ -99.208632, 19.3343291 ], [ -99.208443699999989, 19.3345726 ], [ -99.2082051, 19.3348515 ], [ -99.207972, 19.3350821 ], [ -99.2074569, 19.3355119 ], [ -99.2069205, 19.3359912 ], [ -99.2067852, 19.3361084 ], [ -99.2066588, 19.3362184 ], [ -99.2067712, 19.336297 ], [ -99.207106, 19.336544 ], [ -99.207840499999989, 19.3362716 ], [ -99.2080968, 19.3361796 ], [ -99.2083371, 19.3360951 ], [ -99.208674, 19.3359765 ], [ -99.208589, 19.3360962 ], [ -99.208193799999989, 19.3367352 ], [ -99.2078112, 19.3373424 ] ] ] } },
{ "type": "Feature", "properties": { "CVEGEO": "09009", "CVE_ENT": "09", "CVE_MUN": "009", "NOMGEO": "Milpa Alta" }, "geometry": { "type": "Polygon", "coordinates": [ [ [ -98.9971771, 19.2274726 ], [ -98.9972928, 19.2274797 ], [ -98.9972929, 19.2274797 ], [ -98.9981474, 19.2275319 ], [ -98.9987956, 19.2276883 ], [ -98.998863899999989, 19.2277047 ], [ -98.9990223, 19.227357 ], [ -98.9995725, 19.2275595 ], [ -98.9996696, 19.2272944 ], [ -98.9996738, 19.2272827 ], [ -98.9998469, 19.2267839 ], [ -99.0007657, 19.2269944 ], [ -99.0008119, 19.2270059 ], [ -99.0022151, 19.2273574 ], [ -99.0029906, 19.2275739 ], [ -99.003129, 19.2270601 ], [ -99.003129, 19.22706 ], [ -99.0000961, 19.2263928 ], [ -99.0001032, 19.2263229 ], [ -99.0001037, 19.2263177 ], [ -99.0001038, 19.2263176 ], [ -99.0014878, 19.2261984 ], [ -99.0030171, 19.2260593 ], [ -99.003019, 19.2260592 ], [ -99.003926299999989, 19.2259767 ], [ -99.0039705, 19.2259727 ], [ -99.0040028, 19.2259697 ], [ -99.0048961, 19.2258885 ], [ -99.0055295, 19.2258309 ], [ -99.0057387, 19.2258119 ], [ -99.0070746, 19.2256904 ], [ -99.007150599999989, 19.2256835 ], [ -99.008895, 19.2255249 ], [ -99.009674100000012, 19.2254555 ], [ -99.0124942, 19.2252045 ], [ -99.0174833, 19.2247603 ], [ -99.0177896, 19.224733 ], [ -99.0180066, 19.2247137 ], [ -99.01855350000001, 19.2246653 ], [ -99.0196242, 19.2245703 ], [ -99.0217383, 19.2243829 ], [ -99.0230039, 19.2242706 ], [ -99.0253277, 19.2240647 ], [ -99.0262739, 19.2239808 ], [ -99.030193, 19.2236329 ], [ -99.0328742, 19.2230772 ], [ -99.034061, 19.2228312 ], [ -99.0352088, 19.2225932 ], [ -99.0357864, 19.2224735 ], [ -99.0362837, 19.2223704 ], [ -99.0364189, 19.2223424 ], [ -99.0367316, 19.2222776 ], [ -99.0369397, 19.2222344 ], [ -99.037596600000015, 19.2220981 ], [ -99.038040099999989, 19.222006 ], [ -99.0401053, 19.2215774 ], [ -99.0411247, 19.2213657 ], [ -99.0417865, 19.2212284 ], [ -99.0421688, 19.221149 ], [ -99.0424681, 19.2210869 ], [ -99.0427853, 19.2210211 ], [ -99.0430226, 19.2209719 ], [ -99.046644, 19.2202205 ], [ -99.0466635, 19.2202165 ], [ -99.0468233, 19.2201833 ], [ -99.0476625, 19.2200092 ], [ -99.047832, 19.2199741 ], [ -99.0478672, 19.2199668 ], [ -99.0482655, 19.2198841 ], [ -99.0491437, 19.2197019 ], [ -99.0494846, 19.2196312 ], [ -99.0523528, 19.2190361 ], [ -99.0523547, 19.2190357 ], [ -99.0530976, 19.2188815 ], [ -99.053839200000013, 19.2187276 ], [ -99.0559837, 19.2182826 ], [ -99.0563532, 19.2182061 ], [ -99.0567163, 19.2181309 ], [ -99.0581633, 19.2178313 ], [ -99.0591894, 19.2176188 ], [ -99.0601572, 19.2174184 ], [ -99.0605434, 19.2173384 ], [ -99.0632078, 19.2167866 ], [ -99.0643302, 19.2165538 ], [ -99.0658038, 19.216248 ], [ -99.0663087, 19.2161432 ], [ -99.0673255, 19.2159322 ], [ -99.067771799999989, 19.2158396 ], [ -99.0690715, 19.2155699 ], [ -99.071064299999989, 19.2151563 ], [ -99.0723072, 19.2148983 ], [ -99.0735866, 19.2146328 ], [ -99.0757902, 19.2141754 ], [ -99.0767535, 19.2139754 ], [ -99.077721, 19.2137746 ], [ -99.07782, 19.213754 ], [ -99.0781279, 19.2136901 ], [ -99.0785338, 19.2136059 ], [ -99.078704, 19.2135705 ], [ -99.0788345, 19.2135435 ], [ -99.0793719, 19.2134319 ], [ -99.0800587, 19.2132893 ], [ -99.0803556, 19.2132277 ], [ -99.080895700000013, 19.2131155 ], [ -99.0819661, 19.2128909 ], [ -99.0820593, 19.2128714 ], [ -99.082509, 19.212777 ], [ -99.0830511, 19.2126633 ], [ -99.0834727, 19.2125768 ], [ -99.0836429, 19.212542 ], [ -99.0837701, 19.2125159 ], [ -99.0842091, 19.2124258 ], [ -99.0844096, 19.2123847 ], [ -99.085745, 19.2121109 ], [ -99.0863132, 19.2119943 ], [ -99.0865003, 19.211956 ], [ -99.0882281, 19.2116016 ], [ -99.0884233, 19.2115615 ], [ -99.0890326, 19.2114366 ], [ -99.08929, 19.2113838 ], [ -99.0892902, 19.2113837 ], [ -99.089392, 19.2113629 ], [ -99.0906948, 19.2110957 ], [ -99.0908729, 19.2110482 ], [ -99.0908731, 19.2110482 ], [ -99.090874, 19.2110479 ], [ -99.0909365, 19.2110284 ], [ -99.090965400000016, 19.2110194 ], [ -99.091717, 19.2109201 ], [ -99.0920651, 19.2109059 ], [ -99.0923917, 19.2108925 ], [ -99.0929293, 19.2109188 ], [ -99.0931809, 19.2109299 ], [ -99.0933889, 19.2109645 ], [ -99.0935421, 19.2110087 ], [ -99.0936853, 19.2110789 ], [ -99.0937702, 19.2111391 ], [ -99.0940093, 19.2113084 ], [ -99.0941357, 19.2114158 ], [ -99.0942043, 19.211474 ], [ -99.0942951, 19.2115244 ], [ -99.0943964, 19.2115532 ], [ -99.094485, 19.2115531 ], [ -99.0945609, 19.2115387 ], [ -99.0946545, 19.211493 ], [ -99.0947431, 19.2114329 ], [ -99.0948342, 19.2113608 ], [ -99.0948999, 19.2112833 ], [ -99.0949455, 19.2112209 ], [ -99.0949758, 19.2111512 ], [ -99.094996, 19.2110743 ], [ -99.0950645, 19.210079 ], [ -99.0950762, 19.2097414 ], [ -99.0950989, 19.20959 ], [ -99.0951596, 19.2094386 ], [ -99.0952532, 19.209259 ], [ -99.0954143, 19.2090156 ], [ -99.0955551, 19.2088032 ], [ -99.0956115, 19.2087179 ], [ -99.095687, 19.2086279 ], [ -99.0957744, 19.2085783 ], [ -99.0958561, 19.2085559 ], [ -99.0959741, 19.2085541 ], [ -99.0961229, 19.208573 ], [ -99.0962732, 19.2085988 ], [ -99.0964328, 19.2086267 ], [ -99.0965507, 19.2086521 ], [ -99.0966797, 19.2086648 ], [ -99.0967774, 19.2086644 ], [ -99.0968731, 19.2086539 ], [ -99.0969959, 19.2086307 ], [ -99.097138700000016, 19.2085927 ], [ -99.0979443, 19.20833 ], [ -99.0979618, 19.2083248 ], [ -99.0981374, 19.2082724 ], [ -99.098269, 19.2082382 ], [ -99.098350599999989, 19.2082267 ], [ -99.0984105, 19.2082209 ], [ -99.0984884, 19.2082152 ], [ -99.0988195, 19.208215 ], [ -99.0988956, 19.2082114 ], [ -99.0989451, 19.2082094 ], [ -99.0990374, 19.2081966 ], [ -99.09911, 19.2081828 ], [ -99.0991632, 19.2081643 ], [ -99.0992125, 19.2081473 ], [ -99.0992694, 19.2081052 ], [ -99.0993059, 19.2080694 ], [ -99.0993691, 19.2079908 ], [ -99.099830700000012, 19.2074956 ], [ -99.0999205, 19.2073856 ], [ -99.099976, 19.207267 ], [ -99.100013, 19.207144 ], [ -99.1000261, 19.2069934 ], [ -99.1000448, 19.2065195 ], [ -99.1000579, 19.2064141 ], [ -99.1000843, 19.2063212 ], [ -99.100124, 19.2062459 ], [ -99.1001821, 19.2061705 ], [ -99.1002561, 19.2061152 ], [ -99.1003751, 19.2060725 ], [ -99.1006063, 19.205998 ], [ -99.1006356, 19.2059845 ], [ -99.1006989, 19.2059553 ], [ -99.100802, 19.205895 ], [ -99.1008861, 19.2058247 ], [ -99.1009844, 19.2057216 ], [ -99.1010023, 19.2057008 ], [ -99.1011476, 19.2055312 ], [ -99.10159, 19.2050149 ], [ -99.1016931, 19.2048918 ], [ -99.1017459, 19.2048089 ], [ -99.1017637, 19.2047628 ], [ -99.1017804, 19.2047192 ], [ -99.1018147, 19.2046216 ], [ -99.1018543, 19.2044304 ], [ -99.1018708, 19.2042008 ], [ -99.1018997, 19.2038234 ], [ -99.1019332, 19.2034343 ], [ -99.1019636, 19.2026461 ], [ -99.10202240000001, 19.2022805 ], [ -99.1020701, 19.2018464 ], [ -99.1020865, 19.2015723 ], [ -99.1021176, 19.2010518 ], [ -99.102170300000012, 19.200828 ], [ -99.1022469, 19.200662 ], [ -99.1022731, 19.2006282 ], [ -99.1023998, 19.2004648 ], [ -99.10262920000001, 19.2003111 ], [ -99.1031139, 19.2000183 ], [ -99.1032679, 19.1999262 ], [ -99.104080599999989, 19.1994364 ], [ -99.104123300000012, 19.1994107 ], [ -99.1041963, 19.1993672 ], [ -99.1047256, 19.1990464 ], [ -99.1047997, 19.1989642 ], [ -99.1048442, 19.1988661 ], [ -99.104851, 19.1987663 ], [ -99.1048243, 19.1986562 ], [ -99.1047789, 19.1985609 ], [ -99.1047255, 19.1984934 ], [ -99.1046089, 19.1984258 ], [ -99.1046315, 19.198382 ], [ -99.1046353, 19.1983517 ], [ -99.1046372, 19.1983368 ], [ -99.1046583, 19.1982793 ], [ -99.1046978, 19.1982055 ], [ -99.1047542, 19.1982134 ], [ -99.105181800000011, 19.1982731 ], [ -99.1052645, 19.1980875 ], [ -99.105275, 19.1980641 ], [ -99.1052766, 19.1980604 ], [ -99.1052777, 19.198058 ], [ -99.1052814, 19.1980523 ], [ -99.1052914, 19.1980366 ], [ -99.1055056, 19.1977016 ], [ -99.105505799999989, 19.1977013 ], [ -99.1055176, 19.1976828 ], [ -99.105518, 19.1976823 ], [ -99.1055331, 19.1976586 ], [ -99.1057364, 19.1973407 ], [ -99.1057453, 19.1973244 ], [ -99.1057455, 19.1973242 ], [ -99.1057733, 19.1972733 ], [ -99.1057918, 19.1972394 ], [ -99.105803, 19.1972191 ], [ -99.105803099999989, 19.1972188 ], [ -99.1058116, 19.1972033 ], [ -99.105985499999989, 19.1968856 ], [ -99.1059917, 19.1968741 ], [ -99.1062996, 19.1963116 ], [ -99.106308200000015, 19.1962958 ], [ -99.1063161, 19.1962815 ], [ -99.1065096, 19.1959278 ], [ -99.1065194, 19.19591 ], [ -99.1065292, 19.1958921 ], [ -99.106715, 19.1955525 ], [ -99.1067329, 19.1955199 ], [ -99.1067435, 19.1955005 ], [ -99.1069281, 19.1951632 ], [ -99.1069481, 19.1951266 ], [ -99.1080995, 19.1930225 ], [ -99.1084376, 19.1924048 ], [ -99.1086282, 19.1920565 ], [ -99.1088172, 19.191711 ], [ -99.1090168, 19.1913463 ], [ -99.109118, 19.1911613 ], [ -99.1102763, 19.1890445 ], [ -99.111484100000013, 19.1868341 ], [ -99.1116624, 19.1865133 ], [ -99.1123306, 19.1852955 ], [ -99.1126606, 19.1846927 ], [ -99.1134184, 19.1833023 ], [ -99.1186541, 19.1737427 ], [ -99.1191301, 19.172873 ], [ -99.130244300000015, 19.1525442 ], [ -99.1312315, 19.1507504 ], [ -99.132406, 19.1486113 ], [ -99.1372114, 19.1507504 ], [ -99.1377733, 19.1509956 ], [ -99.1385323, 19.1513384 ], [ -99.1389487, 19.1514435 ], [ -99.1394262, 19.1516472 ], [ -99.139774300000013, 19.1518074 ], [ -99.1400202, 19.1519586 ], [ -99.1404043, 19.1522133 ], [ -99.1406956, 19.1524967 ], [ -99.1408491, 19.1529184 ], [ -99.1411329, 19.1535146 ], [ -99.141524, 19.1540597 ], [ -99.141822499999989, 19.1544801 ], [ -99.142034099999989, 19.1547433 ], [ -99.1422836, 19.1551364 ], [ -99.1425192, 19.1555576 ], [ -99.1427496, 19.1560803 ], [ -99.1429383, 19.156514 ], [ -99.1430562, 19.1568185 ], [ -99.1432382, 19.1571433 ], [ -99.1434458, 19.1575389 ], [ -99.1436771, 19.1578346 ], [ -99.1439608, 19.1581169 ], [ -99.14423, 19.158399 ], [ -99.144494099999989, 19.1586654 ], [ -99.1448045, 19.158864 ], [ -99.1449222, 19.1589283 ], [ -99.145457799999988, 19.1592137 ], [ -99.1460769, 19.1595521 ], [ -99.1465098, 19.1598116 ], [ -99.1468039, 19.1599447 ], [ -99.1472082, 19.1600415 ], [ -99.147578599999989, 19.1601406 ], [ -99.1482001, 19.160235 ], [ -99.148704099999989, 19.160273 ], [ -99.1496084, 19.1603129 ], [ -99.1497238, 19.1598441 ], [ -99.1518058, 19.1514108 ], [ -99.1519569, 19.1507674 ], [ -99.1524996, 19.1421181 ], [ -99.1540043, 19.1381216 ], [ -99.155009299999989, 19.1353097 ], [ -99.1632929, 19.1174906 ], [ -99.1547475, 19.1088366 ], [ -99.1468109, 19.1005831 ], [ -99.136481500000016, 19.089378 ], [ -99.135379, 19.0892961 ], [ -99.135212599999988, 19.0888405 ], [ -99.1254331, 19.0620647 ], [ -99.1051286, 19.0577901 ], [ -99.1044539, 19.057648 ], [ -99.0598002, 19.0482367 ], [ -99.0566504, 19.053462 ], [ -99.0566502, 19.0534623 ], [ -99.0487287, 19.0666015 ], [ -99.04320890000001, 19.0757555 ], [ -99.0301949, 19.0845565 ], [ -99.028993700000015, 19.0853688 ], [ -98.9835945, 19.0787633 ], [ -98.9823614, 19.0776084 ], [ -98.9789954, 19.0744559 ], [ -98.9736966, 19.0795532 ], [ -98.9713723, 19.0812184 ], [ -98.9682836, 19.0831409 ], [ -98.9657215, 19.0858612 ], [ -98.9632658, 19.0920628 ], [ -98.9612398, 19.0955832 ], [ -98.9590635, 19.104278 ], [ -98.9589567, 19.1090427 ], [ -98.9586765, 19.1100946 ], [ -98.9586064, 19.1104139 ], [ -98.9584097, 19.1113094 ], [ -98.958690499999989, 19.1125679 ], [ -98.958692, 19.1127053 ], [ -98.958702, 19.1136385 ], [ -98.9585627, 19.1145081 ], [ -98.9585003, 19.1148979 ], [ -98.9580704, 19.117581 ], [ -98.9580029, 19.1179154 ], [ -98.957656, 19.119631 ], [ -98.9575075, 19.1223832 ], [ -98.9577974, 19.1232036 ], [ -98.958529, 19.1252738 ], [ -98.9587295, 19.1258412 ], [ -98.9595422, 19.1283141 ], [ -98.9604325, 19.1310228 ], [ -98.9605098, 19.1312581 ], [ -98.960854, 19.1323052 ], [ -98.9610919, 19.1330291 ], [ -98.9614784, 19.1338234 ], [ -98.961625500000011, 19.1341259 ], [ -98.961715399999989, 19.1343105 ], [ -98.9618172, 19.1345197 ], [ -98.9619455, 19.1347834 ], [ -98.9622727, 19.1354558 ], [ -98.962377, 19.1356702 ], [ -98.9624771, 19.1358341 ], [ -98.9626262, 19.1360781 ], [ -98.9628977, 19.1365226 ], [ -98.9631754, 19.1369771 ], [ -98.9634875, 19.1374881 ], [ -98.9637603, 19.1379345 ], [ -98.9638887, 19.1382175 ], [ -98.9646055, 19.139797 ], [ -98.9646453, 19.1398454 ], [ -98.965089100000014, 19.140386 ], [ -98.9651127, 19.1404148 ], [ -98.9654937, 19.1413949 ], [ -98.9656632, 19.141831 ], [ -98.9659561, 19.1425845 ], [ -98.9664559, 19.1438705 ], [ -98.963037, 19.1456426 ], [ -98.9626042, 19.1458669 ], [ -98.9598955, 19.1471088 ], [ -98.9594819, 19.1472984 ], [ -98.9546263, 19.1495243 ], [ -98.9583185, 19.1538471 ], [ -98.958484399999989, 19.1540413 ], [ -98.9594683, 19.1551932 ], [ -98.9598605, 19.1556523 ], [ -98.9610844, 19.1570851 ], [ -98.9626975, 19.1589734 ], [ -98.9631227, 19.1594712 ], [ -98.9637382, 19.1601917 ], [ -98.964616, 19.1612193 ], [ -98.9652503, 19.1619617 ], [ -98.967366399999989, 19.1644387 ], [ -98.9656122, 19.1649305 ], [ -98.9523857, 19.1686376 ], [ -98.9549157, 19.1740634 ], [ -98.9561747, 19.1767631 ], [ -98.9565217, 19.1766352 ], [ -98.9598491, 19.1791679 ], [ -98.9664103, 19.1870317 ], [ -98.9676939, 19.1897431 ], [ -98.9669787, 19.1979216 ], [ -98.9670258, 19.1999099 ], [ -98.9676097, 19.2026897 ], [ -98.9676803, 19.2030259 ], [ -98.9677019, 19.2031289 ], [ -98.9696786, 19.2042529 ], [ -98.9693344, 19.2045501 ], [ -98.968572, 19.2052082 ], [ -98.9679792, 19.20572 ], [ -98.9675094, 19.2061255 ], [ -98.9674046, 19.2061724 ], [ -98.9672287, 19.2062511 ], [ -98.9671685, 19.2066176 ], [ -98.9671813, 19.2070423 ], [ -98.967424, 19.2073272 ], [ -98.9670518, 19.2076286 ], [ -98.9670024, 19.2079207 ], [ -98.9668635, 19.2087427 ], [ -98.9668265, 19.2089613 ], [ -98.9668378, 19.2090065 ], [ -98.9676573, 19.2097961 ], [ -98.9683765, 19.2104888 ], [ -98.9685279, 19.2105711 ], [ -98.968577599999989, 19.2105891 ], [ -98.9689261, 19.2107124 ], [ -98.9692402, 19.2108508 ], [ -98.9694731, 19.2109742 ], [ -98.9697611, 19.2111826 ], [ -98.9699307, 19.2112552 ], [ -98.9699778, 19.2112754 ], [ -98.971016, 19.2117161 ], [ -98.9712955, 19.2118646 ], [ -98.971497, 19.2119711 ], [ -98.9714978, 19.2119716 ], [ -98.9717061, 19.2121302 ], [ -98.971970399999989, 19.2123265 ], [ -98.9722243, 19.2125109 ], [ -98.9724286, 19.2126954 ], [ -98.9728277, 19.2131705 ], [ -98.973059, 19.2134545 ], [ -98.9730635, 19.2134606 ], [ -98.9731768, 19.2136155 ], [ -98.9731769, 19.2136156 ], [ -98.9732127, 19.2136645 ], [ -98.9733323, 19.2138225 ], [ -98.9736214, 19.2140829 ], [ -98.973716599999989, 19.2141278 ], [ -98.9742443, 19.2143907 ], [ -98.9743495, 19.2144431 ], [ -98.9745021, 19.2144832 ], [ -98.9749576, 19.2145854 ], [ -98.9750086, 19.214591 ], [ -98.9750103, 19.2145912 ], [ -98.9778102, 19.2150676 ], [ -98.9778103, 19.2150676 ], [ -98.9778967, 19.2150823 ], [ -98.9781398, 19.2150689 ], [ -98.97815, 19.2150683 ], [ -98.9781531, 19.2150709 ], [ -98.9782268, 19.2151329 ], [ -98.978229399999989, 19.2151351 ], [ -98.9782296, 19.2151352 ], [ -98.978324, 19.2152146 ], [ -98.9788785, 19.2156811 ], [ -98.9789051, 19.2157035 ], [ -98.9797016, 19.2163735 ], [ -98.9797124, 19.2163826 ], [ -98.9797228, 19.2163914 ], [ -98.9816714, 19.2180304 ], [ -98.9817064, 19.2180599 ], [ -98.9819498, 19.2182647 ], [ -98.9819675, 19.2182796 ], [ -98.9821954, 19.2184712 ], [ -98.9822149, 19.2184877 ], [ -98.9822371, 19.2185063 ], [ -98.9823926, 19.2186371 ], [ -98.9824541, 19.2186888 ], [ -98.9824709, 19.2187029 ], [ -98.9824894, 19.2187185 ], [ -98.9827059, 19.2189006 ], [ -98.9827301, 19.218921 ], [ -98.9827516, 19.218939 ], [ -98.9829828, 19.2191334 ], [ -98.9829998, 19.2191478 ], [ -98.9831814, 19.2193004 ], [ -98.9832122, 19.2193264 ], [ -98.9832424, 19.2193517 ], [ -98.9834739, 19.2195465 ], [ -98.983505799999989, 19.2195733 ], [ -98.9835368, 19.2195994 ], [ -98.9838042, 19.2198242 ], [ -98.9838416, 19.2198557 ], [ -98.983871799999989, 19.2198811 ], [ -98.983873800000012, 19.2198828 ], [ -98.984005, 19.2199931 ], [ -98.9840335, 19.2200171 ], [ -98.9840509, 19.2200317 ], [ -98.9842697, 19.2202157 ], [ -98.984301, 19.220242 ], [ -98.9843178, 19.2202562 ], [ -98.985719, 19.2214347 ], [ -98.9882339, 19.2237048 ], [ -98.9905587, 19.2257784 ], [ -98.9910736, 19.2255947 ], [ -98.9912373, 19.2247898 ], [ -98.9918252, 19.2248378 ], [ -98.991868, 19.2248413 ], [ -98.9925507, 19.2248921 ], [ -98.9932628, 19.2249448 ], [ -98.9932628, 19.2249449 ], [ -98.9933219, 19.2253371 ], [ -98.9933382, 19.2254451 ], [ -98.9933385, 19.225447 ], [ -98.9933385, 19.2254471 ], [ -98.9933451, 19.2254908 ], [ -98.9934076, 19.2259056 ], [ -98.9934591, 19.2262471 ], [ -98.9934591, 19.2262472 ], [ -98.9934714, 19.2263287 ], [ -98.993472, 19.2263324 ], [ -98.993472, 19.2263325 ], [ -98.9934803, 19.2263879 ], [ -98.9935026, 19.2265353 ], [ -98.9935026, 19.2265354 ], [ -98.9935434, 19.2268059 ], [ -98.9935527, 19.2268681 ], [ -98.9935527, 19.2268682 ], [ -98.9935621, 19.22693 ], [ -98.9935621, 19.2269301 ], [ -98.993619099999989, 19.2271187 ], [ -98.993619099999989, 19.2271188 ], [ -98.9936223, 19.2271293 ], [ -98.9936757, 19.2273061 ], [ -98.9936758, 19.2273062 ], [ -98.9937254, 19.2274705 ], [ -98.9942042, 19.227426 ], [ -98.9943944, 19.2274479 ], [ -98.9952628, 19.2275148 ], [ -98.9952629, 19.2275148 ], [ -98.9952639, 19.2275149 ], [ -98.995418700000016, 19.2264627 ], [ -98.9954228, 19.2264346 ], [ -98.9954422, 19.2262424 ], [ -98.995790899999989, 19.2250385 ], [ -98.995791, 19.2250385 ], [ -98.9957919, 19.2250388 ], [ -98.996066900000017, 19.2251201 ], [ -98.9963763, 19.2252114 ], [ -98.9963762, 19.2252115 ], [ -98.9963558, 19.2252824 ], [ -98.9961806, 19.2258888 ], [ -98.9962695, 19.2259772 ], [ -98.9964286, 19.2261904 ], [ -98.996681099999989, 19.2263264 ], [ -98.9970632, 19.2264235 ], [ -98.9974397, 19.2264846 ], [ -98.997463599999989, 19.2264885 ], [ -98.997447, 19.2271845 ], [ -98.9972337, 19.2273107 ], [ -98.997177, 19.2274726 ], [ -98.9971771, 19.2274726 ] ] ] } },
{ "type": "Feature", "properties": { "CVEGEO": "09010", "CVE_ENT": "09", "CVE_MUN": "010", "NOMGEO": "Álvaro Obregón" }, "geometry": { "type": "Polygon", "coordinates": [ [ [ -99.1890954, 19.3956863 ], [ -99.1892583, 19.3960748 ], [ -99.1895843, 19.3968537 ], [ -99.189876399999989, 19.3975864 ], [ -99.1899228, 19.3977065 ], [ -99.1901786, 19.3983153 ], [ -99.1903627, 19.3987559 ], [ -99.1904763, 19.3990218 ], [ -99.190614, 19.3993222 ], [ -99.1908258, 19.3996502 ], [ -99.1911537, 19.4001092 ], [ -99.1912818, 19.4002647 ], [ -99.1914915, 19.4004373 ], [ -99.1918879, 19.4007272 ], [ -99.1920249, 19.4008559 ], [ -99.192133, 19.4009807 ], [ -99.1922247, 19.4011317 ], [ -99.1922956, 19.4013294 ], [ -99.192318, 19.4013929 ], [ -99.1923446, 19.4016533 ], [ -99.1922716, 19.402387 ], [ -99.1922484, 19.4026275 ], [ -99.1921972, 19.4030958 ], [ -99.1921857, 19.403238 ], [ -99.1922014, 19.403743 ], [ -99.1923649, 19.403725 ], [ -99.192479600000013, 19.4037124 ], [ -99.1929899, 19.4036561 ], [ -99.1937324, 19.4035768 ], [ -99.1938379, 19.4035645 ], [ -99.1941589, 19.403527 ], [ -99.1943216, 19.4035074 ], [ -99.1945208, 19.4034845 ], [ -99.1946581, 19.4034678 ], [ -99.195449700000012, 19.4033439 ], [ -99.1958771, 19.4032917 ], [ -99.1966277, 19.4032049 ], [ -99.1967117, 19.4031925 ], [ -99.1976136, 19.4030912 ], [ -99.1980687, 19.4030037 ], [ -99.1983064, 19.4029336 ], [ -99.1984346, 19.4028855 ], [ -99.1989392, 19.4026629 ], [ -99.1995634, 19.4023983 ], [ -99.199866500000013, 19.4022787 ], [ -99.2005014, 19.4020327 ], [ -99.200996, 19.401843 ], [ -99.2014167, 19.401682 ], [ -99.2015489, 19.4016466 ], [ -99.2019016, 19.4015562 ], [ -99.2022106, 19.4015274 ], [ -99.2024743, 19.4015022 ], [ -99.2030759, 19.4014338 ], [ -99.203738, 19.4013657 ], [ -99.2045591, 19.4012766 ], [ -99.205039899999989, 19.4012149 ], [ -99.2061725, 19.4010656 ], [ -99.2078452, 19.4008539 ], [ -99.2084151, 19.4007645 ], [ -99.2090484, 19.4006574 ], [ -99.2104392, 19.4004381 ], [ -99.2104485, 19.4004367 ], [ -99.21051, 19.4004247 ], [ -99.210945099999989, 19.4002766 ], [ -99.2114755, 19.4001297 ], [ -99.2120266, 19.3999496 ], [ -99.2125678, 19.3998063 ], [ -99.2126741, 19.3997649 ], [ -99.2130254, 19.3995593 ], [ -99.2138662, 19.3991177 ], [ -99.2144802, 19.3988397 ], [ -99.2148561, 19.3987057 ], [ -99.2158762, 19.3983766 ], [ -99.2162922, 19.3982526 ], [ -99.2169064, 19.3980335 ], [ -99.2170774, 19.3979739 ], [ -99.218072, 19.3976343 ], [ -99.2183156, 19.3975547 ], [ -99.2195132, 19.3971705 ], [ -99.2220602, 19.3963276 ], [ -99.2224444, 19.3962025 ], [ -99.2235788, 19.3958527 ], [ -99.2242196, 19.3957461 ], [ -99.2249905, 19.3956327 ], [ -99.2251587, 19.3956391 ], [ -99.225710299999989, 19.3956659 ], [ -99.2260361, 19.3956906 ], [ -99.2266484, 19.3957717 ], [ -99.2269788, 19.3958031 ], [ -99.2273451, 19.3957959 ], [ -99.2277029, 19.3957308 ], [ -99.2281831, 19.3956451 ], [ -99.2292473, 19.3954169 ], [ -99.2297703, 19.3953034 ], [ -99.2299813, 19.3952563 ], [ -99.2304911, 19.3950835 ], [ -99.2308545, 19.3949499 ], [ -99.2310669, 19.3948986 ], [ -99.231275599999989, 19.3948721 ], [ -99.2315195, 19.394869 ], [ -99.2319371, 19.3949067 ], [ -99.2322532, 19.3949334 ], [ -99.2325768, 19.3949035 ], [ -99.2328419, 19.3948145 ], [ -99.2354817, 19.3937431 ], [ -99.2358077, 19.3936261 ], [ -99.2360395, 19.3935625 ], [ -99.2362585, 19.3935405 ], [ -99.2364846, 19.3935456 ], [ -99.2370995, 19.3936047 ], [ -99.237382900000014, 19.3935987 ], [ -99.2376034, 19.3935675 ], [ -99.2378426, 19.3934913 ], [ -99.2380282, 19.3933965 ], [ -99.2388075, 19.3928242 ], [ -99.2389213, 19.3926744 ], [ -99.2390066, 19.3924734 ], [ -99.239033299999988, 19.3922863 ], [ -99.2390159, 19.3917011 ], [ -99.2389968, 19.3910612 ], [ -99.239021799999989, 19.3907279 ], [ -99.2391328, 19.3904059 ], [ -99.2394197, 19.3895891 ], [ -99.2395158, 19.3893797 ], [ -99.2396727, 19.3891367 ], [ -99.2399291, 19.3888641 ], [ -99.2402094, 19.3886531 ], [ -99.2404664, 19.3884994 ], [ -99.2411386, 19.3881412 ], [ -99.2413864, 19.3879818 ], [ -99.2421091, 19.3873546 ], [ -99.242679, 19.3870352 ], [ -99.2429453, 19.3869517 ], [ -99.2431981, 19.3869185 ], [ -99.2433258, 19.3869375 ], [ -99.24364460000001, 19.3869851 ], [ -99.244751799999989, 19.3873438 ], [ -99.2449976, 19.3873858 ], [ -99.2451743, 19.3874036 ], [ -99.2454774, 19.3873944 ], [ -99.2457385, 19.3873202 ], [ -99.2459985, 19.3872303 ], [ -99.2462385, 19.3870851 ], [ -99.246569799999989, 19.3868288 ], [ -99.2476526, 19.385957 ], [ -99.2487809, 19.3850397 ], [ -99.249747, 19.3842651 ], [ -99.250034, 19.3840358 ], [ -99.250325, 19.3838339 ], [ -99.250681, 19.3836082 ], [ -99.250770300000013, 19.3835485 ], [ -99.251189, 19.3832805 ], [ -99.2524709, 19.3824661 ], [ -99.2542467, 19.3813344 ], [ -99.2546051, 19.3811059 ], [ -99.2549871, 19.3808657 ], [ -99.2557942, 19.3803545 ], [ -99.25608, 19.3801735 ], [ -99.2569092, 19.3796131 ], [ -99.2571473, 19.3794095 ], [ -99.2576525, 19.3789512 ], [ -99.2579231, 19.3787058 ], [ -99.2588872, 19.3778442 ], [ -99.259096899999989, 19.3776573 ], [ -99.2598043, 19.3770269 ], [ -99.2605969, 19.3763532 ], [ -99.2610299, 19.3760335 ], [ -99.2613535, 19.3758407 ], [ -99.2615846, 19.3757174 ], [ -99.261689, 19.3756618 ], [ -99.2618758, 19.3755711 ], [ -99.2620433, 19.3754897 ], [ -99.2629781, 19.3750389 ], [ -99.2632571, 19.3749564 ], [ -99.2634696, 19.3749094 ], [ -99.2637815, 19.3748584 ], [ -99.2656438, 19.3745794 ], [ -99.2663035, 19.3744741 ], [ -99.266367100000011, 19.3744564 ], [ -99.2664293, 19.3744357 ], [ -99.2664902, 19.374412 ], [ -99.2665497, 19.3743852 ], [ -99.2666076, 19.3743556 ], [ -99.2666639, 19.3743231 ], [ -99.2667182, 19.3742879 ], [ -99.2667705, 19.37425 ], [ -99.2668207, 19.3742095 ], [ -99.2668686, 19.3741667 ], [ -99.2669141, 19.3741215 ], [ -99.266957, 19.3740741 ], [ -99.2669974, 19.3740245 ], [ -99.2672564, 19.3735937 ], [ -99.267331, 19.3735143 ], [ -99.267407, 19.3734533 ], [ -99.267501, 19.373405 ], [ -99.2675771, 19.3733723 ], [ -99.2676666, 19.3733538 ], [ -99.2677457, 19.3733493 ], [ -99.2678285, 19.3733529 ], [ -99.267931, 19.3733716 ], [ -99.2680067, 19.3733855 ], [ -99.2680804, 19.3734093 ], [ -99.2681477, 19.3734311 ], [ -99.2684096, 19.3735258 ], [ -99.2684865, 19.3735423 ], [ -99.2685605, 19.3735544 ], [ -99.2686236, 19.3735625 ], [ -99.2686948, 19.3735653 ], [ -99.2687706, 19.373566 ], [ -99.2688371, 19.3735625 ], [ -99.2689096, 19.3735562 ], [ -99.2689738, 19.3735475 ], [ -99.2691187, 19.3735272 ], [ -99.2692395, 19.3735103 ], [ -99.2693414, 19.3734899 ], [ -99.2694379, 19.3734666 ], [ -99.2695239, 19.3734411 ], [ -99.269651, 19.3733895 ], [ -99.2697776, 19.3733143 ], [ -99.2698496, 19.3732574 ], [ -99.2699179, 19.3732032 ], [ -99.2699773, 19.373138 ], [ -99.2700269, 19.3730697 ], [ -99.2700719, 19.372997 ], [ -99.2701056, 19.3729213 ], [ -99.2701434, 19.3728103 ], [ -99.2701576, 19.3727152 ], [ -99.270161, 19.3726291 ], [ -99.2701567, 19.3725034 ], [ -99.2701316, 19.372356 ], [ -99.2700837, 19.3722039 ], [ -99.269778, 19.3714444 ], [ -99.2688946, 19.3716675 ], [ -99.26838, 19.3718088 ], [ -99.2682957, 19.3714628 ], [ -99.2682593, 19.3712338 ], [ -99.2682278, 19.3709539 ], [ -99.2682415, 19.3706975 ], [ -99.2682515, 19.3705905 ], [ -99.2682749, 19.3704204 ], [ -99.2683252, 19.370252 ], [ -99.2683925, 19.3700526 ], [ -99.2686324, 19.3696078 ], [ -99.268949, 19.3692412 ], [ -99.2691087, 19.3690639 ], [ -99.2690161, 19.3689678 ], [ -99.268618300000014, 19.3688061 ], [ -99.2684507, 19.3687217 ], [ -99.2684338, 19.3687132 ], [ -99.2682819, 19.3687009 ], [ -99.2681597, 19.3687167 ], [ -99.268057399999989, 19.3687419 ], [ -99.2679155, 19.3687875 ], [ -99.2677902, 19.3688566 ], [ -99.2674966, 19.3690841 ], [ -99.2673152, 19.3692267 ], [ -99.2671972, 19.3693461 ], [ -99.2670993, 19.3695061 ], [ -99.2668679, 19.3698995 ], [ -99.2666466, 19.3702897 ], [ -99.2664451, 19.3706355 ], [ -99.2663953, 19.3707208 ], [ -99.2662994, 19.3710121 ], [ -99.2662673, 19.3711469 ], [ -99.2662455, 19.3712389 ], [ -99.2662227, 19.3713728 ], [ -99.2661802, 19.3715001 ], [ -99.2660735, 19.3716253 ], [ -99.2658037, 19.3718581 ], [ -99.2655882, 19.3720139 ], [ -99.2654919, 19.3720372 ], [ -99.2654067, 19.3720195 ], [ -99.2653147, 19.3719597 ], [ -99.265075, 19.3717456 ], [ -99.2654506, 19.3710266 ], [ -99.2658044, 19.3702053 ], [ -99.266047, 19.3696182 ], [ -99.2663585, 19.3688663 ], [ -99.2665761, 19.3683187 ], [ -99.2666578, 19.3680654 ], [ -99.2667231, 19.3678087 ], [ -99.2667793, 19.3675151 ], [ -99.266789, 19.3670277 ], [ -99.2667631, 19.36681 ], [ -99.2666575, 19.3661488 ], [ -99.2666052, 19.3657994 ], [ -99.2665741, 19.3656485 ], [ -99.2665325, 19.3655345 ], [ -99.2664916, 19.3652797 ], [ -99.2664608, 19.3650199 ], [ -99.2664529, 19.3646901 ], [ -99.2664733, 19.3643942 ], [ -99.2665159, 19.3641653 ], [ -99.2665776, 19.3639609 ], [ -99.2668331, 19.3635453 ], [ -99.265915299999989, 19.363198 ], [ -99.2656388, 19.3630669 ], [ -99.2653485, 19.3629294 ], [ -99.265104799999989, 19.3628424 ], [ -99.264843, 19.3627608 ], [ -99.2642648, 19.3625992 ], [ -99.2637407, 19.3624501 ], [ -99.263224600000015, 19.362284 ], [ -99.2628267, 19.3621311 ], [ -99.2625376, 19.3619898 ], [ -99.2622432, 19.3618178 ], [ -99.2619956, 19.3616678 ], [ -99.2618531, 19.3615622 ], [ -99.2616822, 19.3614296 ], [ -99.26143110000001, 19.3612192 ], [ -99.2612599, 19.3610444 ], [ -99.2611333, 19.3608257 ], [ -99.2610471, 19.3605431 ], [ -99.2609105, 19.3598375 ], [ -99.260594, 19.3583326 ], [ -99.260313599999989, 19.3569752 ], [ -99.2602517, 19.3564886 ], [ -99.260156099999989, 19.3558721 ], [ -99.2600162, 19.3552852 ], [ -99.2598415, 19.3542072 ], [ -99.2594657, 19.3528178 ], [ -99.2594027, 19.3524789 ], [ -99.2592486, 19.3517745 ], [ -99.2592309, 19.3515188 ], [ -99.259237399999989, 19.3512208 ], [ -99.2592689, 19.3509279 ], [ -99.2593248, 19.3507166 ], [ -99.259386, 19.3505096 ], [ -99.2593769, 19.350372 ], [ -99.2593754, 19.3503652 ], [ -99.2593493, 19.3502456 ], [ -99.2593308, 19.3501747 ], [ -99.259308, 19.3501211 ], [ -99.259267, 19.3500646 ], [ -99.2592214, 19.3500246 ], [ -99.2591532, 19.3499847 ], [ -99.2591174, 19.3499747 ], [ -99.259087100000016, 19.3499663 ], [ -99.2590384, 19.3499622 ], [ -99.2589075, 19.3499851 ], [ -99.2585201, 19.3500527 ], [ -99.2584145, 19.3500711 ], [ -99.258396300000015, 19.3500728 ], [ -99.2583826, 19.350074 ], [ -99.2583509, 19.3500672 ], [ -99.2583234, 19.3500556 ], [ -99.2582887, 19.3500285 ], [ -99.258259099999989, 19.3499946 ], [ -99.2582291, 19.3499484 ], [ -99.2582074, 19.3498936 ], [ -99.2582021, 19.3498486 ], [ -99.2581987, 19.3498043 ], [ -99.2582066, 19.3497599 ], [ -99.258225900000014, 19.3497102 ], [ -99.258275, 19.3496481 ], [ -99.2583165, 19.3496119 ], [ -99.2586202, 19.3494329 ], [ -99.2589921, 19.3492274 ], [ -99.259227599999988, 19.3490609 ], [ -99.259326, 19.3489537 ], [ -99.2594154, 19.3488427 ], [ -99.259497599999989, 19.3486873 ], [ -99.2595674, 19.348563 ], [ -99.2596385, 19.3484737 ], [ -99.25972, 19.3483895 ], [ -99.2597983, 19.3483329 ], [ -99.259899, 19.3482908 ], [ -99.2599894, 19.3482813 ], [ -99.260211, 19.3482719 ], [ -99.2603612, 19.3482559 ], [ -99.260570199999989, 19.3482094 ], [ -99.261018400000012, 19.3479529 ], [ -99.2610796, 19.3478983 ], [ -99.2611319, 19.3478299 ], [ -99.261123, 19.3477767 ], [ -99.2610734, 19.3477517 ], [ -99.2610151, 19.3477497 ], [ -99.2609568, 19.3477655 ], [ -99.260847, 19.3478593 ], [ -99.2607177, 19.3479393 ], [ -99.2605708, 19.3480123 ], [ -99.2603281, 19.348066 ], [ -99.2601879, 19.3480648 ], [ -99.2600863, 19.3480527 ], [ -99.2598176, 19.3479795 ], [ -99.2597314, 19.3479719 ], [ -99.2596719, 19.3479743 ], [ -99.2595726, 19.3480074 ], [ -99.2592761, 19.3481234 ], [ -99.2591603, 19.3481824 ], [ -99.259071, 19.3482192 ], [ -99.259013, 19.3482106 ], [ -99.2589743, 19.348173 ], [ -99.2589692, 19.3481209 ], [ -99.2589975, 19.3480592 ], [ -99.2590317, 19.3480329 ], [ -99.2594357, 19.3478777 ], [ -99.259605799999989, 19.3478192 ], [ -99.2597203, 19.3477905 ], [ -99.2598191, 19.3477483 ], [ -99.2599, 19.3476751 ], [ -99.2599741, 19.3476183 ], [ -99.2602027, 19.3475329 ], [ -99.2602779, 19.3475178 ], [ -99.260344100000012, 19.347523 ], [ -99.260431700000012, 19.3475365 ], [ -99.2605731, 19.3475238 ], [ -99.2606271, 19.3474976 ], [ -99.2606658, 19.3474601 ], [ -99.2607248, 19.3473252 ], [ -99.2607723, 19.347259 ], [ -99.2608741, 19.3471924 ], [ -99.2610067, 19.3471912 ], [ -99.2611933, 19.3471781 ], [ -99.2612591, 19.3471231 ], [ -99.2613909, 19.3470391 ], [ -99.2614662, 19.3470384 ], [ -99.2615657, 19.347049 ], [ -99.2616229, 19.3470513 ], [ -99.2617011, 19.3470392 ], [ -99.2618993, 19.3469689 ], [ -99.2619624, 19.3469453 ], [ -99.2620401, 19.3468904 ], [ -99.2620847, 19.3468271 ], [ -99.2621533, 19.3467578 ], [ -99.2622431, 19.3467027 ], [ -99.2623452, 19.3466732 ], [ -99.2624325, 19.3466667 ], [ -99.2625111, 19.346686 ], [ -99.2625715, 19.3467055 ], [ -99.2626381, 19.3467392 ], [ -99.262735299999989, 19.346807 ], [ -99.2628232, 19.3468692 ], [ -99.2628927, 19.3468885 ], [ -99.262974, 19.3468879 ], [ -99.2630609, 19.3468413 ], [ -99.2631477, 19.3467747 ], [ -99.2631954, 19.3467258 ], [ -99.263248499999989, 19.346608 ], [ -99.2632806, 19.3465048 ], [ -99.263297799999989, 19.346416 ], [ -99.2633208, 19.3463072 ], [ -99.2633561, 19.3462268 ], [ -99.2634307, 19.3461518 ], [ -99.263508699999988, 19.3461053 ], [ -99.2636257, 19.3460671 ], [ -99.2637431, 19.3460546 ], [ -99.2638244, 19.3460453 ], [ -99.2639179, 19.3460531 ], [ -99.2640261, 19.3460349 ], [ -99.2640861, 19.3460087 ], [ -99.2641459, 19.3459596 ], [ -99.2641628, 19.3458422 ], [ -99.2641677, 19.3457277 ], [ -99.2641753, 19.345579 ], [ -99.2641741, 19.3454589 ], [ -99.2641973, 19.3453586 ], [ -99.2642419, 19.3453096 ], [ -99.264307699999989, 19.3452547 ], [ -99.264376700000014, 19.3452312 ], [ -99.2644642, 19.345239 ], [ -99.2645458, 19.3452668 ], [ -99.2646425, 19.3452917 ], [ -99.2647088, 19.3453055 ], [ -99.2647749, 19.3452791 ], [ -99.2648435, 19.345207 ], [ -99.2648757, 19.3451181 ], [ -99.264895599999988, 19.3449949 ], [ -99.2648821, 19.3448493 ], [ -99.264881699999989, 19.3448035 ], [ -99.2648963, 19.3447576 ], [ -99.264938, 19.3447058 ], [ -99.2649769, 19.3446768 ], [ -99.2650248, 19.3446535 ], [ -99.2650819, 19.3446416 ], [ -99.2651331, 19.3446354 ], [ -99.2652174, 19.3446232 ], [ -99.2653045, 19.3446025 ], [ -99.2654097, 19.3445844 ], [ -99.2654667, 19.3445581 ], [ -99.2655626, 19.3444972 ], [ -99.2655877, 19.3444644 ], [ -99.2656399, 19.3443964 ], [ -99.265669, 19.3442904 ], [ -99.265760899999989, 19.3441408 ], [ -99.2657818, 19.3441264 ], [ -99.2658748, 19.3440799 ], [ -99.2659619, 19.3440619 ], [ -99.2660434, 19.3440669 ], [ -99.266161, 19.3440802 ], [ -99.2662635, 19.3440963 ], [ -99.2663782, 19.3441068 ], [ -99.2665229, 19.3441198 ], [ -99.2666223, 19.3441247 ], [ -99.2667755, 19.3440747 ], [ -99.2668351, 19.3440113 ], [ -99.2669326, 19.3438131 ], [ -99.267099, 19.3435742 ], [ -99.2673485, 19.3432146 ], [ -99.2676449, 19.3427172 ], [ -99.267984399999989, 19.3423167 ], [ -99.2681779, 19.3420863 ], [ -99.268231700000015, 19.3420458 ], [ -99.2683036, 19.3419965 ], [ -99.2683454, 19.341959 ], [ -99.2683811, 19.3419158 ], [ -99.268417, 19.3418897 ], [ -99.2684801, 19.3418691 ], [ -99.2685461, 19.3418457 ], [ -99.2686395, 19.3418448 ], [ -99.2687269, 19.3418498 ], [ -99.2688295, 19.3418632 ], [ -99.2689381, 19.3418823 ], [ -99.2691617, 19.341946 ], [ -99.2693493, 19.3420387 ], [ -99.2694877, 19.3420147 ], [ -99.2698375, 19.3417514 ], [ -99.269980499999988, 19.3415813 ], [ -99.2703611, 19.3413807 ], [ -99.2706964, 19.3411661 ], [ -99.2714378, 19.3408907 ], [ -99.2717707, 19.3407419 ], [ -99.2720827, 19.3406047 ], [ -99.2723289, 19.3405196 ], [ -99.2724938, 19.3404438 ], [ -99.2726704, 19.3403335 ], [ -99.27285, 19.340209 ], [ -99.2729609, 19.3401537 ], [ -99.2731293, 19.340115 ], [ -99.2733064, 19.3400591 ], [ -99.2736032, 19.3399134 ], [ -99.2738758, 19.3397595 ], [ -99.274214199999989, 19.3395506 ], [ -99.2745084, 19.3394507 ], [ -99.2750217, 19.3392575 ], [ -99.2753934, 19.339074 ], [ -99.2759878, 19.3388628 ], [ -99.2765817, 19.3386002 ], [ -99.27732, 19.3383105 ], [ -99.2780062, 19.3379555 ], [ -99.2784982, 19.3377338 ], [ -99.278843900000012, 19.3376735 ], [ -99.2792078, 19.3376045 ], [ -99.2796479, 19.3376291 ], [ -99.2798672, 19.33757 ], [ -99.2800375, 19.3374255 ], [ -99.2803139, 19.3373515 ], [ -99.2806391, 19.3373372 ], [ -99.2809559, 19.3373801 ], [ -99.2811563, 19.3374341 ], [ -99.28116820000001, 19.3373289 ], [ -99.2811599, 19.3372123 ], [ -99.2811215, 19.3370991 ], [ -99.2810588, 19.3370065 ], [ -99.2809644, 19.3369202 ], [ -99.2806092, 19.3367327 ], [ -99.2802172, 19.3365281 ], [ -99.2801575, 19.3364553 ], [ -99.2801079, 19.3363609 ], [ -99.2800542, 19.336248 ], [ -99.2800304, 19.3360981 ], [ -99.280062, 19.3354545 ], [ -99.2800905, 19.3353585 ], [ -99.2801404, 19.3352868 ], [ -99.2802106, 19.335232 ], [ -99.2802983, 19.3351991 ], [ -99.2803813, 19.3351825 ], [ -99.2804978, 19.3351758 ], [ -99.2806513, 19.3352105 ], [ -99.2818371, 19.3355537 ], [ -99.281966700000012, 19.3356072 ], [ -99.2820755, 19.3356491 ], [ -99.28222550000001, 19.3357164 ], [ -99.2823825, 19.3358003 ], [ -99.2830206, 19.3362371 ], [ -99.2831561, 19.3363274 ], [ -99.2832996, 19.3364149 ], [ -99.283574699999988, 19.336531 ], [ -99.283815, 19.3366037 ], [ -99.2839602, 19.336625 ], [ -99.2843332, 19.3366761 ], [ -99.2844777, 19.3366647 ], [ -99.2846038, 19.3366465 ], [ -99.284714, 19.3366148 ], [ -99.284849200000011, 19.3365365 ], [ -99.2849515, 19.3364721 ], [ -99.2850503, 19.3363779 ], [ -99.285086299999989, 19.3363218 ], [ -99.2851206, 19.3362684 ], [ -99.285192400000014, 19.3361137 ], [ -99.2859854, 19.3342449 ], [ -99.286289, 19.3335846 ], [ -99.2865304, 19.3331179 ], [ -99.2867675, 19.3326297 ], [ -99.2868395, 19.3324945 ], [ -99.2869308, 19.332323 ], [ -99.287297, 19.3315792 ], [ -99.2874399, 19.3312955 ], [ -99.287497699999989, 19.3311493 ], [ -99.2875199, 19.3310365 ], [ -99.2875235, 19.3309911 ], [ -99.2875263, 19.3309538 ], [ -99.2875163, 19.3308208 ], [ -99.287473, 19.3306663 ], [ -99.2874271, 19.3305763 ], [ -99.2874161, 19.3305547 ], [ -99.2874125, 19.3305477 ], [ -99.2873302, 19.3304321 ], [ -99.2871137, 19.3302085 ], [ -99.2871054, 19.3302 ], [ -99.2867812, 19.3298515 ], [ -99.2866986, 19.3297708 ], [ -99.2867747, 19.3297389 ], [ -99.2869101, 19.3297755 ], [ -99.287101299999989, 19.329857 ], [ -99.2874325, 19.3300121 ], [ -99.2878757, 19.3302233 ], [ -99.287990900000011, 19.3303005 ], [ -99.2880731, 19.3303817 ], [ -99.2881978, 19.3304909 ], [ -99.2883227, 19.3306698 ], [ -99.2883716, 19.330908 ], [ -99.2883955, 19.3311344 ], [ -99.2883706, 19.3313223 ], [ -99.2882892, 19.3315759 ], [ -99.288198, 19.3318027 ], [ -99.2881866, 19.3318309 ], [ -99.2880971, 19.3320155 ], [ -99.287858899999989, 19.3325106 ], [ -99.2876829, 19.3329598 ], [ -99.2876822, 19.3329629 ], [ -99.2876577, 19.3330634 ], [ -99.2876569, 19.3331534 ], [ -99.2876708, 19.3332307 ], [ -99.2876952, 19.3333086 ], [ -99.2877296, 19.3333664 ], [ -99.2877747, 19.3334119 ], [ -99.287828, 19.333448 ], [ -99.287894, 19.3334718 ], [ -99.2879599, 19.3334781 ], [ -99.288072500000013, 19.3334594 ], [ -99.2881714, 19.3334155 ], [ -99.2882557, 19.3333612 ], [ -99.2883232, 19.333304 ], [ -99.288552, 19.3330854 ], [ -99.288866399999989, 19.3327848 ], [ -99.2894221, 19.3321393 ], [ -99.2894392, 19.3321195 ], [ -99.2894563, 19.3320996 ], [ -99.2897366, 19.331705 ], [ -99.2901477, 19.330793 ], [ -99.2903178, 19.3305568 ], [ -99.2908645, 19.3297999 ], [ -99.2911767, 19.3293537 ], [ -99.2912643, 19.3291573 ], [ -99.2913223, 19.3289909 ], [ -99.291366599999989, 19.3288404 ], [ -99.291389400000014, 19.3286756 ], [ -99.2913595, 19.3284473 ], [ -99.291267, 19.3281843 ], [ -99.2911208, 19.3278329 ], [ -99.290799, 19.3270597 ], [ -99.2907747, 19.3269577 ], [ -99.2907765, 19.3267915 ], [ -99.2907824, 19.3266489 ], [ -99.2908088, 19.3265775 ], [ -99.2909298, 19.3263487 ], [ -99.2913384, 19.325576 ], [ -99.2913703, 19.325528 ], [ -99.291487, 19.3253521 ], [ -99.2915814, 19.3251842 ], [ -99.2916058, 19.3251341 ], [ -99.2916541, 19.325035 ], [ -99.2917117, 19.3248664 ], [ -99.2917523, 19.3246629 ], [ -99.2917619, 19.3244705 ], [ -99.291753899999989, 19.3243604 ], [ -99.2917412, 19.3242079 ], [ -99.2916696, 19.3237774 ], [ -99.291646200000017, 19.3236431 ], [ -99.2916145, 19.3234608 ], [ -99.2915839, 19.323301 ], [ -99.2915314, 19.3229936 ], [ -99.2915141, 19.3229408 ], [ -99.2914972, 19.3228896 ], [ -99.2914821, 19.3228437 ], [ -99.2914254, 19.3227404 ], [ -99.2913653, 19.3226702 ], [ -99.2913022, 19.3226164 ], [ -99.2912206, 19.3225626 ], [ -99.2911633, 19.3225247 ], [ -99.2908413, 19.3224137 ], [ -99.2907896, 19.3223839 ], [ -99.2906705, 19.3223155 ], [ -99.2905638, 19.3222246 ], [ -99.2904957, 19.3221348 ], [ -99.2904368, 19.3220106 ], [ -99.2904227, 19.3218953 ], [ -99.2904286, 19.3217617 ], [ -99.2904514, 19.3216621 ], [ -99.2904842, 19.3215693 ], [ -99.2905725, 19.3214548 ], [ -99.2907031, 19.3213495 ], [ -99.2907537, 19.3213282 ], [ -99.2910165, 19.3212539 ], [ -99.291425, 19.3211668 ], [ -99.2917588, 19.3211031 ], [ -99.2919787, 19.3210637 ], [ -99.2921599, 19.3210332 ], [ -99.2923898, 19.3209781 ], [ -99.2925931, 19.3209037 ], [ -99.2928059, 19.3207922 ], [ -99.2929871, 19.3206589 ], [ -99.293143500000014, 19.3205311 ], [ -99.2933225, 19.32034 ], [ -99.2934383, 19.3201682 ], [ -99.2935638, 19.31988 ], [ -99.293616899999989, 19.3195647 ], [ -99.2937176, 19.3189685 ], [ -99.2937595, 19.3188315 ], [ -99.2938071, 19.3187074 ], [ -99.2938926, 19.3185012 ], [ -99.2939898, 19.3182767 ], [ -99.2941849, 19.3178353 ], [ -99.294272299999989, 19.3176402 ], [ -99.2943765, 19.3174159 ], [ -99.2945185, 19.3171287 ], [ -99.2945354, 19.3170924 ], [ -99.2945758, 19.3170057 ], [ -99.2947404, 19.3169143 ], [ -99.2947727, 19.3169157 ], [ -99.294846299999989, 19.3169188 ], [ -99.2949212, 19.3169455 ], [ -99.2949934, 19.3170168 ], [ -99.2951658, 19.3173028 ], [ -99.2952676, 19.3174497 ], [ -99.2953592, 19.3175359 ], [ -99.2954675, 19.3175637 ], [ -99.2955747, 19.3175503 ], [ -99.2956718, 19.3174814 ], [ -99.2959152, 19.3173077 ], [ -99.2961248, 19.3171984 ], [ -99.2963454, 19.3171734 ], [ -99.2964614, 19.3172294 ], [ -99.2965186, 19.3172958 ], [ -99.2965544, 19.3173806 ], [ -99.2965435, 19.3174692 ], [ -99.2964439, 19.3177879 ], [ -99.2963942, 19.3179991 ], [ -99.2964014, 19.3181115 ], [ -99.2964284, 19.3182291 ], [ -99.296739699999989, 19.3186341 ], [ -99.296883799999989, 19.3187583 ], [ -99.2970985, 19.3188506 ], [ -99.2973362, 19.3189129 ], [ -99.297535599999989, 19.3189469 ], [ -99.297709400000016, 19.3189874 ], [ -99.2979726, 19.3190968 ], [ -99.2981591, 19.3191855 ], [ -99.2982769, 19.3193093 ], [ -99.2984043, 19.3194402 ], [ -99.2985707, 19.3196874 ], [ -99.2986918, 19.3199395 ], [ -99.298812, 19.3204716 ], [ -99.2988489, 19.3206773 ], [ -99.2989954, 19.3210604 ], [ -99.2990785, 19.3211874 ], [ -99.2993152, 19.3212843 ], [ -99.2996149, 19.3215071 ], [ -99.2997419, 19.3217439 ], [ -99.2998082, 19.3218973 ], [ -99.3000428, 19.3221755 ], [ -99.3001058, 19.3222549 ], [ -99.3001678, 19.322301 ], [ -99.3002161, 19.3223247 ], [ -99.300345299999989, 19.3223391 ], [ -99.3004093, 19.3223277 ], [ -99.3004663, 19.3223041 ], [ -99.3005294, 19.3222541 ], [ -99.3005628, 19.3221895 ], [ -99.3005715, 19.3221299 ], [ -99.3005716, 19.3220301 ], [ -99.3005623, 19.3219108 ], [ -99.300548, 19.3217813 ], [ -99.3005002, 19.3216391 ], [ -99.3004999, 19.3214795 ], [ -99.3005595, 19.3213203 ], [ -99.3005871, 19.3211413 ], [ -99.3006291, 19.3209187 ], [ -99.3005942, 19.3206099 ], [ -99.3005972, 19.3204492 ], [ -99.3006684, 19.320213 ], [ -99.3007312, 19.320135 ], [ -99.3007978, 19.3200332 ], [ -99.3008473, 19.3199159 ], [ -99.3009883, 19.3197897 ], [ -99.3010544, 19.3196603 ], [ -99.3011098, 19.319448 ], [ -99.3011031, 19.3192386 ], [ -99.3011377, 19.3190721 ], [ -99.3011732, 19.3189738 ], [ -99.3011891, 19.3188654 ], [ -99.3012495, 19.3187162 ], [ -99.3013436, 19.3186193 ], [ -99.3015078, 19.3186153 ], [ -99.301610599999989, 19.3186101 ], [ -99.3016905, 19.3185948 ], [ -99.3017438, 19.3185438 ], [ -99.3017756, 19.3184916 ], [ -99.301795, 19.3184124 ], [ -99.3018054, 19.3183046 ], [ -99.3017894, 19.3182508 ], [ -99.301759, 19.3181949 ], [ -99.3013766, 19.3178669 ], [ -99.3013222, 19.317808 ], [ -99.3012588, 19.3177126 ], [ -99.3011904, 19.317465 ], [ -99.3011548, 19.3171752 ], [ -99.3011346, 19.3170517 ], [ -99.301138, 19.3169074 ], [ -99.3007344, 19.3160745 ], [ -99.3006275, 19.3155982 ], [ -99.3004381, 19.3150831 ], [ -99.3002309, 19.3145849 ], [ -99.3001028, 19.3143567 ], [ -99.3000368, 19.3139728 ], [ -99.3000469, 19.3137526 ], [ -99.300076, 19.3135469 ], [ -99.3001406, 19.3133431 ], [ -99.3003208, 19.3128692 ], [ -99.3004717, 19.3124936 ], [ -99.3004902, 19.3124531 ], [ -99.300538, 19.3124269 ], [ -99.3009152, 19.3123193 ], [ -99.3009756, 19.312296 ], [ -99.3010298, 19.3122693 ], [ -99.3010901, 19.3122073 ], [ -99.301114399999989, 19.312108 ], [ -99.3011729, 19.3119013 ], [ -99.301266200000015, 19.3113563 ], [ -99.3012555, 19.3110043 ], [ -99.3012581, 19.3096742 ], [ -99.301265199999989, 19.3095756 ], [ -99.30129, 19.3095095 ], [ -99.3013296, 19.3094583 ], [ -99.3013951, 19.3094382 ], [ -99.3014553, 19.3094381 ], [ -99.3014821, 19.3094461 ], [ -99.301614199999989, 19.3094823 ], [ -99.301712099999989, 19.3095118 ], [ -99.3020207, 19.3098829 ], [ -99.302569, 19.3105771 ], [ -99.3027671, 19.3107829 ], [ -99.3030247, 19.3110417 ], [ -99.3030589, 19.3110747 ], [ -99.3030988, 19.3111054 ], [ -99.3031212, 19.3111231 ], [ -99.303157399999989, 19.3111383 ], [ -99.3032122, 19.3111513 ], [ -99.3032595, 19.3111524 ], [ -99.3033018, 19.3111441 ], [ -99.3033628, 19.311106 ], [ -99.303418799999989, 19.3110631 ], [ -99.3034524, 19.3110172 ], [ -99.3036615, 19.3106207 ], [ -99.303957, 19.3100174 ], [ -99.3042909, 19.3094211 ], [ -99.3043853, 19.3093957 ], [ -99.3044621, 19.3093732 ], [ -99.3045153, 19.3093109 ], [ -99.3047157, 19.3092052 ], [ -99.3048224, 19.309203 ], [ -99.304862899999989, 19.309198 ], [ -99.3049139, 19.3091703 ], [ -99.3049575, 19.3091375 ], [ -99.3050287, 19.3090635 ], [ -99.3050682, 19.3089797 ], [ -99.3053968, 19.3082442 ], [ -99.3056051, 19.3077944 ], [ -99.305760299999989, 19.3074521 ], [ -99.3057876, 19.3073993 ], [ -99.3058492, 19.3073203 ], [ -99.3059077, 19.3072472 ], [ -99.3059648, 19.3072092 ], [ -99.3060298, 19.3071857 ], [ -99.3060857, 19.3071715 ], [ -99.3061335, 19.3071694 ], [ -99.3061889, 19.3071771 ], [ -99.3062435, 19.3071879 ], [ -99.3063077, 19.3072053 ], [ -99.3063729, 19.3072394 ], [ -99.306423200000012, 19.307286 ], [ -99.3069623, 19.3079376 ], [ -99.3070201, 19.3079683 ], [ -99.3071056, 19.3079808 ], [ -99.3071814, 19.3079658 ], [ -99.3072543, 19.3079531 ], [ -99.3073112, 19.3079172 ], [ -99.307359, 19.3078712 ], [ -99.3073938, 19.3078234 ], [ -99.3073914, 19.3068885 ], [ -99.3075587, 19.3064962 ], [ -99.3077503, 19.3059388 ], [ -99.3078466, 19.3057473 ], [ -99.3079793, 19.3055651 ], [ -99.3081633, 19.3054378 ], [ -99.3083679, 19.3053069 ], [ -99.3086275, 19.3051567 ], [ -99.308792, 19.3050962 ], [ -99.3088887, 19.3050856 ], [ -99.3089613, 19.3050855 ], [ -99.3090404, 19.3051041 ], [ -99.309124, 19.3051415 ], [ -99.3092077, 19.3051998 ], [ -99.3092935, 19.3052685 ], [ -99.3093706, 19.3053726 ], [ -99.3094194, 19.3054567 ], [ -99.3094415, 19.305518 ], [ -99.3094441, 19.3056006 ], [ -99.3093586, 19.3058696 ], [ -99.3093322, 19.3061874 ], [ -99.3093559, 19.3064833 ], [ -99.3094219, 19.306779 ], [ -99.3095069, 19.3069579 ], [ -99.3101091, 19.3075503 ], [ -99.3101538, 19.3075785 ], [ -99.3102149, 19.3075805 ], [ -99.3102766, 19.3075615 ], [ -99.310329, 19.3075338 ], [ -99.3103697, 19.3074996 ], [ -99.310417, 19.307456 ], [ -99.3104657, 19.3073759 ], [ -99.3106334, 19.3068904 ], [ -99.310686, 19.3068099 ], [ -99.3107487, 19.3067606 ], [ -99.310806, 19.3067342 ], [ -99.3108837, 19.3067446 ], [ -99.3109725, 19.3067953 ], [ -99.311204, 19.3068762 ], [ -99.3113319, 19.3069036 ], [ -99.3114119, 19.3068979 ], [ -99.3115719, 19.3068051 ], [ -99.3117873, 19.3065644 ], [ -99.311931, 19.3063962 ], [ -99.3120544, 19.3059617 ], [ -99.312228800000014, 19.3055509 ], [ -99.3122809, 19.3052296 ], [ -99.3121402, 19.3049269 ], [ -99.3120273, 19.3045532 ], [ -99.3119727, 19.3043394 ], [ -99.3120951, 19.3041688 ], [ -99.3122804, 19.3041685 ], [ -99.3128767, 19.3041784 ], [ -99.3130951, 19.3040887 ], [ -99.3132649, 19.3039326 ], [ -99.313604399999988, 19.3035925 ], [ -99.3138846, 19.3030685 ], [ -99.313915400000013, 19.3025229 ], [ -99.3138721, 19.3019434 ], [ -99.3139169, 19.3015893 ], [ -99.3139889, 19.3014406 ], [ -99.314141299999989, 19.3013794 ], [ -99.3144102, 19.3013789 ], [ -99.3146907, 19.3014527 ], [ -99.3147976, 19.3014285 ], [ -99.3151432, 19.3012861 ], [ -99.3154355, 19.300881 ], [ -99.3157747, 19.3005328 ], [ -99.3161052, 19.3002583 ], [ -99.3164081, 19.3000544 ], [ -99.3164371, 19.2999972 ], [ -99.316437, 19.299953 ], [ -99.3164, 19.2998756 ], [ -99.3162888, 19.299731 ], [ -99.3161493, 19.2995948 ], [ -99.315947, 19.2993761 ], [ -99.3158933, 19.2991735 ], [ -99.3159366, 19.2989848 ], [ -99.3160128, 19.2988105 ], [ -99.3161103, 19.2986362 ], [ -99.3162333, 19.2983408 ], [ -99.316233700000012, 19.2981134 ], [ -99.3163592, 19.2977493 ], [ -99.316464, 19.2974187 ], [ -99.3167718, 19.2970164 ], [ -99.3169526, 19.2964753 ], [ -99.317160199999989, 19.2958165 ], [ -99.3171541, 19.2950865 ], [ -99.3169548, 19.2946473 ], [ -99.317109, 19.2942523 ], [ -99.3170245, 19.2939697 ], [ -99.3170697, 19.2936433 ], [ -99.3171227, 19.2934039 ], [ -99.3171069, 19.2931139 ], [ -99.3170448, 19.2926065 ], [ -99.3169602, 19.2923239 ], [ -99.3166811, 19.2917145 ], [ -99.3165575, 19.2908777 ], [ -99.3161423, 19.29031 ], [ -99.3157351, 19.2899031 ], [ -99.3160403, 19.2886988 ], [ -99.3161981, 19.2876993 ], [ -99.31658010000001, 19.2871821 ], [ -99.3166739, 19.2861364 ], [ -99.3162496, 19.2843963 ], [ -99.3158173, 19.28371 ], [ -99.315732, 19.2828919 ], [ -99.3157293, 19.2821993 ], [ -99.3161313, 19.2807846 ], [ -99.3162715, 19.279768 ], [ -99.3167016, 19.2793051 ], [ -99.3169211, 19.2782465 ], [ -99.3168486, 19.2776605 ], [ -99.3171553, 19.2770462 ], [ -99.317118799999989, 19.2761713 ], [ -99.317189, 19.2756737 ], [ -99.3173836, 19.2748707 ], [ -99.3177897, 19.2743358 ], [ -99.3187846, 19.2732249 ], [ -99.3236432, 19.2650867 ], [ -99.3236779, 19.2642744 ], [ -99.3235203, 19.2513913 ], [ -99.3235197, 19.2507429 ], [ -99.3242283, 19.2383379 ], [ -99.3243559, 19.234307 ], [ -99.3243203, 19.2326098 ], [ -99.3222548, 19.2326478 ], [ -99.3225483, 19.2337262 ], [ -99.3225512, 19.2338279 ], [ -99.322553899999988, 19.2339444 ], [ -99.3226324, 19.2340811 ], [ -99.3227214, 19.2346752 ], [ -99.3227664, 19.2353056 ], [ -99.3227366, 19.2356535 ], [ -99.3229954, 19.2359085 ], [ -99.3229353, 19.2364364 ], [ -99.3228514, 19.2367145 ], [ -99.3227298, 19.2375114 ], [ -99.3227611, 19.2376156 ], [ -99.3228161, 19.237679 ], [ -99.3228544, 19.2377627 ], [ -99.322856, 19.2379142 ], [ -99.322871299999989, 19.2380191 ], [ -99.3229377, 19.2381127 ], [ -99.3231192, 19.2382011 ], [ -99.3231941, 19.238253 ], [ -99.3232392, 19.2383107 ], [ -99.3232771, 19.2383878 ], [ -99.3233015, 19.2384533 ], [ -99.3233145, 19.2385549 ], [ -99.323164, 19.2390687 ], [ -99.3231643, 19.2392312 ], [ -99.3228913, 19.2398174 ], [ -99.3226691, 19.2403065 ], [ -99.322124699999989, 19.2409191 ], [ -99.3212582, 19.2418184 ], [ -99.3207887, 19.2422882 ], [ -99.320534, 19.2426063 ], [ -99.3203518, 19.2428643 ], [ -99.3201909, 19.2430175 ], [ -99.3200588, 19.2431434 ], [ -99.3198144, 19.2432811 ], [ -99.3195343, 19.2433973 ], [ -99.3193889, 19.2434345 ], [ -99.3192602, 19.2434436 ], [ -99.3191079, 19.2433727 ], [ -99.3188759, 19.2432354 ], [ -99.3187906, 19.2431924 ], [ -99.3187221, 19.2432098 ], [ -99.318593299999989, 19.2432823 ], [ -99.3183909, 19.2434784 ], [ -99.3182774, 19.2437286 ], [ -99.317706, 19.2443712 ], [ -99.3176365, 19.244492 ], [ -99.3176019, 19.2445972 ], [ -99.3175209, 19.2450048 ], [ -99.3175066, 19.2452984 ], [ -99.3177946, 19.2456701 ], [ -99.3177224, 19.2459227 ], [ -99.3176979, 19.2459491 ], [ -99.3175848, 19.2460129 ], [ -99.3175641, 19.2460831 ], [ -99.3175804, 19.2461642 ], [ -99.317714, 19.2464038 ], [ -99.3178407, 19.2470294 ], [ -99.317848, 19.2471234 ], [ -99.3178128, 19.2472698 ], [ -99.3177653, 19.2473626 ], [ -99.3175231, 19.2476103 ], [ -99.3172888, 19.2480527 ], [ -99.3171355, 19.2485543 ], [ -99.3169958, 19.2491467 ], [ -99.3170069, 19.2496322 ], [ -99.3170741, 19.2503079 ], [ -99.3168175, 19.250725 ], [ -99.3167703, 19.250779 ], [ -99.3166948, 19.2507772 ], [ -99.3166295, 19.2507378 ], [ -99.316588599999989, 19.2507871 ], [ -99.3164838, 19.2509673 ], [ -99.3164426, 19.2510324 ], [ -99.316389, 19.2510491 ], [ -99.3163253, 19.2510328 ], [ -99.316178799999989, 19.2508511 ], [ -99.3161407, 19.2508431 ], [ -99.3161117, 19.2508375 ], [ -99.3160759, 19.2508381 ], [ -99.3160508, 19.2508364 ], [ -99.3160257, 19.250836 ], [ -99.315996399999989, 19.2508417 ], [ -99.3159565, 19.2508606 ], [ -99.3159168, 19.2509157 ], [ -99.3159173, 19.2509818 ], [ -99.31593190000001, 19.2510638 ], [ -99.3159601, 19.251287 ], [ -99.3159365, 19.2515254 ], [ -99.3159087, 19.2516495 ], [ -99.315973, 19.2518287 ], [ -99.3160602, 19.2519408 ], [ -99.316082, 19.2520149 ], [ -99.3160574, 19.2520809 ], [ -99.3159662, 19.2521751 ], [ -99.3158775, 19.2523431 ], [ -99.3158559, 19.2524497 ], [ -99.3159481, 19.2526263 ], [ -99.3159351, 19.252804 ], [ -99.3158745, 19.2529161 ], [ -99.3157329, 19.2530086 ], [ -99.3155972, 19.2531766 ], [ -99.3155061, 19.2533066 ], [ -99.3152602, 19.253956 ], [ -99.3151921, 19.254359 ], [ -99.3150456, 19.2545639 ], [ -99.3148856, 19.2548366 ], [ -99.3147696, 19.2549787 ], [ -99.314781400000015, 19.2552178 ], [ -99.3148705, 19.2553453 ], [ -99.3149657, 19.2554355 ], [ -99.315050899999989, 19.2555195 ], [ -99.3151602, 19.2556416 ], [ -99.315260099999989, 19.2557718 ], [ -99.3154366, 19.255914 ], [ -99.3154704, 19.2559925 ], [ -99.3154797, 19.2560594 ], [ -99.3154646, 19.256138 ], [ -99.3153629, 19.2563589 ], [ -99.3152535, 19.2564169 ], [ -99.3150333, 19.2564825 ], [ -99.3147721, 19.2565132 ], [ -99.3145949, 19.2567361 ], [ -99.3143926, 19.2568135 ], [ -99.3142007, 19.2568241 ], [ -99.3140739, 19.2568109 ], [ -99.3139744, 19.2567721 ], [ -99.3137621, 19.2566574 ], [ -99.3135389, 19.2566471 ], [ -99.3128003, 19.2567024 ], [ -99.3125376, 19.2569474 ], [ -99.312266600000015, 19.2570846 ], [ -99.311209300000016, 19.2570756 ], [ -99.3107661, 19.2571829 ], [ -99.310203199999989, 19.2572746 ], [ -99.3097358, 19.2575911 ], [ -99.3092415, 19.2578317 ], [ -99.308774, 19.2580976 ], [ -99.3081865, 19.2580071 ], [ -99.30755, 19.2579059 ], [ -99.306896200000011, 19.2577764 ], [ -99.3062357, 19.2577449 ], [ -99.3053, 19.2579427 ], [ -99.3038887, 19.2583836 ], [ -99.3035057, 19.2586672 ], [ -99.3030255, 19.2586675 ], [ -99.3023703, 19.2589282 ], [ -99.3021617, 19.2593556 ], [ -99.3019112, 19.2595126 ], [ -99.3017142, 19.260039 ], [ -99.3014775, 19.2605029 ], [ -99.301009799999989, 19.2608794 ], [ -99.3008765, 19.2610445 ], [ -99.3005666, 19.2610966 ], [ -99.3002341, 19.2609376 ], [ -99.299774899999989, 19.2608861 ], [ -99.2989492, 19.2612201 ], [ -99.2983908, 19.2613214 ], [ -99.2979835, 19.2614537 ], [ -99.2977559, 19.2618822 ], [ -99.2972889, 19.2622877 ], [ -99.2969655, 19.2627119 ], [ -99.2968087, 19.2631121 ], [ -99.296237499999989, 19.2633047 ], [ -99.2957623, 19.263513 ], [ -99.2951043, 19.263802 ], [ -99.2947939, 19.2640457 ], [ -99.2945127, 19.2643039 ], [ -99.2942367, 19.2645954 ], [ -99.2941882, 19.2648911 ], [ -99.2939871, 19.2652788 ], [ -99.2940562, 19.2655646 ], [ -99.2940155, 19.2660227 ], [ -99.293783499999989, 19.2663655 ], [ -99.2935198, 19.2668818 ], [ -99.2927428, 19.2676382 ], [ -99.2926228, 19.2681278 ], [ -99.2925788, 19.2683084 ], [ -99.2922369, 19.2685483 ], [ -99.2916376, 19.2687731 ], [ -99.2912549, 19.2690241 ], [ -99.2909211, 19.269202 ], [ -99.290514699999989, 19.269569 ], [ -99.2901477, 19.2698938 ], [ -99.2899562, 19.2700783 ], [ -99.2896308, 19.2702861 ], [ -99.2893295, 19.270351 ], [ -99.289012899999989, 19.2702942 ], [ -99.2882639, 19.2701713 ], [ -99.287925199999989, 19.2701562 ], [ -99.287528400000014, 19.2701715 ], [ -99.2868067, 19.2704143 ], [ -99.2861896, 19.2706807 ], [ -99.2856482, 19.2714253 ], [ -99.2854379, 19.271826 ], [ -99.285416, 19.2721984 ], [ -99.285247, 19.2731077 ], [ -99.2849425, 19.2732749 ], [ -99.2847173, 19.2735567 ], [ -99.2845032, 19.2739101 ], [ -99.2842768, 19.2742514 ], [ -99.2840493, 19.2745919 ], [ -99.2837367, 19.2747569 ], [ -99.2833311, 19.275097 ], [ -99.2832113, 19.2754598 ], [ -99.2831785, 19.2757363 ], [ -99.28331, 19.2759972 ], [ -99.2837494, 19.2762263 ], [ -99.283917699999989, 19.2766923 ], [ -99.2839654, 19.2769613 ], [ -99.2834752, 19.2772751 ], [ -99.2830425, 19.2777687 ], [ -99.282301499999988, 19.279033 ], [ -99.282054300000013, 19.2792249 ], [ -99.2815091, 19.2794907 ], [ -99.2813077, 19.2802186 ], [ -99.2811398, 19.2806198 ], [ -99.2808084, 19.2807575 ], [ -99.2804597, 19.2807581 ], [ -99.2802167, 19.2808211 ], [ -99.2800547, 19.2809305 ], [ -99.2796379, 19.2811548 ], [ -99.2794504, 19.2813941 ], [ -99.2792002, 19.2816704 ], [ -99.279020300000013, 19.2817157 ], [ -99.2786571, 19.2816217 ], [ -99.2784655, 19.2814691 ], [ -99.2783149, 19.2813985 ], [ -99.278224, 19.281414 ], [ -99.2781357, 19.2814836 ], [ -99.2780029, 19.2815525 ], [ -99.2779294, 19.2817027 ], [ -99.2779013, 19.2819339 ], [ -99.2778888, 19.2823259 ], [ -99.277888499999989, 19.2824678 ], [ -99.2778881, 19.2825933 ], [ -99.2765629, 19.2833656 ], [ -99.2733203, 19.2851892 ], [ -99.273448, 19.2853641 ], [ -99.2735886, 19.2855568 ], [ -99.2749803, 19.2874631 ], [ -99.276169, 19.2890979 ], [ -99.2747344, 19.2913286 ], [ -99.2731633, 19.2931493 ], [ -99.2724612, 19.2942111 ], [ -99.2724981, 19.294658 ], [ -99.2723681, 19.2950137 ], [ -99.2723268, 19.2953346 ], [ -99.2721074, 19.2955057 ], [ -99.271854, 19.2961127 ], [ -99.271717, 19.2968276 ], [ -99.2715415, 19.297742 ], [ -99.2714862, 19.2979967 ], [ -99.2716638, 19.2983417 ], [ -99.2714726, 19.299175 ], [ -99.2705534, 19.2996798 ], [ -99.270333, 19.3000596 ], [ -99.2700825, 19.3005415 ], [ -99.2697366, 19.3011763 ], [ -99.2697588, 19.3011844 ], [ -99.2703803, 19.3014115 ], [ -99.2704859, 19.3015733 ], [ -99.2705786, 19.3016336 ], [ -99.2708754, 19.3018268 ], [ -99.2709295, 19.3018621 ], [ -99.2711558, 19.3019944 ], [ -99.2712821, 19.3020683 ], [ -99.2715041, 19.3023091 ], [ -99.271650799999989, 19.3023332 ], [ -99.271995, 19.3023898 ], [ -99.2721404, 19.3024137 ], [ -99.272217, 19.3024582 ], [ -99.2720621, 19.3025688 ], [ -99.2715001, 19.3030127 ], [ -99.271413, 19.3030814 ], [ -99.2713636, 19.3031319 ], [ -99.270984, 19.3035198 ], [ -99.270813600000011, 19.3037303 ], [ -99.270619599999989, 19.3039699 ], [ -99.2704217, 19.3041256 ], [ -99.2699023, 19.304374 ], [ -99.2697583, 19.3044383 ], [ -99.2693808, 19.304607 ], [ -99.2693645, 19.3046143 ], [ -99.2693114, 19.3046355 ], [ -99.2690453, 19.3047416 ], [ -99.2684303, 19.3051156 ], [ -99.2685577, 19.3052407 ], [ -99.2687005, 19.3053313 ], [ -99.2691737, 19.3055024 ], [ -99.2693336, 19.3055665 ], [ -99.269429699999989, 19.3056051 ], [ -99.2697877, 19.3057255 ], [ -99.2698744, 19.3057358 ], [ -99.2699624, 19.3057483 ], [ -99.2700077, 19.3057688 ], [ -99.2701169, 19.305932 ], [ -99.270184300000011, 19.306041 ], [ -99.2703196, 19.306323 ], [ -99.2704459, 19.3065143 ], [ -99.270574, 19.3066304 ], [ -99.2707733, 19.306734 ], [ -99.2708157, 19.3067523 ], [ -99.2708389, 19.3067623 ], [ -99.270886, 19.3067891 ], [ -99.270919, 19.3068185 ], [ -99.2711006, 19.3070224 ], [ -99.2712036, 19.3072189 ], [ -99.271208, 19.3072515 ], [ -99.2713417, 19.3082569 ], [ -99.2713356, 19.3082789 ], [ -99.2710577, 19.3086058 ], [ -99.270839099999989, 19.3088629 ], [ -99.271145499999989, 19.3090495 ], [ -99.2710536, 19.3092947 ], [ -99.2709095, 19.3095908 ], [ -99.2707335, 19.3099525 ], [ -99.2705577, 19.3103255 ], [ -99.2704981, 19.310452 ], [ -99.2703644, 19.3107782 ], [ -99.2702365, 19.3111526 ], [ -99.2702095, 19.3112674 ], [ -99.27005530000001, 19.3115239 ], [ -99.2703396, 19.3118008 ], [ -99.2705103, 19.3115447 ], [ -99.2705447, 19.3119367 ], [ -99.270505, 19.3119756 ], [ -99.2702722, 19.3122042 ], [ -99.2701383, 19.312418 ], [ -99.2699808, 19.3127314 ], [ -99.26983, 19.3129259 ], [ -99.2697218, 19.313121 ], [ -99.2697214, 19.3131219 ], [ -99.2697212, 19.3131222 ], [ -99.2696692, 19.313216 ], [ -99.2696191, 19.3134134 ], [ -99.2695881, 19.3134661 ], [ -99.2695664, 19.3135031 ], [ -99.2695339, 19.3135583 ], [ -99.2694406, 19.313625 ], [ -99.2689851, 19.3137296 ], [ -99.2684382, 19.31401 ], [ -99.2680818, 19.3140827 ], [ -99.2679433, 19.3141398 ], [ -99.267943, 19.3141399 ], [ -99.2677999, 19.3141951 ], [ -99.2676472, 19.3142024 ], [ -99.2676278, 19.3141516 ], [ -99.2676881, 19.3140733 ], [ -99.2676943, 19.3140291 ], [ -99.2675231, 19.3138013 ], [ -99.2673964, 19.3137923 ], [ -99.2672148, 19.3137298 ], [ -99.2667801, 19.3135223 ], [ -99.2660535, 19.3134502 ], [ -99.265900699999989, 19.3134375 ], [ -99.2657239, 19.3136743 ], [ -99.2656805, 19.3137465 ], [ -99.2655927, 19.3138922 ], [ -99.2655108, 19.3140623 ], [ -99.265434, 19.3141903 ], [ -99.2652898, 19.3143442 ], [ -99.2651373, 19.3145569 ], [ -99.264974, 19.3147916 ], [ -99.2646519, 19.3150228 ], [ -99.2645145, 19.3153105 ], [ -99.2643614, 19.3154128 ], [ -99.2641453, 19.3155798 ], [ -99.263812, 19.3158393 ], [ -99.263621, 19.3159776 ], [ -99.2631706, 19.316306 ], [ -99.2627718, 19.3167799 ], [ -99.262771700000016, 19.31678 ], [ -99.2624405, 19.3171662 ], [ -99.2622363, 19.3173123 ], [ -99.2617688, 19.3176895 ], [ -99.2616941, 19.3178219 ], [ -99.2616035, 19.3182819 ], [ -99.2613958, 19.3187145 ], [ -99.261038500000012, 19.3195575 ], [ -99.2608173, 19.3198854 ], [ -99.2605739, 19.3201489 ], [ -99.2604513, 19.3204453 ], [ -99.2603745, 19.3205661 ], [ -99.2598954, 19.3210354 ], [ -99.2597515, 19.3211804 ], [ -99.259621599999988, 19.3213112 ], [ -99.2592112, 19.3216021 ], [ -99.2590425, 19.3218152 ], [ -99.2587351, 19.322053 ], [ -99.2585771, 19.3221282 ], [ -99.2584217, 19.3222751 ], [ -99.2580751, 19.3223855 ], [ -99.2579437, 19.3224977 ], [ -99.257798799999989, 19.32259 ], [ -99.25762, 19.3227625 ], [ -99.2575294, 19.3228616 ], [ -99.257343, 19.3231204 ], [ -99.2571112, 19.3234732 ], [ -99.256920799999989, 19.3237439 ], [ -99.2565317, 19.324343 ], [ -99.2564316, 19.324539 ], [ -99.2563586, 19.3247619 ], [ -99.2563289, 19.3249524 ], [ -99.2562586, 19.3252209 ], [ -99.256113, 19.3254341 ], [ -99.2559152, 19.3257255 ], [ -99.2558194, 19.3257226 ], [ -99.2556087, 19.326 ], [ -99.2553325, 19.3263873 ], [ -99.2551757, 19.3265593 ], [ -99.2549006, 19.326673 ], [ -99.2546896, 19.3267603 ], [ -99.2541545, 19.3269231 ], [ -99.253989499999989, 19.3269517 ], [ -99.2538765, 19.3269408 ], [ -99.2536345, 19.3268725 ], [ -99.2533527, 19.3268651 ], [ -99.2531013, 19.326986 ], [ -99.252596, 19.3270642 ], [ -99.2522523, 19.3270879 ], [ -99.251381, 19.3270793 ], [ -99.2511082, 19.3270303 ], [ -99.2507063, 19.3270282 ], [ -99.2503846, 19.3270287 ], [ -99.2499586, 19.3270292 ], [ -99.249352699999989, 19.3272131 ], [ -99.2486878, 19.3275707 ], [ -99.2486275, 19.3276762 ], [ -99.2483503, 19.3277956 ], [ -99.2480269, 19.3278694 ], [ -99.2471963, 19.327941 ], [ -99.2463863, 19.3280791 ], [ -99.2458855, 19.3281225 ], [ -99.2455231, 19.32811 ], [ -99.2453869, 19.3281395 ], [ -99.2452937, 19.3281753 ], [ -99.2450281, 19.3284342 ], [ -99.244625, 19.3284538 ], [ -99.2442294, 19.3285597 ], [ -99.2438313, 19.3284517 ], [ -99.2436115, 19.3284737 ], [ -99.243536100000014, 19.3284646 ], [ -99.2430555, 19.3282212 ], [ -99.2427721, 19.3279992 ], [ -99.242730099999989, 19.3279529 ], [ -99.2424963, 19.3275944 ], [ -99.2421711, 19.3270621 ], [ -99.2411011, 19.3253099 ], [ -99.2410756, 19.3251705 ], [ -99.2409012, 19.3249911 ], [ -99.2409012, 19.324991 ], [ -99.2408618, 19.3249506 ], [ -99.2405735, 19.3246539 ], [ -99.2403799, 19.3244547 ], [ -99.2403237, 19.324422 ], [ -99.2402596, 19.3243967 ], [ -99.2401911, 19.3244089 ], [ -99.2401019, 19.3244248 ], [ -99.2400562, 19.3244357 ], [ -99.2397614, 19.3245056 ], [ -99.239571, 19.3245786 ], [ -99.2393173, 19.3246758 ], [ -99.239261, 19.3246676 ], [ -99.2390147, 19.3245523 ], [ -99.2388317, 19.3244666 ], [ -99.2386712, 19.3245411 ], [ -99.2382269, 19.3245417 ], [ -99.2381457, 19.3245509 ], [ -99.2373975, 19.3246851 ], [ -99.2373129, 19.3247003 ], [ -99.236888799999988, 19.3248942 ], [ -99.2364536, 19.3251719 ], [ -99.2363716, 19.3254577 ], [ -99.2360556, 19.3258472 ], [ -99.2360137, 19.3258989 ], [ -99.2342749, 19.3267178 ], [ -99.2340835, 19.326808 ], [ -99.2334885, 19.3272275 ], [ -99.2321317, 19.3284949 ], [ -99.2318775, 19.3290282 ], [ -99.2317629, 19.3291132 ], [ -99.2315269, 19.3292885 ], [ -99.2312015, 19.3298352 ], [ -99.2305731, 19.3301089 ], [ -99.230097199999989, 19.3303161 ], [ -99.2296829, 19.3303652 ], [ -99.2292899, 19.330515 ], [ -99.2291149, 19.3306241 ], [ -99.2288752, 19.3307807 ], [ -99.2281631, 19.3311218 ], [ -99.2271571, 19.3316038 ], [ -99.2266697, 19.3316044 ], [ -99.226271, 19.3315629 ], [ -99.2261489, 19.3316347 ], [ -99.224204899999989, 19.3323581 ], [ -99.2241152, 19.3324973 ], [ -99.2242157, 19.332749 ], [ -99.223343, 19.3330929 ], [ -99.2232117, 19.333155 ], [ -99.2224028, 19.333537 ], [ -99.2218897, 19.3337026 ], [ -99.2213271, 19.3338222 ], [ -99.2200436, 19.3339394 ], [ -99.2191388, 19.3339789 ], [ -99.2185629, 19.3343911 ], [ -99.2178295, 19.3346117 ], [ -99.2175046, 19.3346517 ], [ -99.2171384, 19.3346917 ], [ -99.2170139, 19.3348132 ], [ -99.2168378, 19.335087 ], [ -99.216586, 19.3352275 ], [ -99.2160162, 19.3352716 ], [ -99.2158848, 19.3353216 ], [ -99.2157344, 19.3353965 ], [ -99.2155601, 19.3355216 ], [ -99.2154181, 19.3356752 ], [ -99.2153113, 19.3361098 ], [ -99.2151279, 19.3362524 ], [ -99.2148636, 19.3363878 ], [ -99.2147723, 19.3364077 ], [ -99.2146794, 19.3364259 ], [ -99.2144372, 19.3364734 ], [ -99.2142755, 19.3364909 ], [ -99.2142028, 19.3364988 ], [ -99.2138361, 19.3365386 ], [ -99.213721, 19.3365516 ], [ -99.2135676, 19.3365551 ], [ -99.2132807, 19.3365187 ], [ -99.2123404, 19.3361905 ], [ -99.2119836, 19.3362841 ], [ -99.2119189, 19.3362776 ], [ -99.2117409, 19.3362598 ], [ -99.2114824, 19.3361977 ], [ -99.2112267, 19.3362533 ], [ -99.2105059, 19.3366579 ], [ -99.2100204, 19.3369112 ], [ -99.2097497, 19.3371437 ], [ -99.2094643, 19.3373409 ], [ -99.2088505, 19.3376319 ], [ -99.2088406, 19.3376366 ], [ -99.2083878, 19.3378513 ], [ -99.2081533, 19.3378867 ], [ -99.207854, 19.3378688 ], [ -99.2075151, 19.3378111 ], [ -99.2077861, 19.3373821 ], [ -99.2078112, 19.3373424 ], [ -99.208193799999989, 19.3367352 ], [ -99.208589, 19.3360962 ], [ -99.208674, 19.3359765 ], [ -99.2083371, 19.3360951 ], [ -99.2080968, 19.3361796 ], [ -99.207840499999989, 19.3362716 ], [ -99.207106, 19.336544 ], [ -99.2067712, 19.336297 ], [ -99.2066588, 19.3362184 ], [ -99.2067852, 19.3361084 ], [ -99.2069205, 19.3359912 ], [ -99.2074569, 19.3355119 ], [ -99.207972, 19.3350821 ], [ -99.2082051, 19.3348515 ], [ -99.208443699999989, 19.3345726 ], [ -99.208632, 19.3343291 ], [ -99.2089321, 19.3339083 ], [ -99.2091239, 19.3336334 ], [ -99.2093694, 19.3332783 ], [ -99.2095869, 19.3328906 ], [ -99.2100224, 19.3320106 ], [ -99.2102365, 19.331578 ], [ -99.2102773, 19.3314949 ], [ -99.2104263, 19.3311913 ], [ -99.2104543, 19.3311342 ], [ -99.21050480000001, 19.3310363 ], [ -99.2106594, 19.3307363 ], [ -99.211796800000016, 19.3284337 ], [ -99.2121102, 19.3278281 ], [ -99.2124667, 19.3272347 ], [ -99.212687699999989, 19.3269229 ], [ -99.2127833, 19.326797 ], [ -99.2136091, 19.325918 ], [ -99.2143495, 19.3253214 ], [ -99.2159405, 19.3242118 ], [ -99.2175614, 19.3231029 ], [ -99.2185635, 19.3224164 ], [ -99.219310299999989, 19.3218981 ], [ -99.2200583, 19.3213879 ], [ -99.2203531, 19.3211682 ], [ -99.220449, 19.3210967 ], [ -99.22047, 19.3210811 ], [ -99.2205714, 19.3209904 ], [ -99.2206, 19.3209644 ], [ -99.2207172, 19.320858 ], [ -99.220901, 19.3206476 ], [ -99.2210335, 19.3204454 ], [ -99.221146499999989, 19.3202693 ], [ -99.2212323, 19.3200956 ], [ -99.2213102, 19.3199087 ], [ -99.2214083, 19.3196439 ], [ -99.2214671, 19.3193007 ], [ -99.221485500000014, 19.3189692 ], [ -99.221478, 19.3186924 ], [ -99.2214527, 19.3185164 ], [ -99.2214244, 19.3183197 ], [ -99.221369, 19.3180757 ], [ -99.2213158, 19.3178402 ], [ -99.2212913, 19.3177316 ], [ -99.2212232, 19.3173985 ], [ -99.2211964, 19.3172671 ], [ -99.2211566, 19.3170538 ], [ -99.2210768, 19.3166061 ], [ -99.2210415, 19.3163985 ], [ -99.2209726, 19.3160312 ], [ -99.220960300000016, 19.3159578 ], [ -99.2208427, 19.3152935 ], [ -99.2208064, 19.315087 ], [ -99.2207549, 19.3148096 ], [ -99.2207325, 19.3146889 ], [ -99.2206566, 19.3142999 ], [ -99.2205174, 19.3137165 ], [ -99.2204118, 19.3133935 ], [ -99.2203033, 19.3130837 ], [ -99.2201219, 19.3126738 ], [ -99.2199254, 19.3122636 ], [ -99.219849, 19.3121238 ], [ -99.2196635, 19.311806 ], [ -99.2194208, 19.3114405 ], [ -99.2191928, 19.3111394 ], [ -99.2190051, 19.3108928 ], [ -99.218874, 19.3107338 ], [ -99.2182317, 19.3098877 ], [ -99.2178544, 19.3094252 ], [ -99.2177955, 19.3093529 ], [ -99.2171979, 19.3087725 ], [ -99.2168572, 19.3084967 ], [ -99.2165592, 19.308277 ], [ -99.2164126, 19.3081755 ], [ -99.2159228, 19.3078811 ], [ -99.2153947, 19.3076211 ], [ -99.2148514, 19.3074095 ], [ -99.2143667, 19.3072494 ], [ -99.2137882, 19.3071241 ], [ -99.2133045, 19.3070193 ], [ -99.2115271, 19.3067097 ], [ -99.2100295, 19.3064411 ], [ -99.209316, 19.3063169 ], [ -99.2084775, 19.3061625 ], [ -99.2057522, 19.3056819 ], [ -99.2057419, 19.3057452 ], [ -99.205719, 19.3058684 ], [ -99.2056517, 19.3062161 ], [ -99.2055546, 19.306717 ], [ -99.2055535, 19.3067229 ], [ -99.2055534, 19.3067234 ], [ -99.2055358, 19.3067207 ], [ -99.2055291, 19.3067195 ], [ -99.2055082, 19.3067157 ], [ -99.2054931, 19.3065578 ], [ -99.2054467, 19.3064767 ], [ -99.205379, 19.3063905 ], [ -99.2052507, 19.306309 ], [ -99.2052387, 19.3063014 ], [ -99.2052331, 19.3063068 ], [ -99.2052109, 19.3063281 ], [ -99.2050382, 19.3064939 ], [ -99.2049926, 19.3065377 ], [ -99.2026545, 19.3087819 ], [ -99.202536, 19.3088956 ], [ -99.2024083, 19.3090206 ], [ -99.2018952, 19.3095225 ], [ -99.2018717, 19.3095456 ], [ -99.2018423, 19.3095744 ], [ -99.2017782, 19.309637 ], [ -99.2017423, 19.3096722 ], [ -99.2017334, 19.3096809 ], [ -99.2017139, 19.3096997 ], [ -99.2007787, 19.3106048 ], [ -99.2007455, 19.310637 ], [ -99.2007306, 19.3106514 ], [ -99.2007187, 19.3106637 ], [ -99.200643700000015, 19.3107416 ], [ -99.2006345, 19.3107511 ], [ -99.2005818, 19.3108062 ], [ -99.2002471, 19.31116 ], [ -99.200473699999989, 19.311404 ], [ -99.200475700000013, 19.3114061 ], [ -99.2004914, 19.3114062 ], [ -99.2006463, 19.3114069 ], [ -99.2011459, 19.311454 ], [ -99.2011667, 19.3114559 ], [ -99.201184200000014, 19.3114579 ], [ -99.2012159, 19.3115179 ], [ -99.2012198, 19.3115695 ], [ -99.2012236, 19.3116191 ], [ -99.2012293, 19.3117292 ], [ -99.2012126, 19.3118754 ], [ -99.2011846, 19.3119535 ], [ -99.2011418, 19.3120343 ], [ -99.1999653, 19.3138436 ], [ -99.1987265, 19.3158058 ], [ -99.1965991, 19.3192272 ], [ -99.1949878, 19.3218425 ], [ -99.1949336, 19.32203 ], [ -99.1948813, 19.3231405 ], [ -99.1948863, 19.3234643 ], [ -99.194853, 19.3247207 ], [ -99.1947926, 19.327127 ], [ -99.1947772, 19.3287197 ], [ -99.194748, 19.3293287 ], [ -99.1947042, 19.3302335 ], [ -99.195003899999989, 19.3306299 ], [ -99.195293299999989, 19.3310922 ], [ -99.1957578, 19.3319477 ], [ -99.1960914, 19.3324011 ], [ -99.1962655, 19.3326844 ], [ -99.1963588, 19.332885 ], [ -99.1963826, 19.3330289 ], [ -99.196391, 19.3332417 ], [ -99.1963886, 19.3333256 ], [ -99.1963744, 19.3334068 ], [ -99.1962947, 19.3336313 ], [ -99.1963899, 19.3336763 ], [ -99.1965035, 19.3337028 ], [ -99.1965036, 19.3337028 ], [ -99.1965211, 19.333705 ], [ -99.1965212, 19.333705 ], [ -99.196598, 19.3337145 ], [ -99.1966157, 19.3337167 ], [ -99.196934, 19.3337208 ], [ -99.198217899999989, 19.3335073 ], [ -99.1987135, 19.3334245 ], [ -99.1999047, 19.3332297 ], [ -99.1999243, 19.3332265 ], [ -99.1999224, 19.333232 ], [ -99.1998209, 19.3335054 ], [ -99.1995938, 19.3338409 ], [ -99.1993819, 19.3340846 ], [ -99.1991791, 19.3343179 ], [ -99.1987097, 19.3349631 ], [ -99.1985269, 19.3351498 ], [ -99.1983981, 19.3352592 ], [ -99.1982597, 19.3353783 ], [ -99.198056799999989, 19.3354842 ], [ -99.1978673, 19.3355439 ], [ -99.1976729, 19.3355949 ], [ -99.1969337, 19.3357357 ], [ -99.1961888, 19.3358873 ], [ -99.1951038, 19.3361711 ], [ -99.1942848, 19.3363916 ], [ -99.1931568, 19.3366104 ], [ -99.1918219, 19.3368558 ], [ -99.191724900000011, 19.3368736 ], [ -99.1915292, 19.3368901 ], [ -99.1913784, 19.3368987 ], [ -99.1913623, 19.3368965 ], [ -99.1912552, 19.33688 ], [ -99.1912533, 19.3368797 ], [ -99.1912358, 19.3368772 ], [ -99.1912356, 19.3368775 ], [ -99.1912327, 19.3368815 ], [ -99.1911732, 19.3369654 ], [ -99.1910473, 19.3371429 ], [ -99.1906047, 19.3377229 ], [ -99.1902488, 19.3379796 ], [ -99.190320899999989, 19.3386735 ], [ -99.1903213, 19.3386772 ], [ -99.1903033, 19.3386713 ], [ -99.1900614, 19.3385917 ], [ -99.1900458, 19.3385866 ], [ -99.1900437, 19.3385895 ], [ -99.1894886, 19.3393738 ], [ -99.1893305, 19.3395422 ], [ -99.1893114, 19.3395627 ], [ -99.1891611, 19.3397228 ], [ -99.1885854, 19.3401368 ], [ -99.188569, 19.3401486 ], [ -99.1885529, 19.3401606 ], [ -99.1882436, 19.34039 ], [ -99.1882243, 19.3404044 ], [ -99.1881923, 19.3404387 ], [ -99.1880097, 19.3406343 ], [ -99.1879997, 19.340645 ], [ -99.1879763, 19.3406706 ], [ -99.187661, 19.3410153 ], [ -99.1873263, 19.3411303 ], [ -99.1869195, 19.3412465 ], [ -99.1868086, 19.3412782 ], [ -99.186760299999989, 19.3413251 ], [ -99.186685, 19.3413984 ], [ -99.1866243, 19.3415962 ], [ -99.1865051, 19.3419329 ], [ -99.1859691, 19.3424478 ], [ -99.185353299999989, 19.3429771 ], [ -99.1852305, 19.343075 ], [ -99.185163, 19.3431288 ], [ -99.1847752, 19.3434381 ], [ -99.1845015, 19.3435875 ], [ -99.1843347, 19.3436231 ], [ -99.1840383, 19.343648 ], [ -99.183836500000012, 19.3439196 ], [ -99.1836777, 19.3442564 ], [ -99.183509199999989, 19.3445695 ], [ -99.1834108, 19.3447754 ], [ -99.1833665, 19.3449249 ], [ -99.1832929, 19.3452652 ], [ -99.1831618, 19.3458222 ], [ -99.1831561, 19.3458466 ], [ -99.1830844, 19.3461218 ], [ -99.1828749, 19.3465843 ], [ -99.1826642, 19.3465874 ], [ -99.1824976, 19.3466442 ], [ -99.1823353, 19.3467615 ], [ -99.1817943, 19.3473431 ], [ -99.1817922, 19.3473454 ], [ -99.1817767, 19.3473409 ], [ -99.1817711, 19.3473392 ], [ -99.1817705, 19.347339 ], [ -99.180904, 19.3470859 ], [ -99.1809024, 19.3470854 ], [ -99.1808394, 19.347067 ], [ -99.1808227, 19.3470621 ], [ -99.1808217, 19.3470648 ], [ -99.1808033, 19.3471152 ], [ -99.1807864, 19.3471435 ], [ -99.1807631, 19.3471737 ], [ -99.1807505, 19.3471849 ], [ -99.1807313, 19.3471991 ], [ -99.1807211, 19.3472053 ], [ -99.1807056, 19.3472138 ], [ -99.1806919, 19.3472201 ], [ -99.1806731, 19.347227 ], [ -99.1806519, 19.3472329 ], [ -99.180637, 19.3472357 ], [ -99.1806194, 19.3472379 ], [ -99.1805547, 19.3472358 ], [ -99.1801273, 19.3492681 ], [ -99.180090299999989, 19.3493573 ], [ -99.180059899999989, 19.3494309 ], [ -99.1799315, 19.3496429 ], [ -99.179784, 19.3498273 ], [ -99.1796068, 19.3500097 ], [ -99.1792477, 19.3503423 ], [ -99.1784517, 19.3510102 ], [ -99.1783233, 19.351115 ], [ -99.1776619, 19.3517443 ], [ -99.1775984, 19.3518215 ], [ -99.1774882, 19.3520123 ], [ -99.1772843, 19.3523497 ], [ -99.177226, 19.3524441 ], [ -99.1771393, 19.3525241 ], [ -99.1770423, 19.3526002 ], [ -99.176031, 19.3534105 ], [ -99.1757837, 19.3536201 ], [ -99.1754275, 19.353985 ], [ -99.1752221, 19.3542418 ], [ -99.1749416, 19.3546364 ], [ -99.174203, 19.3554461 ], [ -99.1735622, 19.3561246 ], [ -99.1729935, 19.3567514 ], [ -99.1727748, 19.3570814 ], [ -99.1727276, 19.3571817 ], [ -99.1724141, 19.3579045 ], [ -99.1717925, 19.3593653 ], [ -99.1717089, 19.3595616 ], [ -99.1717061, 19.3595683 ], [ -99.1728592, 19.3602657 ], [ -99.1730822, 19.3604275 ], [ -99.1732764, 19.3606051 ], [ -99.1737075, 19.3610904 ], [ -99.173981, 19.3614065 ], [ -99.1745087, 19.3620163 ], [ -99.1746604, 19.3621659 ], [ -99.1748021, 19.3623037 ], [ -99.1751049, 19.3625895 ], [ -99.1757167, 19.3631667 ], [ -99.176059400000014, 19.36349 ], [ -99.1766924, 19.3640872 ], [ -99.1767216, 19.3641147 ], [ -99.1767634, 19.3641574 ], [ -99.1771935, 19.3645958 ], [ -99.1777419, 19.3651415 ], [ -99.177846699999989, 19.3650571 ], [ -99.17815, 19.3648127 ], [ -99.1783799, 19.3645961 ], [ -99.1788121, 19.3641806 ], [ -99.1792038, 19.3638071 ], [ -99.1793676, 19.3634469 ], [ -99.1794663, 19.3632511 ], [ -99.1796006, 19.3631497 ], [ -99.1797974, 19.363036 ], [ -99.1800006, 19.3629645 ], [ -99.1801992, 19.3629254 ], [ -99.1805473, 19.3629048 ], [ -99.1809724, 19.3629274 ], [ -99.1811979, 19.3629098 ], [ -99.1815428, 19.3628217 ], [ -99.1818504, 19.3627111 ], [ -99.1823265, 19.3625551 ], [ -99.182676199999989, 19.3623472 ], [ -99.1831126, 19.36206 ], [ -99.183536, 19.3617813 ], [ -99.183712, 19.3617181 ], [ -99.183881500000012, 19.3617053 ], [ -99.184832899999989, 19.3617803 ], [ -99.1849987, 19.3617728 ], [ -99.1853735, 19.3617338 ], [ -99.1855414, 19.361719 ], [ -99.1856849, 19.3617246 ], [ -99.1866235, 19.3620699 ], [ -99.186793099999988, 19.3621543 ], [ -99.1870048, 19.3622634 ], [ -99.1878446, 19.3628832 ], [ -99.1880044, 19.3629451 ], [ -99.1881138, 19.3629803 ], [ -99.1882136, 19.3630039 ], [ -99.1883047, 19.363016 ], [ -99.1884454, 19.3630281 ], [ -99.1886743, 19.3629964 ], [ -99.1891335, 19.3630142 ], [ -99.1901512, 19.3632308 ], [ -99.1905019, 19.36332 ], [ -99.191093099999989, 19.3634898 ], [ -99.1909365, 19.3648356 ], [ -99.1908268, 19.3658519 ], [ -99.19078, 19.3664349 ], [ -99.190756, 19.3667884 ], [ -99.1907659, 19.3668868 ], [ -99.190782399999989, 19.3669902 ], [ -99.1907993, 19.3670859 ], [ -99.1908441, 19.3672586 ], [ -99.1909073, 19.3674216 ], [ -99.191005499999989, 19.367595 ], [ -99.1912203, 19.3679804 ], [ -99.1914337, 19.368377 ], [ -99.1915316, 19.3685455 ], [ -99.1916263, 19.3687706 ], [ -99.1916597, 19.3688675 ], [ -99.1917268, 19.3690899 ], [ -99.191762700000012, 19.3692519 ], [ -99.1917961, 19.3694703 ], [ -99.1918134, 19.3697295 ], [ -99.1918159, 19.3699697 ], [ -99.1917999, 19.370151 ], [ -99.1917409, 19.3706826 ], [ -99.191647, 19.3715111 ], [ -99.1916405, 19.3716545 ], [ -99.1916555, 19.3718696 ], [ -99.1916789, 19.3719958 ], [ -99.1917257, 19.37216 ], [ -99.1918273, 19.3724153 ], [ -99.1919186, 19.372628 ], [ -99.1920062, 19.3728133 ], [ -99.192101799999989, 19.3730975 ], [ -99.1921165, 19.3731959 ], [ -99.1921368, 19.3733243 ], [ -99.1921406, 19.3734035 ], [ -99.192134400000015, 19.373598 ], [ -99.192052499999988, 19.3742478 ], [ -99.1919079, 19.3752841 ], [ -99.1917919, 19.3761233 ], [ -99.1917742, 19.3762646 ], [ -99.1916375, 19.3774151 ], [ -99.1916255, 19.377669 ], [ -99.1916302, 19.3778828 ], [ -99.1916395, 19.3780583 ], [ -99.1916951, 19.3787939 ], [ -99.1917049, 19.3789294 ], [ -99.1917571, 19.3796333 ], [ -99.1917549, 19.3803581 ], [ -99.1917542, 19.3808314 ], [ -99.191748, 19.3813392 ], [ -99.1917459, 19.3816339 ], [ -99.1917337, 19.3826808 ], [ -99.1916982, 19.3829148 ], [ -99.1916852, 19.3829746 ], [ -99.1916726, 19.38303 ], [ -99.191391599999989, 19.3837165 ], [ -99.1913212, 19.3838817 ], [ -99.1912491, 19.3840506 ], [ -99.191246299999989, 19.3840572 ], [ -99.190998, 19.3846392 ], [ -99.1908352, 19.3850207 ], [ -99.1904021, 19.3860106 ], [ -99.1903388, 19.3861888 ], [ -99.1901661, 19.3868527 ], [ -99.189987, 19.3875261 ], [ -99.1898387, 19.3880907 ], [ -99.189809, 19.3882004 ], [ -99.1896579, 19.3887686 ], [ -99.1894965, 19.3893951 ], [ -99.1894698, 19.3894974 ], [ -99.1893155, 19.3900954 ], [ -99.1890376, 19.3911507 ], [ -99.1888158, 19.3920166 ], [ -99.1887123, 19.3923519 ], [ -99.1884133, 19.3932302 ], [ -99.1883703, 19.3934381 ], [ -99.1883642, 19.3936335 ], [ -99.1883725, 19.3938174 ], [ -99.1883932, 19.3939191 ], [ -99.1884144, 19.3940183 ], [ -99.18845180000001, 19.3941281 ], [ -99.1885693, 19.3944152 ], [ -99.1886797, 19.394675 ], [ -99.188706599999989, 19.3947476 ], [ -99.1890552, 19.3955903 ], [ -99.1890954, 19.3956863 ] ] ] } },
{ "type": "Feature", "properties": { "CVEGEO": "09011", "CVE_ENT": "09", "CVE_MUN": "011", "NOMGEO": "Tláhuac" }, "geometry": { "type": "Polygon", "coordinates": [ [ [ -98.9789278, 19.3239305 ], [ -98.9793394, 19.323962 ], [ -98.979708, 19.3240299 ], [ -98.9801945, 19.3241468 ], [ -98.9802644, 19.3241901 ], [ -98.9806073, 19.3246567 ], [ -98.9795674, 19.325787 ], [ -98.9798682, 19.3261396 ], [ -98.9808926, 19.3261875 ], [ -98.9865347, 19.3264483 ], [ -98.9929403, 19.3267447 ], [ -98.9979715, 19.3269773 ], [ -99.00135370000001, 19.3271336 ], [ -99.001354299999988, 19.3271336 ], [ -99.007551, 19.3251709 ], [ -99.009449, 19.3245698 ], [ -99.0187397, 19.3216271 ], [ -99.025961099999989, 19.3193382 ], [ -99.0349164, 19.3168039 ], [ -99.0387329, 19.3157258 ], [ -99.0387929, 19.3156859 ], [ -99.038852800000015, 19.315646 ], [ -99.0389764, 19.3154884 ], [ -99.039034, 19.315415 ], [ -99.0391094, 19.3152994 ], [ -99.039156, 19.3152279 ], [ -99.0392261, 19.3151204 ], [ -99.0392425, 19.3150953 ], [ -99.0392952, 19.3150144 ], [ -99.039318, 19.3149795 ], [ -99.0393559, 19.3149344 ], [ -99.03938, 19.3149058 ], [ -99.0395129, 19.3147477 ], [ -99.0395852, 19.3146873 ], [ -99.0397549, 19.3148313 ], [ -99.0398702, 19.3149291 ], [ -99.0400523, 19.3150837 ], [ -99.040103, 19.3151267 ], [ -99.0404425, 19.3154147 ], [ -99.0407456, 19.3151574 ], [ -99.0417094, 19.3143391 ], [ -99.0417796, 19.3144164 ], [ -99.0419529, 19.3142155 ], [ -99.0419857, 19.3141758 ], [ -99.0421844, 19.3139354 ], [ -99.042231, 19.313879 ], [ -99.042394699999988, 19.313681 ], [ -99.0425241, 19.3135244 ], [ -99.0426068, 19.3134243 ], [ -99.0426419, 19.3133819 ], [ -99.0428066, 19.3131827 ], [ -99.0430282, 19.3129146 ], [ -99.0432695, 19.3126227 ], [ -99.0435048, 19.312338 ], [ -99.0436125, 19.3122077 ], [ -99.0445922, 19.3129105 ], [ -99.0446765, 19.3129711 ], [ -99.0448363, 19.3127795 ], [ -99.0448382, 19.3127773 ], [ -99.0449345, 19.3128613 ], [ -99.0452693, 19.3133769 ], [ -99.0454284, 19.3135591 ], [ -99.0456135, 19.3137769 ], [ -99.0456511, 19.3138211 ], [ -99.0457041, 19.3138915 ], [ -99.0458103, 19.3140325 ], [ -99.045934, 19.3141717 ], [ -99.0461361, 19.3143353 ], [ -99.0463145, 19.3145246 ], [ -99.0466177, 19.3148765 ], [ -99.0466886, 19.3146691 ], [ -99.0470994, 19.3141361 ], [ -99.047511200000017, 19.3136019 ], [ -99.0476842, 19.3133774 ], [ -99.0481285, 19.3128012 ], [ -99.0484174, 19.3124426 ], [ -99.0488611, 19.3118922 ], [ -99.0488677, 19.311884 ], [ -99.049386399999989, 19.3122665 ], [ -99.0496152, 19.3124193 ], [ -99.0503096, 19.3128827 ], [ -99.0503143, 19.3128857 ], [ -99.0504296, 19.3129572 ], [ -99.0506697, 19.3126923 ], [ -99.0508869, 19.3124526 ], [ -99.0509325, 19.312397 ], [ -99.05205, 19.3110337 ], [ -99.0520708, 19.3110071 ], [ -99.0522633, 19.3107605 ], [ -99.0537826, 19.3118598 ], [ -99.0539805, 19.3116215 ], [ -99.0539954, 19.311604 ], [ -99.0541853, 19.3113813 ], [ -99.054208100000011, 19.3113545 ], [ -99.054447599999989, 19.3110801 ], [ -99.0546558, 19.3108432 ], [ -99.0548994, 19.3105387 ], [ -99.055135299999989, 19.3102572 ], [ -99.0551885, 19.3101937 ], [ -99.0553488, 19.3099945 ], [ -99.05548, 19.3098314 ], [ -99.0557707, 19.3094797 ], [ -99.0560975, 19.3090798 ], [ -99.056202399999989, 19.3089509 ], [ -99.0569301, 19.3080565 ], [ -99.0584023, 19.3062556 ], [ -99.0598713, 19.3044407 ], [ -99.0604865, 19.3046902 ], [ -99.0608856, 19.3048582 ], [ -99.0626639, 19.3054408 ], [ -99.0633996, 19.305685 ], [ -99.0634252, 19.3056116 ], [ -99.0634351, 19.3055835 ], [ -99.0637168, 19.3047762 ], [ -99.0638311, 19.304452 ], [ -99.0640326, 19.303879 ], [ -99.0641732, 19.30348 ], [ -99.064348, 19.3029632 ], [ -99.0644901, 19.3025498 ], [ -99.064500400000014, 19.3025204 ], [ -99.0647774, 19.3016431 ], [ -99.064587, 19.3010866 ], [ -99.0644221, 19.3006049 ], [ -99.0643843, 19.3005124 ], [ -99.0639454, 19.2994806 ], [ -99.063603, 19.2986731 ], [ -99.0633993, 19.2984015 ], [ -99.0629674, 19.297826 ], [ -99.0628024, 19.2976062 ], [ -99.0626422, 19.297304 ], [ -99.0626204, 19.2969915 ], [ -99.0626095, 19.2968346 ], [ -99.062594499999989, 19.2967145 ], [ -99.0625121, 19.2963244 ], [ -99.0624552, 19.2961003 ], [ -99.0624049, 19.2959024 ], [ -99.062352499999989, 19.2956958 ], [ -99.0623411, 19.2956548 ], [ -99.0621274, 19.2948222 ], [ -99.0619776, 19.294425 ], [ -99.0617192, 19.2942196 ], [ -99.061562099999989, 19.2940922 ], [ -99.0616013, 19.293556 ], [ -99.061617900000016, 19.2930696 ], [ -99.0616317, 19.2926631 ], [ -99.0616489, 19.2926303 ], [ -99.0616839, 19.2925639 ], [ -99.0617236, 19.2925196 ], [ -99.0620961, 19.2921044 ], [ -99.0625063, 19.2916471 ], [ -99.0628237, 19.2912947 ], [ -99.0630677, 19.2910423 ], [ -99.0633864, 19.2907124 ], [ -99.0634331, 19.2906641 ], [ -99.0637367, 19.2903538 ], [ -99.0641646, 19.2899194 ], [ -99.064272699999989, 19.2898097 ], [ -99.0643938, 19.2896875 ], [ -99.0647306, 19.2893477 ], [ -99.0649484, 19.2891279 ], [ -99.065014800000014, 19.2890609 ], [ -99.0653552, 19.2887175 ], [ -99.0655213, 19.288552 ], [ -99.0656972, 19.2883769 ], [ -99.0657584, 19.2883159 ], [ -99.065963, 19.2881121 ], [ -99.0660303, 19.2880456 ], [ -99.0663659, 19.2877137 ], [ -99.0667107, 19.2873725 ], [ -99.0670202, 19.2870664 ], [ -99.0670577, 19.2870293 ], [ -99.0672019, 19.2868814 ], [ -99.0673763, 19.2867023 ], [ -99.0675715, 19.2865019 ], [ -99.0677748, 19.286291 ], [ -99.0679341, 19.2861257 ], [ -99.068089199999989, 19.2859648 ], [ -99.068119, 19.285934 ], [ -99.0682982, 19.2857261 ], [ -99.0684772, 19.2855186 ], [ -99.0685607, 19.2854217 ], [ -99.068642, 19.2853284 ], [ -99.0688206, 19.2851235 ], [ -99.0689668, 19.2849559 ], [ -99.0683106, 19.2844393 ], [ -99.0646451, 19.2821138 ], [ -99.064370200000013, 19.2819928 ], [ -99.0596726, 19.2802849 ], [ -99.0585754, 19.2799096 ], [ -99.0576003, 19.2796289 ], [ -99.0567629, 19.2795003 ], [ -99.056072700000016, 19.2794564 ], [ -99.0551597, 19.2794588 ], [ -99.0547891, 19.2794268 ], [ -99.0544983, 19.2793672 ], [ -99.0538709, 19.2790857 ], [ -99.0523716, 19.278482 ], [ -99.0505676, 19.2775037 ], [ -99.048287, 19.2759782 ], [ -99.0473223, 19.2755986 ], [ -99.0451, 19.2748641 ], [ -99.0414514, 19.2737805 ], [ -99.0404312, 19.273254 ], [ -99.0402273, 19.2730568 ], [ -99.0395277, 19.2726504 ], [ -99.0385895, 19.2721322 ], [ -99.0383717, 19.2720364 ], [ -99.0375589, 19.2717826 ], [ -99.037492, 19.2717617 ], [ -99.0373194, 19.2717057 ], [ -99.0364639, 19.2709768 ], [ -99.0359437, 19.2706366 ], [ -99.0356715, 19.2702634 ], [ -99.0353538, 19.269794 ], [ -99.0346439, 19.2687452 ], [ -99.0343564, 19.2684161 ], [ -99.034098, 19.2681204 ], [ -99.0337339, 19.2677038 ], [ -99.0330219, 19.2671169 ], [ -99.0326709, 19.2666922 ], [ -99.0310659, 19.2649325 ], [ -99.030845899999989, 19.2646373 ], [ -99.0305359, 19.2641685 ], [ -99.0304681, 19.263251 ], [ -99.0304305, 19.263144 ], [ -99.0302809, 19.2629412 ], [ -99.029820300000011, 19.2625955 ], [ -99.0295659, 19.2624844 ], [ -99.0293007, 19.2623746 ], [ -99.0278959, 19.2622223 ], [ -99.0272005, 19.261837 ], [ -99.0271193, 19.2619385 ], [ -99.0268595, 19.2617608 ], [ -99.0264725, 19.2617688 ], [ -99.0260398, 19.2619437 ], [ -99.0258422, 19.2622052 ], [ -99.0253886, 19.2620848 ], [ -99.0250821, 19.2620098 ], [ -99.0248203, 19.2619319 ], [ -99.0243506, 19.261821 ], [ -99.0240572, 19.2617572 ], [ -99.0240166, 19.2617472 ], [ -99.0229009, 19.2614609 ], [ -99.022535499999989, 19.2613724 ], [ -99.0220116, 19.261239 ], [ -99.0217545, 19.2611738 ], [ -99.0215116, 19.2611157 ], [ -99.0213002, 19.2610694 ], [ -99.021095, 19.2610305 ], [ -99.0210323, 19.2610173 ], [ -99.0207524, 19.2609571 ], [ -99.0205182, 19.2609346 ], [ -99.0203263, 19.2609195 ], [ -99.020057799999989, 19.2609641 ], [ -99.0198253, 19.2610292 ], [ -99.019742600000015, 19.2611507 ], [ -99.0193044, 19.260976 ], [ -99.019074300000014, 19.2608951 ], [ -99.0190295, 19.2608785 ], [ -99.0190291, 19.2608784 ], [ -99.0189918, 19.2608645 ], [ -99.0189078, 19.2608326 ], [ -99.0186741, 19.2607437 ], [ -99.0179446, 19.2604587 ], [ -99.0175712, 19.260322 ], [ -99.017422, 19.2602698 ], [ -99.0172861, 19.2602258 ], [ -99.0172723, 19.2602213 ], [ -99.0169028, 19.2600947 ], [ -99.0168594, 19.2600798 ], [ -99.0166248, 19.2599993 ], [ -99.0165686, 19.25998 ], [ -99.0165151, 19.2599555 ], [ -99.0164595, 19.2599285 ], [ -99.0163888, 19.2598943 ], [ -99.0161541, 19.2597505 ], [ -99.0160825, 19.2596792 ], [ -99.0159554, 19.2595526 ], [ -99.0155603, 19.2593385 ], [ -99.0148611, 19.2589939 ], [ -99.014443, 19.2588106 ], [ -99.0141895, 19.2587095 ], [ -99.0139168, 19.2585792 ], [ -99.0137224, 19.2584967 ], [ -99.0134434, 19.2583737 ], [ -99.0132172, 19.2582359 ], [ -99.013013, 19.2580896 ], [ -99.0129648, 19.2580551 ], [ -99.0128484, 19.2579589 ], [ -99.012834, 19.2579471 ], [ -99.0126775, 19.2577872 ], [ -99.0125252, 19.257632 ], [ -99.012185, 19.2572278 ], [ -99.0119854, 19.2569615 ], [ -99.0118505, 19.2567751 ], [ -99.0117717, 19.2566601 ], [ -99.011829, 19.2562446 ], [ -99.0116983, 19.2560111 ], [ -99.0113243, 19.2556478 ], [ -99.011287599999989, 19.2557291 ], [ -99.011029799999989, 19.2556045 ], [ -99.0108253, 19.2554665 ], [ -99.0106934, 19.2553417 ], [ -99.009858, 19.2545331 ], [ -99.0098123, 19.2544882 ], [ -99.0092408, 19.2539268 ], [ -99.0085812, 19.2531955 ], [ -99.008344799999989, 19.2529448 ], [ -99.0081305, 19.2527179 ], [ -99.0077666, 19.2523154 ], [ -99.0076187, 19.2521693 ], [ -99.007044799999989, 19.2516059 ], [ -99.0072836, 19.2511774 ], [ -99.0074205, 19.2509317 ], [ -99.0074859, 19.2508143 ], [ -99.0075055, 19.2507791 ], [ -99.0076895, 19.2510239 ], [ -99.0079469, 19.250546 ], [ -99.008265, 19.250728 ], [ -99.0084387, 19.2506938 ], [ -99.0086525, 19.2507677 ], [ -99.008822, 19.2506786 ], [ -99.008882899999989, 19.2506751 ], [ -99.009065299999989, 19.250297 ], [ -99.0092089, 19.249995 ], [ -99.0093522, 19.2496945 ], [ -99.0095021, 19.2493807 ], [ -99.0095083, 19.2493619 ], [ -99.0096005, 19.2490709 ], [ -99.009714699999989, 19.2487297 ], [ -99.009768, 19.2484939 ], [ -99.0097704, 19.248483 ], [ -99.0098042, 19.2482645 ], [ -99.0101375, 19.247666 ], [ -99.010352, 19.2473208 ], [ -99.0104594, 19.247143 ], [ -99.0105108, 19.2470725 ], [ -99.01062610000001, 19.2470031 ], [ -99.010821400000012, 19.2470055 ], [ -99.011072399999989, 19.2467221 ], [ -99.01112280000001, 19.2465283 ], [ -99.0111454, 19.2462042 ], [ -99.0111319, 19.2461314 ], [ -99.0111914, 19.2460528 ], [ -99.012296, 19.2465139 ], [ -99.012385099999989, 19.2463568 ], [ -99.0123969, 19.2461229 ], [ -99.012468, 19.2459317 ], [ -99.0127094, 19.2451425 ], [ -99.0124753, 19.2450143 ], [ -99.0125653, 19.244734 ], [ -99.0128274, 19.2448072 ], [ -99.013916900000012, 19.2451112 ], [ -99.013957499999989, 19.2449183 ], [ -99.0139718, 19.2448506 ], [ -99.0139955, 19.2446803 ], [ -99.0140222, 19.2445562 ], [ -99.0140564, 19.2444205 ], [ -99.0140627, 19.2443953 ], [ -99.0140734, 19.2443528 ], [ -99.0141128, 19.2442353 ], [ -99.0141481, 19.2441026 ], [ -99.0141528, 19.244085 ], [ -99.0141744, 19.2440037 ], [ -99.0143031, 19.2436367 ], [ -99.0143281, 19.2435836 ], [ -99.0143961, 19.2434389 ], [ -99.0144492, 19.2433257 ], [ -99.0145313, 19.2431511 ], [ -99.0146392, 19.2429215 ], [ -99.0148496, 19.2426063 ], [ -99.0149348, 19.2424596 ], [ -99.0149546, 19.2422548 ], [ -99.0149827, 19.2420983 ], [ -99.0150635, 19.2418572 ], [ -99.0152822, 19.2413735 ], [ -99.0154057, 19.2410157 ], [ -99.0154148, 19.2409895 ], [ -99.0154898, 19.240857 ], [ -99.0155581, 19.2407925 ], [ -99.0156174, 19.2407396 ], [ -99.0157426, 19.2405481 ], [ -99.016474, 19.2398038 ], [ -99.0166639, 19.2396106 ], [ -99.0166769, 19.2395973 ], [ -99.0166871, 19.239587 ], [ -99.0167798, 19.2394944 ], [ -99.017229, 19.239046 ], [ -99.0172353, 19.2390396 ], [ -99.017647599999989, 19.238628 ], [ -99.0176609, 19.2386147 ], [ -99.0176721, 19.2386036 ], [ -99.0177349, 19.2385409 ], [ -99.0177492, 19.2385056 ], [ -99.017753, 19.2384961 ], [ -99.0178611, 19.2382286 ], [ -99.018204, 19.2376763 ], [ -99.0279048, 19.2263293 ], [ -99.030193, 19.2236329 ], [ -99.0262739, 19.2239808 ], [ -99.0253277, 19.2240647 ], [ -99.0230039, 19.2242706 ], [ -99.0217383, 19.2243829 ], [ -99.0196242, 19.2245703 ], [ -99.01855350000001, 19.2246653 ], [ -99.0180066, 19.2247137 ], [ -99.0177896, 19.224733 ], [ -99.0174833, 19.2247603 ], [ -99.0124942, 19.2252045 ], [ -99.009674100000012, 19.2254555 ], [ -99.008895, 19.2255249 ], [ -99.007150599999989, 19.2256835 ], [ -99.0070746, 19.2256904 ], [ -99.0057387, 19.2258119 ], [ -99.0055295, 19.2258309 ], [ -99.0048961, 19.2258885 ], [ -99.0040028, 19.2259697 ], [ -99.0039705, 19.2259727 ], [ -99.003926299999989, 19.2259767 ], [ -99.003019, 19.2260592 ], [ -99.0030171, 19.2260593 ], [ -99.0014878, 19.2261984 ], [ -99.0001038, 19.2263176 ], [ -99.0001037, 19.2263177 ], [ -99.0001032, 19.2263229 ], [ -99.0000961, 19.2263928 ], [ -99.003129, 19.22706 ], [ -99.003129, 19.2270601 ], [ -99.0029906, 19.2275739 ], [ -99.0022151, 19.2273574 ], [ -99.0008119, 19.2270059 ], [ -99.0007657, 19.2269944 ], [ -98.9998469, 19.2267839 ], [ -98.9996738, 19.2272827 ], [ -98.9996696, 19.2272944 ], [ -98.9995725, 19.2275595 ], [ -98.9990223, 19.227357 ], [ -98.998863899999989, 19.2277047 ], [ -98.9987956, 19.2276883 ], [ -98.9981474, 19.2275319 ], [ -98.9972929, 19.2274797 ], [ -98.9972928, 19.2274797 ], [ -98.9971771, 19.2274726 ], [ -98.997177, 19.2274726 ], [ -98.9972337, 19.2273107 ], [ -98.997447, 19.2271845 ], [ -98.997463599999989, 19.2264885 ], [ -98.9974397, 19.2264846 ], [ -98.9970632, 19.2264235 ], [ -98.996681099999989, 19.2263264 ], [ -98.9964286, 19.2261904 ], [ -98.9962695, 19.2259772 ], [ -98.9961806, 19.2258888 ], [ -98.9963558, 19.2252824 ], [ -98.9963762, 19.2252115 ], [ -98.9963763, 19.2252114 ], [ -98.996066900000017, 19.2251201 ], [ -98.9957919, 19.2250388 ], [ -98.995791, 19.2250385 ], [ -98.995790899999989, 19.2250385 ], [ -98.9954422, 19.2262424 ], [ -98.9954228, 19.2264346 ], [ -98.995418700000016, 19.2264627 ], [ -98.9952639, 19.2275149 ], [ -98.9952629, 19.2275148 ], [ -98.9952628, 19.2275148 ], [ -98.9943944, 19.2274479 ], [ -98.9942042, 19.227426 ], [ -98.9937254, 19.2274705 ], [ -98.9936758, 19.2273062 ], [ -98.9936757, 19.2273061 ], [ -98.993619099999989, 19.2271188 ], [ -98.993619099999989, 19.2271187 ], [ -98.9935621, 19.2269301 ], [ -98.9935621, 19.22693 ], [ -98.9935527, 19.2268682 ], [ -98.9935527, 19.2268681 ], [ -98.9935026, 19.2265354 ], [ -98.9934803, 19.2263879 ], [ -98.993472, 19.2263325 ], [ -98.993472, 19.2263324 ], [ -98.9934591, 19.2262472 ], [ -98.9934591, 19.2262471 ], [ -98.9934076, 19.2259056 ], [ -98.9933385, 19.2254471 ], [ -98.9933385, 19.225447 ], [ -98.9932628, 19.2249449 ], [ -98.9932628, 19.2249448 ], [ -98.9925507, 19.2248921 ], [ -98.991868, 19.2248413 ], [ -98.9918252, 19.2248378 ], [ -98.9912373, 19.2247898 ], [ -98.9910736, 19.2255947 ], [ -98.9905587, 19.2257784 ], [ -98.9882339, 19.2237048 ], [ -98.985719, 19.2214347 ], [ -98.9843178, 19.2202562 ], [ -98.984301, 19.220242 ], [ -98.9842697, 19.2202157 ], [ -98.983873800000012, 19.2198828 ], [ -98.9838416, 19.2198557 ], [ -98.9838042, 19.2198242 ], [ -98.9835368, 19.2195994 ], [ -98.983505799999989, 19.2195733 ], [ -98.9834739, 19.2195465 ], [ -98.9832424, 19.2193517 ], [ -98.9832122, 19.2193264 ], [ -98.9831814, 19.2193004 ], [ -98.9829998, 19.2191478 ], [ -98.9829828, 19.2191334 ], [ -98.9827516, 19.218939 ], [ -98.9827301, 19.218921 ], [ -98.9827059, 19.2189006 ], [ -98.9824894, 19.2187185 ], [ -98.9824709, 19.2187029 ], [ -98.9824541, 19.2186888 ], [ -98.9823926, 19.2186371 ], [ -98.9822371, 19.2185063 ], [ -98.9822149, 19.2184877 ], [ -98.9821954, 19.2184712 ], [ -98.9819675, 19.2182796 ], [ -98.9819498, 19.2182647 ], [ -98.9817064, 19.2180599 ], [ -98.9816714, 19.2180304 ], [ -98.9797228, 19.2163914 ], [ -98.9797124, 19.2163826 ], [ -98.9797016, 19.2163735 ], [ -98.9789051, 19.2157035 ], [ -98.9788785, 19.2156811 ], [ -98.978324, 19.2152146 ], [ -98.9782296, 19.2151352 ], [ -98.978229399999989, 19.2151351 ], [ -98.9782268, 19.2151329 ], [ -98.9781531, 19.2150709 ], [ -98.97815, 19.2150683 ], [ -98.9781398, 19.2150689 ], [ -98.9778967, 19.2150823 ], [ -98.9778103, 19.2150676 ], [ -98.9778102, 19.2150676 ], [ -98.9750103, 19.2145912 ], [ -98.9750086, 19.214591 ], [ -98.9749576, 19.2145854 ], [ -98.9745021, 19.2144832 ], [ -98.9743495, 19.2144431 ], [ -98.9742443, 19.2143907 ], [ -98.973716599999989, 19.2141278 ], [ -98.9736214, 19.2140829 ], [ -98.9733323, 19.2138225 ], [ -98.9732127, 19.2136645 ], [ -98.9731769, 19.2136156 ], [ -98.9731768, 19.2136155 ], [ -98.9730635, 19.2134606 ], [ -98.973059, 19.2134545 ], [ -98.9728277, 19.2131705 ], [ -98.9724286, 19.2126954 ], [ -98.9722243, 19.2125109 ], [ -98.971970399999989, 19.2123265 ], [ -98.9717061, 19.2121302 ], [ -98.9714978, 19.2119716 ], [ -98.971497, 19.2119711 ], [ -98.9712955, 19.2118646 ], [ -98.971016, 19.2117161 ], [ -98.9699778, 19.2112754 ], [ -98.9699307, 19.2112552 ], [ -98.9697611, 19.2111826 ], [ -98.9694731, 19.2109742 ], [ -98.9692402, 19.2108508 ], [ -98.9689261, 19.2107124 ], [ -98.968577599999989, 19.2105891 ], [ -98.9685279, 19.2105711 ], [ -98.9685194, 19.2105716 ], [ -98.9684404, 19.2105764 ], [ -98.9680668, 19.210599 ], [ -98.9678293, 19.2107058 ], [ -98.9675537, 19.2110909 ], [ -98.967258700000016, 19.211503 ], [ -98.9671568, 19.2116454 ], [ -98.966797899999989, 19.2118464 ], [ -98.964653900000016, 19.2130474 ], [ -98.9643116, 19.2132392 ], [ -98.9635353, 19.2130443 ], [ -98.963534599999988, 19.2130453 ], [ -98.9634814, 19.2131147 ], [ -98.9626941, 19.2141426 ], [ -98.96259, 19.214133 ], [ -98.962583, 19.2141324 ], [ -98.9625421, 19.2141286 ], [ -98.9611294, 19.2139985 ], [ -98.960022, 19.2138964 ], [ -98.9597461, 19.213871 ], [ -98.9597449, 19.2138709 ], [ -98.9599593, 19.2142784 ], [ -98.9600302, 19.2144132 ], [ -98.9600299, 19.2144133 ], [ -98.9596811, 19.2145113 ], [ -98.9594872, 19.2145659 ], [ -98.9592913, 19.2146209 ], [ -98.9592267, 19.2146391 ], [ -98.9592014, 19.2146462 ], [ -98.9591326, 19.2146656 ], [ -98.9591051, 19.2146733 ], [ -98.9586811, 19.2147925 ], [ -98.9584495, 19.2148577 ], [ -98.9584092, 19.214869 ], [ -98.9574613, 19.2151355 ], [ -98.9569089, 19.2150585 ], [ -98.9567992, 19.2150433 ], [ -98.956532, 19.215006 ], [ -98.9557089, 19.2148913 ], [ -98.9553496, 19.2148412 ], [ -98.9553077, 19.2148354 ], [ -98.9552797, 19.2148314 ], [ -98.9539483, 19.2146459 ], [ -98.9538416, 19.2149531 ], [ -98.9538365, 19.2149676 ], [ -98.953719800000016, 19.2153035 ], [ -98.953677, 19.2154266 ], [ -98.9536718, 19.2154416 ], [ -98.9536588, 19.2154388 ], [ -98.9536325, 19.2154329 ], [ -98.9532831, 19.2153558 ], [ -98.9528947, 19.2152699 ], [ -98.9532752, 19.215496 ], [ -98.9523924, 19.2162464 ], [ -98.9521546, 19.216599 ], [ -98.9510855, 19.2181837 ], [ -98.9509094, 19.2181307 ], [ -98.9425532, 19.2156149 ], [ -98.9418588, 19.2179676 ], [ -98.9403028, 19.2232397 ], [ -98.9429495, 19.2240767 ], [ -98.9441593, 19.2244292 ], [ -98.94476, 19.2246203 ], [ -98.9452434, 19.2249123 ], [ -98.9459273, 19.2249668 ], [ -98.9466437, 19.2251961 ], [ -98.9470072, 19.2253125 ], [ -98.947112, 19.225346 ], [ -98.9471531, 19.2253592 ], [ -98.947622, 19.2255093 ], [ -98.9476357, 19.2255137 ], [ -98.9476447, 19.2255166 ], [ -98.9481159, 19.2256673 ], [ -98.9485976, 19.2258215 ], [ -98.9494262, 19.2260867 ], [ -98.94995440000001, 19.2262558 ], [ -98.9499592, 19.2262573 ], [ -98.9499625, 19.2262584 ], [ -98.9499705, 19.2262609 ], [ -98.9499787, 19.2262636 ], [ -98.9499812, 19.2262644 ], [ -98.9499841, 19.2262653 ], [ -98.9499903, 19.2262673 ], [ -98.9499915, 19.2262676 ], [ -98.9500119, 19.2262742 ], [ -98.9500214, 19.2262772 ], [ -98.9500551, 19.226288 ], [ -98.950080200000016, 19.2262961 ], [ -98.950128, 19.2263114 ], [ -98.9502039, 19.2263356 ], [ -98.9503286, 19.2263755 ], [ -98.9503295, 19.2263759 ], [ -98.9510114, 19.2265941 ], [ -98.9513281, 19.2266954 ], [ -98.9514406, 19.2267314 ], [ -98.9522382, 19.2269867 ], [ -98.9522602, 19.2269937 ], [ -98.9526852, 19.2271298 ], [ -98.952872, 19.2271896 ], [ -98.9536496, 19.2274384 ], [ -98.9549765, 19.2278631 ], [ -98.9554092, 19.2280015 ], [ -98.9556898, 19.2280913 ], [ -98.955874, 19.2281503 ], [ -98.9561131, 19.2282268 ], [ -98.956375799999989, 19.2283109 ], [ -98.9586475, 19.2290378 ], [ -98.9604168, 19.229604 ], [ -98.962135, 19.2301538 ], [ -98.962482799999989, 19.2302651 ], [ -98.964044199999989, 19.2307647 ], [ -98.9652421, 19.2311479 ], [ -98.9662113, 19.231458 ], [ -98.9678756, 19.2319905 ], [ -98.9679183, 19.2320042 ], [ -98.9679193, 19.2320045 ], [ -98.9679196, 19.2320046 ], [ -98.967920299999989, 19.2320048 ], [ -98.9683667, 19.2321476 ], [ -98.9685865, 19.232218 ], [ -98.9679678, 19.2364363 ], [ -98.9659869, 19.249941 ], [ -98.9765306, 19.2531254 ], [ -98.9754132, 19.257535 ], [ -98.9749176, 19.2594905 ], [ -98.9733629, 19.2676992 ], [ -98.9717455, 19.2766294 ], [ -98.9714309, 19.2783667 ], [ -98.9702779, 19.2857981 ], [ -98.9702006, 19.2863056 ], [ -98.9697626, 19.2891797 ], [ -98.9696518, 19.2899071 ], [ -98.9695962, 19.2902718 ], [ -98.9695771, 19.290397 ], [ -98.9694957, 19.2909314 ], [ -98.969451299999989, 19.2912232 ], [ -98.9694131, 19.2914736 ], [ -98.9693294, 19.2920227 ], [ -98.9692807, 19.2923423 ], [ -98.9692453, 19.2925751 ], [ -98.9691825, 19.2929871 ], [ -98.9691588, 19.2931427 ], [ -98.969094399999989, 19.2935652 ], [ -98.9690703, 19.2937231 ], [ -98.969042699999989, 19.2939048 ], [ -98.969036, 19.2939486 ], [ -98.9690054, 19.2941496 ], [ -98.9689925, 19.2942341 ], [ -98.968926, 19.2946707 ], [ -98.9689161, 19.2947352 ], [ -98.9689159, 19.2947364 ], [ -98.9689155, 19.2947389 ], [ -98.968911, 19.2947687 ], [ -98.968836, 19.2952612 ], [ -98.9687899, 19.2955633 ], [ -98.9687518, 19.2958137 ], [ -98.9687302, 19.2959554 ], [ -98.9686651, 19.2963826 ], [ -98.9685097, 19.2974025 ], [ -98.9684957, 19.2974942 ], [ -98.9684166, 19.2980132 ], [ -98.9684093, 19.2980613 ], [ -98.9683428, 19.2984978 ], [ -98.9683284, 19.2985919 ], [ -98.968314, 19.2986864 ], [ -98.9683013, 19.2987699 ], [ -98.9683007, 19.2987736 ], [ -98.9682845, 19.2988801 ], [ -98.968277199999989, 19.2989282 ], [ -98.9682752, 19.298941 ], [ -98.9682729, 19.298956 ], [ -98.968271, 19.2989687 ], [ -98.9682664, 19.2989992 ], [ -98.9682661, 19.2990009 ], [ -98.968254500000015, 19.2990768 ], [ -98.9682542, 19.2990792 ], [ -98.9682529, 19.2990873 ], [ -98.9682492, 19.299112 ], [ -98.9682465, 19.2991293 ], [ -98.968244, 19.2991461 ], [ -98.968243199999989, 19.2991512 ], [ -98.9682429, 19.2991529 ], [ -98.9682428, 19.299154 ], [ -98.9682427, 19.2991547 ], [ -98.9682424, 19.2991561 ], [ -98.9682423, 19.2991568 ], [ -98.9682423, 19.299157 ], [ -98.9682422, 19.2991578 ], [ -98.9682414, 19.2991631 ], [ -98.9682391, 19.2991782 ], [ -98.9682363, 19.2991969 ], [ -98.9682355, 19.2992026 ], [ -98.9682252, 19.2992713 ], [ -98.9682127, 19.2993552 ], [ -98.96821150000001, 19.2993627 ], [ -98.9681732, 19.2996196 ], [ -98.9679607, 19.3010411 ], [ -98.967884399999988, 19.3015512 ], [ -98.967776700000016, 19.302272 ], [ -98.9676095, 19.3033901 ], [ -98.9675889, 19.3035277 ], [ -98.9675774, 19.3036052 ], [ -98.9675751, 19.3036202 ], [ -98.9675584, 19.3037319 ], [ -98.9675565, 19.303745 ], [ -98.9675552, 19.3037532 ], [ -98.9674586, 19.3043992 ], [ -98.9672683, 19.3056725 ], [ -98.9672427, 19.3058439 ], [ -98.9672327, 19.3059104 ], [ -98.9672324, 19.3059129 ], [ -98.9672297, 19.3059306 ], [ -98.9672255, 19.3059589 ], [ -98.9672253, 19.3059605 ], [ -98.9672246, 19.3059647 ], [ -98.967224, 19.3059691 ], [ -98.9672239, 19.3059693 ], [ -98.9672127, 19.3059693 ], [ -98.9672078, 19.3059692 ], [ -98.9671903, 19.3059691 ], [ -98.9671836, 19.3059691 ], [ -98.9671736, 19.305969 ], [ -98.9671369, 19.3059688 ], [ -98.9670543, 19.3059682 ], [ -98.9669247, 19.3059673 ], [ -98.9668752, 19.305967 ], [ -98.966821, 19.3059666 ], [ -98.966780500000013, 19.3059664 ], [ -98.9667497, 19.3059662 ], [ -98.9664377, 19.3059637 ], [ -98.9662764, 19.3059625 ], [ -98.9659863, 19.3060843 ], [ -98.9653868, 19.3063359 ], [ -98.9650901, 19.3066006 ], [ -98.9648877, 19.3067812 ], [ -98.9647761, 19.3068808 ], [ -98.9645258, 19.30757 ], [ -98.9644106, 19.3078869 ], [ -98.9643933, 19.3079347 ], [ -98.9643928, 19.3079379 ], [ -98.9643925, 19.30794 ], [ -98.9643918, 19.3079443 ], [ -98.9643915, 19.3079459 ], [ -98.964390099999989, 19.3079544 ], [ -98.9643882, 19.3079664 ], [ -98.964388, 19.3079675 ], [ -98.9643866, 19.3079765 ], [ -98.964386499999989, 19.3079768 ], [ -98.9643849, 19.3079868 ], [ -98.964382, 19.3080048 ], [ -98.9643777, 19.3080317 ], [ -98.9643733, 19.3080593 ], [ -98.9643702, 19.3080786 ], [ -98.96437, 19.3080797 ], [ -98.9643613, 19.3081336 ], [ -98.9643566, 19.308163 ], [ -98.9643548, 19.3081741 ], [ -98.9643447, 19.3082368 ], [ -98.9643446, 19.3082373 ], [ -98.964295, 19.3085456 ], [ -98.9642767, 19.30866 ], [ -98.9642438, 19.3088642 ], [ -98.9642301, 19.3089494 ], [ -98.96423, 19.3089502 ], [ -98.9642299, 19.3089504 ], [ -98.9640549, 19.3100388 ], [ -98.9640543, 19.3100424 ], [ -98.9640541, 19.3100434 ], [ -98.964054, 19.3100442 ], [ -98.9640535, 19.3100477 ], [ -98.9639728, 19.3105492 ], [ -98.9639632, 19.3106174 ], [ -98.9639482, 19.3107238 ], [ -98.963935299999989, 19.3108152 ], [ -98.9639323, 19.3108363 ], [ -98.963921700000014, 19.3109122 ], [ -98.9639208, 19.3109182 ], [ -98.9639075, 19.311013 ], [ -98.9638963, 19.3110923 ], [ -98.9638959, 19.311095 ], [ -98.963895600000015, 19.3110969 ], [ -98.963895600000015, 19.3110974 ], [ -98.9638955, 19.3110978 ], [ -98.9638954, 19.3110983 ], [ -98.9637478, 19.3121462 ], [ -98.9637475, 19.3121485 ], [ -98.9637474, 19.3121492 ], [ -98.9637474, 19.3121496 ], [ -98.9637472, 19.3121507 ], [ -98.9637048, 19.3124519 ], [ -98.9637046, 19.3124529 ], [ -98.9635565, 19.3135048 ], [ -98.9634871, 19.3139969 ], [ -98.9634485, 19.3142714 ], [ -98.9634428, 19.3143113 ], [ -98.9634155, 19.3145057 ], [ -98.9633413, 19.3150322 ], [ -98.9629913, 19.3166121 ], [ -98.9629911, 19.3166134 ], [ -98.962991, 19.3166138 ], [ -98.9629658, 19.3167274 ], [ -98.9625621, 19.31725 ], [ -98.9618761, 19.318138 ], [ -98.9613991, 19.3187555 ], [ -98.961131099999989, 19.3191025 ], [ -98.9608604, 19.3194528 ], [ -98.9593142, 19.3214542 ], [ -98.9592714, 19.3215097 ], [ -98.9591555, 19.3216597 ], [ -98.9590015, 19.3218591 ], [ -98.9579026, 19.3232276 ], [ -98.9582366, 19.323509 ], [ -98.9583587, 19.3236118 ], [ -98.9590077, 19.3241586 ], [ -98.9603559, 19.3252943 ], [ -98.9604484, 19.3253722 ], [ -98.960875, 19.325394 ], [ -98.9609052, 19.3253955 ], [ -98.9609312, 19.3253969 ], [ -98.9609681, 19.3253988 ], [ -98.9609754, 19.3253991 ], [ -98.9610286, 19.3254018 ], [ -98.9611936, 19.3254102 ], [ -98.9612849, 19.3254148 ], [ -98.9613066, 19.3254159 ], [ -98.9613081, 19.325416 ], [ -98.9613393, 19.3254176 ], [ -98.961754500000012, 19.3254387 ], [ -98.961779299999989, 19.3254399 ], [ -98.9618103, 19.3254415 ], [ -98.9622154, 19.325462 ], [ -98.9622732, 19.325465 ], [ -98.9623467, 19.3254687 ], [ -98.9623721, 19.32547 ], [ -98.962842, 19.3254938 ], [ -98.9628784, 19.3254956 ], [ -98.962918, 19.3254977 ], [ -98.9633719, 19.3255207 ], [ -98.9633942, 19.3255218 ], [ -98.9634342, 19.3255238 ], [ -98.9639885, 19.3255519 ], [ -98.9640441, 19.3255548 ], [ -98.9640833, 19.3255567 ], [ -98.9646032, 19.3255831 ], [ -98.964628, 19.3255844 ], [ -98.9646658, 19.3255863 ], [ -98.9656935, 19.3256384 ], [ -98.965817199999989, 19.3256446 ], [ -98.9659104, 19.3256494 ], [ -98.965949099999989, 19.3256513 ], [ -98.9661478, 19.3256614 ], [ -98.9661857, 19.3256633 ], [ -98.9662591, 19.325667 ], [ -98.9663519, 19.3256717 ], [ -98.9682747, 19.3257225 ], [ -98.9682753, 19.3257225 ], [ -98.9683147, 19.3256662 ], [ -98.9686178, 19.3252325 ], [ -98.9689602, 19.3247426 ], [ -98.9689602, 19.3247425 ], [ -98.969045799999989, 19.3247507 ], [ -98.9693071, 19.3247758 ], [ -98.9698646, 19.3248538 ], [ -98.9703927, 19.3249276 ], [ -98.9707923, 19.3251823 ], [ -98.9711834, 19.3254316 ], [ -98.9747092, 19.3256672 ], [ -98.9753237, 19.3256435 ], [ -98.9759564, 19.3249468 ], [ -98.9761689, 19.3249415 ], [ -98.9762028, 19.3249406 ], [ -98.9762924, 19.3249384 ], [ -98.9762282, 19.3242962 ], [ -98.9765165, 19.3242557 ], [ -98.9765905, 19.3249476 ], [ -98.9769418, 19.3250682 ], [ -98.9773927, 19.3252238 ], [ -98.9773974, 19.3252254 ], [ -98.9774099, 19.3251661 ], [ -98.9774939, 19.3247686 ], [ -98.9780456, 19.3249924 ], [ -98.977926599999989, 19.3252852 ], [ -98.9782031, 19.3253311 ], [ -98.9782486, 19.3250844 ], [ -98.9782486, 19.3250843 ], [ -98.9782507, 19.3250728 ], [ -98.9783303, 19.3246416 ], [ -98.9784871, 19.3246101 ], [ -98.9784974, 19.3245097 ], [ -98.978525, 19.3242439 ], [ -98.9785454, 19.3240461 ], [ -98.9785603, 19.3239025 ], [ -98.978805200000011, 19.3239212 ], [ -98.9789278, 19.3239305 ] ] ] } },
{ "type": "Feature", "properties": { "CVEGEO": "09012", "CVE_ENT": "09", "CVE_MUN": "012", "NOMGEO": "Tlalpan" }, "geometry": { "type": "Polygon", "coordinates": [ [ [ -99.1971577, 19.3025592 ], [ -99.1977615, 19.3028149 ], [ -99.1981093, 19.3029998 ], [ -99.1984603, 19.3032035 ], [ -99.198696, 19.3033547 ], [ -99.199086900000012, 19.3035992 ], [ -99.1995058, 19.3038239 ], [ -99.1999086, 19.3040314 ], [ -99.2001845, 19.3041735 ], [ -99.2012712, 19.3046391 ], [ -99.2022293, 19.3049607 ], [ -99.2027219, 19.3050964 ], [ -99.2032032, 19.3052173 ], [ -99.2035907, 19.3052918 ], [ -99.2043518, 19.3054296 ], [ -99.2045903, 19.3054708 ], [ -99.2050473, 19.3055551 ], [ -99.2056712, 19.3056673 ], [ -99.2057522, 19.3056819 ], [ -99.2084775, 19.3061625 ], [ -99.209316, 19.3063169 ], [ -99.2100295, 19.3064411 ], [ -99.2115271, 19.3067097 ], [ -99.2133045, 19.3070193 ], [ -99.2137882, 19.3071241 ], [ -99.2143667, 19.3072494 ], [ -99.2148514, 19.3074095 ], [ -99.2153947, 19.3076211 ], [ -99.2159228, 19.3078811 ], [ -99.2164126, 19.3081755 ], [ -99.2165592, 19.308277 ], [ -99.2168572, 19.3084967 ], [ -99.2171979, 19.3087725 ], [ -99.2177955, 19.3093529 ], [ -99.2178544, 19.3094252 ], [ -99.2182317, 19.3098877 ], [ -99.218874, 19.3107338 ], [ -99.2190051, 19.3108928 ], [ -99.2191928, 19.3111394 ], [ -99.2194208, 19.3114405 ], [ -99.2196635, 19.311806 ], [ -99.219849, 19.3121238 ], [ -99.2199254, 19.3122636 ], [ -99.2204718, 19.3113227 ], [ -99.2205623, 19.3112296 ], [ -99.2206606, 19.3111471 ], [ -99.2207078, 19.3111298 ], [ -99.2209714, 19.3110786 ], [ -99.2213072, 19.311061 ], [ -99.2217405, 19.311038 ], [ -99.2229987, 19.3109508 ], [ -99.2239289, 19.3108966 ], [ -99.2240527, 19.3108604 ], [ -99.22462560000001, 19.3107287 ], [ -99.2249334, 19.3105978 ], [ -99.2250175, 19.3103357 ], [ -99.2251707, 19.3099573 ], [ -99.2269121, 19.3086493 ], [ -99.2272395, 19.3084078 ], [ -99.227435899999989, 19.308226 ], [ -99.2276134, 19.3080615 ], [ -99.2277234, 19.3079143 ], [ -99.227746599999989, 19.3077831 ], [ -99.2277139, 19.3076091 ], [ -99.2276463, 19.3073787 ], [ -99.227592199999989, 19.3071923 ], [ -99.227661, 19.3070614 ], [ -99.2276766, 19.3070317 ], [ -99.227747, 19.3069632 ], [ -99.2278929, 19.3068571 ], [ -99.2281216, 19.306766 ], [ -99.2286671, 19.3065488 ], [ -99.2289495, 19.3064838 ], [ -99.2293622, 19.3064789 ], [ -99.2295492, 19.3063819 ], [ -99.2298057, 19.3061866 ], [ -99.2299293, 19.3060128 ], [ -99.230165, 19.3058641 ], [ -99.2304065, 19.3057684 ], [ -99.2306185, 19.3056817 ], [ -99.2309137, 19.305573 ], [ -99.2311971, 19.3054491 ], [ -99.2316919, 19.3052029 ], [ -99.2319046, 19.3050423 ], [ -99.2319302, 19.3047977 ], [ -99.2319848, 19.3042765 ], [ -99.2320422, 19.303881 ], [ -99.2322483, 19.3037888 ], [ -99.2323374, 19.3029827 ], [ -99.2325475, 19.3030004 ], [ -99.2326461, 19.3024815 ], [ -99.2329739, 19.3018101 ], [ -99.2322288, 19.3014685 ], [ -99.2323971, 19.3013256 ], [ -99.232763, 19.3010482 ], [ -99.232938, 19.3009232 ], [ -99.2332635, 19.3007866 ], [ -99.2333971, 19.3008162 ], [ -99.2333621, 19.3002317 ], [ -99.2333711, 19.3000778 ], [ -99.2332122, 19.3000952 ], [ -99.233065, 19.3000981 ], [ -99.2328087, 19.2999726 ], [ -99.2327101, 19.2998895 ], [ -99.232726, 19.2997995 ], [ -99.2327952, 19.2997187 ], [ -99.2328479, 19.2995835 ], [ -99.2328316, 19.2994561 ], [ -99.232813299999989, 19.2993217 ], [ -99.2327855, 19.2991887 ], [ -99.2327407, 19.2990547 ], [ -99.2327234, 19.2989241 ], [ -99.2327232, 19.2987683 ], [ -99.2327231, 19.2987189 ], [ -99.2327231, 19.2986891 ], [ -99.2327229, 19.2985274 ], [ -99.23269, 19.2983848 ], [ -99.2325838, 19.2981331 ], [ -99.2325206, 19.2980116 ], [ -99.2324829, 19.2978765 ], [ -99.2324944, 19.2977353 ], [ -99.2326311, 19.2974996 ], [ -99.2331866, 19.2966992 ], [ -99.2333012, 19.2965952 ], [ -99.2334578, 19.2964639 ], [ -99.2336357, 19.296361 ], [ -99.2338326, 19.2962593 ], [ -99.23399, 19.2961642 ], [ -99.2340895, 19.2960669 ], [ -99.2341881, 19.2959689 ], [ -99.2343842, 19.2957438 ], [ -99.23445, 19.2956904 ], [ -99.2345326, 19.2956661 ], [ -99.234621, 19.2956548 ], [ -99.2346918, 19.2956341 ], [ -99.2347645, 19.295593 ], [ -99.234904, 19.2953921 ], [ -99.2351198, 19.2952552 ], [ -99.2352645, 19.2951734 ], [ -99.2353895, 19.2951078 ], [ -99.2354739, 19.2949958 ], [ -99.2355707, 19.2949915 ], [ -99.2356749, 19.2950959 ], [ -99.2358043, 19.2951431 ], [ -99.2359727, 19.295148 ], [ -99.2360971, 19.2951081 ], [ -99.2361581, 19.2949962 ], [ -99.2361432, 19.2948997 ], [ -99.2360207, 19.2948302 ], [ -99.2359182, 19.2947203 ], [ -99.2358697, 19.2946253 ], [ -99.2359006, 19.2945064 ], [ -99.2359685, 19.2944564 ], [ -99.2361148, 19.2944329 ], [ -99.2363797, 19.2944177 ], [ -99.2365268, 19.2943687 ], [ -99.2367212, 19.2943998 ], [ -99.2369387, 19.2943171 ], [ -99.2370716, 19.2942685 ], [ -99.2372169, 19.2942587 ], [ -99.2374783, 19.2943173 ], [ -99.2376356, 19.2943372 ], [ -99.2377676, 19.2943781 ], [ -99.2378998, 19.2944289 ], [ -99.2379671, 19.2944537 ], [ -99.2379847, 19.2944629 ], [ -99.2380107, 19.2944774 ], [ -99.23803, 19.2944881 ], [ -99.2385608, 19.2946881 ], [ -99.2386295, 19.2947031 ], [ -99.2386936, 19.2946991 ], [ -99.2393822, 19.2944917 ], [ -99.239652299999989, 19.2943809 ], [ -99.2397854, 19.2943181 ], [ -99.2399942, 19.2942181 ], [ -99.2401662, 19.2941207 ], [ -99.2402246, 19.2940978 ], [ -99.2402829, 19.2940749 ], [ -99.2403738, 19.2940505 ], [ -99.2404756, 19.2940974 ], [ -99.2405647, 19.2941373 ], [ -99.2406362, 19.2941811 ], [ -99.2406809, 19.2942001 ], [ -99.2407718, 19.2941928 ], [ -99.2408274, 19.2941709 ], [ -99.2409452, 19.2940863 ], [ -99.2410857, 19.2940625 ], [ -99.2412268, 19.2940416 ], [ -99.241384599999989, 19.2940185 ], [ -99.2414785, 19.2939318 ], [ -99.2415061, 19.2937927 ], [ -99.2415418, 19.2936615 ], [ -99.2416147, 19.2935449 ], [ -99.2417791, 19.2933233 ], [ -99.241921499999989, 19.2931441 ], [ -99.2415496, 19.2928633 ], [ -99.2422521, 19.2929042 ], [ -99.242317, 19.2928555 ], [ -99.2425659, 19.292483 ], [ -99.2426647, 19.2922728 ], [ -99.2428369, 19.2918706 ], [ -99.2428972, 19.2916774 ], [ -99.2429967, 19.2914373 ], [ -99.2428246, 19.2901713 ], [ -99.242779, 19.2896487 ], [ -99.2427616, 19.2893601 ], [ -99.2427161, 19.2892754 ], [ -99.2424913, 19.2892504 ], [ -99.2423741, 19.2892345 ], [ -99.24227, 19.2891736 ], [ -99.242082599999989, 19.2890202 ], [ -99.2418984, 19.2889008 ], [ -99.2417915, 19.2888199 ], [ -99.2415669, 19.2886074 ], [ -99.2414956, 19.2885227 ], [ -99.2413155, 19.2883089 ], [ -99.2410758, 19.2880725 ], [ -99.2410141, 19.2879897 ], [ -99.2410152, 19.2879197 ], [ -99.2410208, 19.2875595 ], [ -99.240973, 19.2874485 ], [ -99.2408277, 19.2873094 ], [ -99.2408013, 19.2871647 ], [ -99.2408064, 19.2869924 ], [ -99.2409427, 19.2868211 ], [ -99.2409929, 19.2867917 ], [ -99.2411366, 19.2867376 ], [ -99.2411844, 19.2867079 ], [ -99.2412714, 19.286654 ], [ -99.2415148, 19.2864493 ], [ -99.2416045, 19.2863056 ], [ -99.241694, 19.2860764 ], [ -99.2417339, 19.285916 ], [ -99.2418273, 19.2856845 ], [ -99.2419149, 19.2855062 ], [ -99.2419351, 19.285465 ], [ -99.2420292, 19.2853181 ], [ -99.2423173, 19.2848686 ], [ -99.24236830000001, 19.2847889 ], [ -99.2426563, 19.2843393 ], [ -99.2426806, 19.2843325 ], [ -99.2428516, 19.2842846 ], [ -99.2429253, 19.2842036 ], [ -99.2429676, 19.2841394 ], [ -99.24292, 19.2839427 ], [ -99.2428539, 19.283767 ], [ -99.2425937, 19.2835585 ], [ -99.2423336, 19.2833501 ], [ -99.2421019, 19.2833133 ], [ -99.2420157, 19.2832697 ], [ -99.2419649, 19.2831479 ], [ -99.241957, 19.2830086 ], [ -99.2420226, 19.2829017 ], [ -99.2421488, 19.2828231 ], [ -99.2427849, 19.2825157 ], [ -99.242924, 19.2824689 ], [ -99.2431093, 19.2824065 ], [ -99.2432317, 19.2823653 ], [ -99.2433177, 19.2823363 ], [ -99.2434452, 19.2822587 ], [ -99.2435462, 19.2821909 ], [ -99.2436277, 19.2820651 ], [ -99.2436437, 19.281951 ], [ -99.2435899, 19.2818254 ], [ -99.2435022, 19.2817185 ], [ -99.2434197, 19.2816078 ], [ -99.243317499999989, 19.2814389 ], [ -99.2433079, 19.2813584 ], [ -99.2433142, 19.281223 ], [ -99.243361299999989, 19.2810769 ], [ -99.2434594, 19.2809898 ], [ -99.2435629, 19.2808965 ], [ -99.2437687, 19.2807085 ], [ -99.2438717, 19.2806147 ], [ -99.2439722, 19.2805184 ], [ -99.24406, 19.2804115 ], [ -99.2441752, 19.2803315 ], [ -99.2443045, 19.280274 ], [ -99.2444368, 19.2802469 ], [ -99.2445916, 19.2802047 ], [ -99.244912899999989, 19.2801373 ], [ -99.2449347, 19.2800706 ], [ -99.2449128, 19.2798869 ], [ -99.244825, 19.2794308 ], [ -99.2448048, 19.2793257 ], [ -99.2447909, 19.2792189 ], [ -99.2447982, 19.2791268 ], [ -99.2448098, 19.2790674 ], [ -99.2448696, 19.2788785 ], [ -99.2450226, 19.2784319 ], [ -99.2451362, 19.2780276 ], [ -99.245259, 19.2775905 ], [ -99.2453557, 19.2770738 ], [ -99.2453678, 19.2769639 ], [ -99.2453578, 19.2767917 ], [ -99.2452802, 19.2766163 ], [ -99.2451955, 19.276489 ], [ -99.2448874, 19.2762094 ], [ -99.2447625, 19.2763244 ], [ -99.2446112, 19.2762595 ], [ -99.2444564, 19.2762142 ], [ -99.24420880000001, 19.2760911 ], [ -99.2441106, 19.2760165 ], [ -99.243978, 19.2758817 ], [ -99.2438272, 19.2759439 ], [ -99.2434588, 19.2756492 ], [ -99.2434661, 19.2754804 ], [ -99.2434787, 19.2753705 ], [ -99.2434995, 19.2752982 ], [ -99.243532699999989, 19.2751713 ], [ -99.2436263, 19.274916 ], [ -99.2437312, 19.2746802 ], [ -99.2438593, 19.2743759 ], [ -99.2439244, 19.2742589 ], [ -99.2440454, 19.2741223 ], [ -99.2441503, 19.2739489 ], [ -99.2442844, 19.2736531 ], [ -99.244408, 19.2732711 ], [ -99.244613199999989, 19.2729023 ], [ -99.244531, 19.2728569 ], [ -99.244501899999989, 19.272709 ], [ -99.244304, 19.2724552 ], [ -99.2440823, 19.2723336 ], [ -99.2439679, 19.2721119 ], [ -99.2438265, 19.2717887 ], [ -99.243772400000012, 19.2716377 ], [ -99.2437301, 19.271464 ], [ -99.2436792, 19.2711877 ], [ -99.2436575, 19.2710081 ], [ -99.2436417, 19.2708753 ], [ -99.243646, 19.2706949 ], [ -99.2435987, 19.2703892 ], [ -99.2436023, 19.2702678 ], [ -99.2434978, 19.2699735 ], [ -99.2434678, 19.2697899 ], [ -99.2434914, 19.2696871 ], [ -99.243598800000015, 19.2695035 ], [ -99.2437433, 19.2693512 ], [ -99.2439495, 19.269211 ], [ -99.2441628, 19.2690661 ], [ -99.2444912, 19.2688429 ], [ -99.244874, 19.2686566 ], [ -99.244972499999989, 19.2685179 ], [ -99.245271300000013, 19.2681858 ], [ -99.2453261, 19.2681353 ], [ -99.2453864, 19.2680872 ], [ -99.2457821, 19.2677748 ], [ -99.2458551, 19.2677027 ], [ -99.2458921, 19.2676662 ], [ -99.2459948, 19.2675288 ], [ -99.2460512, 19.2673533 ], [ -99.2460739, 19.2671742 ], [ -99.2460561, 19.2670338 ], [ -99.2459683, 19.2668403 ], [ -99.2459317, 19.2665096 ], [ -99.2459516, 19.2664374 ], [ -99.245974499999988, 19.2663733 ], [ -99.2460087, 19.2663114 ], [ -99.24605170000001, 19.2662445 ], [ -99.2463761, 19.2658245 ], [ -99.2466627, 19.2657264 ], [ -99.246957900000012, 19.2656396 ], [ -99.2469969, 19.2655955 ], [ -99.2470209, 19.2655285 ], [ -99.247062, 19.265058 ], [ -99.247090500000013, 19.2647491 ], [ -99.2469952, 19.2644965 ], [ -99.246383, 19.2639839 ], [ -99.2459063, 19.2636063 ], [ -99.2456328, 19.263374 ], [ -99.2455427, 19.2630887 ], [ -99.2455284, 19.2629331 ], [ -99.2455619, 19.2625475 ], [ -99.2456171, 19.2622249 ], [ -99.2456541, 19.2617197 ], [ -99.245721, 19.2615689 ], [ -99.2459401, 19.2612001 ], [ -99.246229, 19.2608892 ], [ -99.2462982, 19.2607491 ], [ -99.2464782, 19.2606547 ], [ -99.2468411, 19.2605371 ], [ -99.247197899999989, 19.2603274 ], [ -99.2472365, 19.2602773 ], [ -99.2471905, 19.2602013 ], [ -99.246817, 19.2597213 ], [ -99.2463482, 19.2593468 ], [ -99.2459743, 19.25904 ], [ -99.2458722, 19.2589928 ], [ -99.2457363, 19.2589414 ], [ -99.2455812, 19.2589111 ], [ -99.2454016, 19.2589079 ], [ -99.2452572, 19.2588981 ], [ -99.245094099999989, 19.2589461 ], [ -99.2449137, 19.2590026 ], [ -99.2447598, 19.2590927 ], [ -99.2446088, 19.2591913 ], [ -99.2443823, 19.2593774 ], [ -99.2443284, 19.2594163 ], [ -99.244057700000013, 19.2594613 ], [ -99.2439944, 19.2594085 ], [ -99.2438883, 19.2592007 ], [ -99.2438713, 19.2590597 ], [ -99.2438821, 19.2589458 ], [ -99.2438949, 19.2588622 ], [ -99.2443725, 19.2582798 ], [ -99.2444526, 19.2581645 ], [ -99.2449822, 19.2577625 ], [ -99.2452847, 19.2575175 ], [ -99.2453858, 19.2573421 ], [ -99.2453926, 19.2571748 ], [ -99.2452916, 19.2569074 ], [ -99.2452354, 19.2568076 ], [ -99.2451382, 19.2567003 ], [ -99.244975, 19.2565332 ], [ -99.2449278, 19.2564813 ], [ -99.24481560000001, 19.2563575 ], [ -99.2448213, 19.2562849 ], [ -99.2448671, 19.2562 ], [ -99.2449309, 19.2560572 ], [ -99.245034, 19.2559608 ], [ -99.2450592, 19.2558749 ], [ -99.245091699999989, 19.2557992 ], [ -99.2451639, 19.2556101 ], [ -99.2452179, 19.2554124 ], [ -99.2452467, 19.2552525 ], [ -99.2452207, 19.2551779 ], [ -99.2452049, 19.2551323 ], [ -99.2451826, 19.2550301 ], [ -99.245114, 19.2549448 ], [ -99.2449367, 19.2546748 ], [ -99.2448697, 19.2545621 ], [ -99.2448022, 19.254391 ], [ -99.2447653, 19.2540339 ], [ -99.244721399999989, 19.25368 ], [ -99.2446549, 19.2533541 ], [ -99.2446193, 19.253212 ], [ -99.2446068, 19.2530828 ], [ -99.2446044, 19.2530438 ], [ -99.2445851, 19.2527326 ], [ -99.244593099999989, 19.2527041 ], [ -99.2446122, 19.2526354 ], [ -99.2447193, 19.2525454 ], [ -99.244786, 19.2524466 ], [ -99.2447655, 19.2523267 ], [ -99.245005300000017, 19.2518055 ], [ -99.245217, 19.2512961 ], [ -99.2452502, 19.2510379 ], [ -99.2452232, 19.2508154 ], [ -99.2452129, 19.2506068 ], [ -99.2451998, 19.2504694 ], [ -99.245232, 19.2503771 ], [ -99.2452859, 19.2502724 ], [ -99.2453441, 19.2501882 ], [ -99.245791700000012, 19.2497636 ], [ -99.2459401, 19.2496587 ], [ -99.246141, 19.2495658 ], [ -99.2463023, 19.2495104 ], [ -99.2464752, 19.2494651 ], [ -99.246569, 19.249434 ], [ -99.2466725, 19.2493462 ], [ -99.2468324, 19.2491743 ], [ -99.2470019, 19.2490669 ], [ -99.2473861, 19.2488529 ], [ -99.2474649, 19.2487331 ], [ -99.2475117, 19.2485274 ], [ -99.2475869, 19.2483052 ], [ -99.2475902, 19.2480814 ], [ -99.2476501, 19.2478563 ], [ -99.2476427, 19.247649 ], [ -99.247607699999989, 19.2474676 ], [ -99.2476506, 19.2473394 ], [ -99.2477594, 19.247104 ], [ -99.2478396, 19.2469723 ], [ -99.2479227, 19.2468668 ], [ -99.2480077, 19.2467337 ], [ -99.248182899999989, 19.2467777 ], [ -99.2482963, 19.2468155 ], [ -99.2486093, 19.2468425 ], [ -99.2489007, 19.2467391 ], [ -99.249116199999989, 19.2465889 ], [ -99.2492465, 19.2465148 ], [ -99.2494174, 19.24643 ], [ -99.2495962, 19.2463315 ], [ -99.2496112, 19.2462041 ], [ -99.2496178, 19.2460849 ], [ -99.2496499, 19.2459408 ], [ -99.249826, 19.2457416 ], [ -99.2499395, 19.2457017 ], [ -99.2501686, 19.2457249 ], [ -99.250351, 19.2456933 ], [ -99.250446, 19.2453985 ], [ -99.2504777, 19.245209 ], [ -99.2502016, 19.2449136 ], [ -99.2501336, 19.2447993 ], [ -99.2501464, 19.2446885 ], [ -99.2502288, 19.244559 ], [ -99.250357799999989, 19.2445202 ], [ -99.2505912, 19.2442877 ], [ -99.250860300000014, 19.2439683 ], [ -99.251009599999989, 19.2437744 ], [ -99.251207799999989, 19.2433646 ], [ -99.251311199999989, 19.2431529 ], [ -99.2514509, 19.2429263 ], [ -99.251768500000011, 19.2424332 ], [ -99.2518013, 19.2420251 ], [ -99.2515989, 19.241672 ], [ -99.2513869, 19.2414702 ], [ -99.2511827, 19.2412673 ], [ -99.2510419, 19.2409139 ], [ -99.2509936, 19.2404559 ], [ -99.2514724, 19.2400721 ], [ -99.2517852, 19.2394979 ], [ -99.251879699999989, 19.2389744 ], [ -99.252018299999989, 19.238632 ], [ -99.2521886, 19.2383977 ], [ -99.2524096, 19.2381633 ], [ -99.2527122, 19.2378222 ], [ -99.252868800000016, 19.2375901 ], [ -99.2528028, 19.2371927 ], [ -99.2526619, 19.2366456 ], [ -99.2526757, 19.2360943 ], [ -99.2528267, 19.2357471 ], [ -99.2529091, 19.2354674 ], [ -99.2531294, 19.2351003 ], [ -99.2534325, 19.2348116 ], [ -99.2539844, 19.2344421 ], [ -99.2543778, 19.2340675 ], [ -99.2547461, 19.2339305 ], [ -99.2551365, 19.2337053 ], [ -99.2556491, 19.2332217 ], [ -99.2559696, 19.2327761 ], [ -99.2560971, 19.2325399 ], [ -99.2563571, 19.2325341 ], [ -99.2569526, 19.2325449 ], [ -99.257271, 19.2324706 ], [ -99.257452, 19.2320598 ], [ -99.2576386, 19.2317938 ], [ -99.2579069, 19.2315523 ], [ -99.2580901, 19.2312811 ], [ -99.2583904, 19.2309805 ], [ -99.258619599999989, 19.2307671 ], [ -99.2588968, 19.2305116 ], [ -99.2599726, 19.2298606 ], [ -99.2603023, 19.2297078 ], [ -99.260931, 19.229413 ], [ -99.2612746, 19.2293351 ], [ -99.2616179, 19.2292692 ], [ -99.2620249, 19.2291864 ], [ -99.2624494, 19.2291261 ], [ -99.2627218, 19.2289811 ], [ -99.2633314, 19.2286375 ], [ -99.2637725, 19.2284939 ], [ -99.264033500000011, 19.2282255 ], [ -99.265083499999989, 19.2274308 ], [ -99.2651371, 19.2272193 ], [ -99.2652584, 19.2271167 ], [ -99.265568699999989, 19.227097 ], [ -99.2657709, 19.2269942 ], [ -99.2660158, 19.2269523 ], [ -99.266231499999989, 19.2269163 ], [ -99.266503899999989, 19.2267941 ], [ -99.2668593, 19.22653 ], [ -99.267709599999989, 19.2259425 ], [ -99.2682377, 19.2255888 ], [ -99.2685928, 19.2251102 ], [ -99.2691486, 19.2247131 ], [ -99.2694869, 19.2244887 ], [ -99.2697952, 19.2244021 ], [ -99.2705329, 19.2242919 ], [ -99.2706782, 19.224203 ], [ -99.2707717, 19.2239565 ], [ -99.270923599999989, 19.2237033 ], [ -99.2711137, 19.2235487 ], [ -99.2713139, 19.2234334 ], [ -99.2714709, 19.2233645 ], [ -99.2717478, 19.223147 ], [ -99.2719588, 19.2229373 ], [ -99.2722536, 19.2226604 ], [ -99.2725542, 19.2221385 ], [ -99.2729893, 19.2218117 ], [ -99.2735517, 19.2215731 ], [ -99.2737841, 19.2213732 ], [ -99.2739516, 19.2212295 ], [ -99.2741566, 19.2210389 ], [ -99.2741733, 19.2207016 ], [ -99.2741029, 19.2204006 ], [ -99.2740391, 19.2201011 ], [ -99.274016, 19.2197067 ], [ -99.2739835, 19.2195279 ], [ -99.2740596, 19.2188505 ], [ -99.2741303, 19.2186338 ], [ -99.274137, 19.218458 ], [ -99.2741546, 19.2183095 ], [ -99.2742067, 19.2181524 ], [ -99.2743647, 19.2180855 ], [ -99.2744519, 19.2178872 ], [ -99.274616, 19.2175183 ], [ -99.2753043, 19.2170554 ], [ -99.2756565, 19.2167592 ], [ -99.2758777, 19.2165796 ], [ -99.2760351, 19.2164895 ], [ -99.2762417, 19.2164231 ], [ -99.2762789, 19.2163546 ], [ -99.2763392, 19.2160014 ], [ -99.2763589, 19.2157949 ], [ -99.276412, 19.215707 ], [ -99.2764704, 19.2156609 ], [ -99.2765551, 19.215634 ], [ -99.2766154, 19.2155669 ], [ -99.2766677, 19.2154864 ], [ -99.276716, 19.2154059 ], [ -99.2767773, 19.2153036 ], [ -99.2771888, 19.2148384 ], [ -99.2773406, 19.214716 ], [ -99.2774544, 19.2146795 ], [ -99.277506699999989, 19.2146844 ], [ -99.2775349, 19.2146787 ], [ -99.2775629, 19.2146503 ], [ -99.2776017, 19.2145903 ], [ -99.2776631, 19.2145511 ], [ -99.277748699999989, 19.2145143 ], [ -99.277940199999989, 19.2144927 ], [ -99.277982099999988, 19.2144777 ], [ -99.278016, 19.2144504 ], [ -99.2780525, 19.214423 ], [ -99.2782097, 19.2142787 ], [ -99.2786036, 19.2141865 ], [ -99.2788149, 19.2140755 ], [ -99.279372099999989, 19.2139888 ], [ -99.2795761, 19.2139209 ], [ -99.279866, 19.2138398 ], [ -99.2801556, 19.2137238 ], [ -99.2803208, 19.2136496 ], [ -99.280594799999989, 19.2136559 ], [ -99.2807601, 19.2136309 ], [ -99.2808949, 19.2136845 ], [ -99.2809728, 19.2137091 ], [ -99.2810461, 19.2137247 ], [ -99.2811426, 19.2136978 ], [ -99.2813401, 19.2136468 ], [ -99.2815856, 19.2135323 ], [ -99.2818898, 19.2133957 ], [ -99.2821403, 19.2132259 ], [ -99.2823936, 19.2130815 ], [ -99.2831002, 19.2130556 ], [ -99.2832974, 19.2131613 ], [ -99.283401, 19.2132105 ], [ -99.283536399999988, 19.2134237 ], [ -99.2837091, 19.2135395 ], [ -99.2839392, 19.2136045 ], [ -99.2841059, 19.2136515 ], [ -99.2844133, 19.2136362 ], [ -99.2845769, 19.2136808 ], [ -99.2846371, 19.2136897 ], [ -99.2847246, 19.213636 ], [ -99.284826, 19.2135626 ], [ -99.2849645, 19.2134855 ], [ -99.2850517, 19.2134522 ], [ -99.2851519, 19.2133796 ], [ -99.285260799999989, 19.2133111 ], [ -99.2853938, 19.213286 ], [ -99.2855725, 19.213265 ], [ -99.2860296, 19.2133104 ], [ -99.2862823, 19.2133353 ], [ -99.2865238, 19.2132785 ], [ -99.2868172, 19.2132023 ], [ -99.2871056, 19.2131626 ], [ -99.2875136, 19.2131496 ], [ -99.2878236, 19.2131223 ], [ -99.2880483, 19.213177 ], [ -99.2881961, 19.2133069 ], [ -99.288576400000011, 19.2136067 ], [ -99.2887348, 19.2137166 ], [ -99.288940599999989, 19.2137763 ], [ -99.289056699999989, 19.2138181 ], [ -99.289164899999989, 19.2138098 ], [ -99.2894295, 19.213731 ], [ -99.2898902, 19.213915 ], [ -99.2902577, 19.2140761 ], [ -99.290627199999989, 19.2142607 ], [ -99.2910616, 19.2144536 ], [ -99.2914379, 19.2145983 ], [ -99.2917679, 19.2142829 ], [ -99.2923936, 19.2138258 ], [ -99.2927543, 19.2137737 ], [ -99.2931514, 19.2139067 ], [ -99.2934017, 19.2141435 ], [ -99.293563, 19.2142619 ], [ -99.2936486, 19.2143211 ], [ -99.2937211, 19.2143959 ], [ -99.2937845, 19.2145204 ], [ -99.2938234, 19.2145668 ], [ -99.293946, 19.2146442 ], [ -99.2941219, 19.2147855 ], [ -99.2942017, 19.2148881 ], [ -99.2943081, 19.2150256 ], [ -99.294439, 19.2151223 ], [ -99.2946842, 19.2151806 ], [ -99.2948364, 19.2152457 ], [ -99.294945, 19.2153371 ], [ -99.2950558, 19.2154809 ], [ -99.2952709, 19.2159575 ], [ -99.295487799999989, 19.2162976 ], [ -99.29583430000001, 19.2167625 ], [ -99.2961284, 19.2171106 ], [ -99.296425899999988, 19.2175278 ], [ -99.2967058, 19.2177634 ], [ -99.2970231, 19.2178323 ], [ -99.2973585, 19.2179184 ], [ -99.2977992, 19.2181219 ], [ -99.2981444, 19.2180814 ], [ -99.2986199, 19.2179297 ], [ -99.2992248, 19.2177096 ], [ -99.2998086, 19.2177412 ], [ -99.3002669, 19.2177424 ], [ -99.3005438, 19.2179691 ], [ -99.3009745, 19.2181986 ], [ -99.3014279, 19.2182208 ], [ -99.3015027, 19.2182895 ], [ -99.3020011, 19.2186274 ], [ -99.302456100000015, 19.2189687 ], [ -99.3027309, 19.2192583 ], [ -99.3030934, 19.2195884 ], [ -99.303239, 19.2198214 ], [ -99.3034364, 19.2200911 ], [ -99.3036947, 19.2203332 ], [ -99.303972699999989, 19.220576 ], [ -99.304711700000013, 19.221333 ], [ -99.3054307, 19.2220132 ], [ -99.3057044, 19.2222362 ], [ -99.3060479, 19.2223641 ], [ -99.3064916, 19.2224097 ], [ -99.3070996, 19.2227628 ], [ -99.3077907, 19.2231953 ], [ -99.3080554, 19.2234324 ], [ -99.3084016, 19.2234985 ], [ -99.3086255, 19.2236097 ], [ -99.3089465, 19.2239295 ], [ -99.3091899, 19.2242931 ], [ -99.3094302, 19.2245537 ], [ -99.3096247, 19.2247488 ], [ -99.3099913, 19.224798 ], [ -99.3104966, 19.2252134 ], [ -99.3108336, 19.2251697 ], [ -99.3110261, 19.2253976 ], [ -99.3111633, 19.225519 ], [ -99.3112828, 19.2256333 ], [ -99.3114395, 19.2257368 ], [ -99.3117175, 19.2258712 ], [ -99.311991, 19.2259416 ], [ -99.3122761, 19.2260201 ], [ -99.3126555, 19.2259576 ], [ -99.3129737, 19.2258045 ], [ -99.3132509, 19.2259769 ], [ -99.3135533, 19.2262081 ], [ -99.3140111, 19.2264763 ], [ -99.3144523, 19.2266209 ], [ -99.3146653, 19.2267045 ], [ -99.3150566, 19.2268978 ], [ -99.3155555, 19.2273954 ], [ -99.3161217, 19.2225888 ], [ -99.3162497, 19.2215017 ], [ -99.3133657, 19.2189674 ], [ -99.3123003, 19.2180311 ], [ -99.3082997, 19.2145124 ], [ -99.3081331, 19.2143689 ], [ -99.3071355, 19.2137285 ], [ -99.306130599999989, 19.2061437 ], [ -99.3046865, 19.2026454 ], [ -99.3044448, 19.200522 ], [ -99.3039651, 19.1982636 ], [ -99.3039156, 19.1971792 ], [ -99.3032433, 19.1936558 ], [ -99.3027627, 19.1908551 ], [ -99.3013314, 19.1884174 ], [ -99.3001831, 19.1845785 ], [ -99.2955968, 19.1728828 ], [ -99.2931151, 19.1652991 ], [ -99.2876053, 19.1466006 ], [ -99.2853339, 19.1428029 ], [ -99.2825888, 19.1382128 ], [ -99.278695200000016, 19.1317017 ], [ -99.2566297, 19.1165578 ], [ -99.2267778, 19.09606 ], [ -99.2210843, 19.0956403 ], [ -99.1782307, 19.0924743 ], [ -99.136481500000016, 19.089378 ], [ -99.1468109, 19.1005831 ], [ -99.1547475, 19.1088366 ], [ -99.1632929, 19.1174906 ], [ -99.155009299999989, 19.1353097 ], [ -99.1540043, 19.1381216 ], [ -99.1524996, 19.1421181 ], [ -99.1519569, 19.1507674 ], [ -99.1518058, 19.1514108 ], [ -99.1497238, 19.1598441 ], [ -99.1496084, 19.1603129 ], [ -99.148704099999989, 19.160273 ], [ -99.1482001, 19.160235 ], [ -99.147578599999989, 19.1601406 ], [ -99.1472082, 19.1600415 ], [ -99.1468039, 19.1599447 ], [ -99.1465098, 19.1598116 ], [ -99.1460769, 19.1595521 ], [ -99.145457799999988, 19.1592137 ], [ -99.1449222, 19.1589283 ], [ -99.1448045, 19.158864 ], [ -99.144494099999989, 19.1586654 ], [ -99.14423, 19.158399 ], [ -99.1439608, 19.1581169 ], [ -99.1436771, 19.1578346 ], [ -99.1434458, 19.1575389 ], [ -99.1432382, 19.1571433 ], [ -99.1430562, 19.1568185 ], [ -99.1429383, 19.156514 ], [ -99.1427496, 19.1560803 ], [ -99.1425192, 19.1555576 ], [ -99.1422836, 19.1551364 ], [ -99.142034099999989, 19.1547433 ], [ -99.141822499999989, 19.1544801 ], [ -99.141524, 19.1540597 ], [ -99.1411329, 19.1535146 ], [ -99.1408491, 19.1529184 ], [ -99.1406956, 19.1524967 ], [ -99.1404043, 19.1522133 ], [ -99.1400202, 19.1519586 ], [ -99.139774300000013, 19.1518074 ], [ -99.1394262, 19.1516472 ], [ -99.1389487, 19.1514435 ], [ -99.1385323, 19.1513384 ], [ -99.1377733, 19.1509956 ], [ -99.1372114, 19.1507504 ], [ -99.132406, 19.1486113 ], [ -99.1312315, 19.1507504 ], [ -99.130244300000015, 19.1525442 ], [ -99.131050699999989, 19.1526687 ], [ -99.1314033, 19.1526535 ], [ -99.1316581, 19.1526345 ], [ -99.1321416, 19.1529214 ], [ -99.1325088, 19.1530264 ], [ -99.1325816, 19.1531211 ], [ -99.1326003, 19.1532197 ], [ -99.1326115, 19.1533816 ], [ -99.1324678, 19.1539897 ], [ -99.132555, 19.1542983 ], [ -99.1327953, 19.1548808 ], [ -99.1328366, 19.155825 ], [ -99.1327953, 19.1566237 ], [ -99.1328948, 19.1577275 ], [ -99.1328247, 19.1585837 ], [ -99.132725, 19.1593387 ], [ -99.1326949, 19.1601344 ], [ -99.1325233, 19.160848 ], [ -99.1323987, 19.1612838 ], [ -99.1322486, 19.1616091 ], [ -99.1319764, 19.1621266 ], [ -99.1318146, 19.1626089 ], [ -99.1316503, 19.1631855 ], [ -99.131068500000012, 19.1640555 ], [ -99.1306414, 19.1649004 ], [ -99.130471, 19.1654089 ], [ -99.1303148, 19.1659061 ], [ -99.1302175, 19.1665794 ], [ -99.1302023, 19.167264 ], [ -99.1301742, 19.1682205 ], [ -99.1303135, 19.1688591 ], [ -99.1305208, 19.1704021 ], [ -99.1305145, 19.1705728 ], [ -99.1304779, 19.1707215 ], [ -99.1305197, 19.1708377 ], [ -99.130533, 19.1710475 ], [ -99.1305432, 19.1713936 ], [ -99.1305089, 19.171644 ], [ -99.1304774, 19.1718007 ], [ -99.1304618, 19.1718553 ], [ -99.1304097, 19.1719098 ], [ -99.1303419, 19.1719594 ], [ -99.1302444, 19.1720081 ], [ -99.130071500000014, 19.1720835 ], [ -99.1299971, 19.1721375 ], [ -99.1299628, 19.1721959 ], [ -99.1299505, 19.172246 ], [ -99.1299494, 19.1723603 ], [ -99.1300339, 19.1724464 ], [ -99.130073, 19.172515 ], [ -99.1301967, 19.1726707 ], [ -99.1304689, 19.172971 ], [ -99.130795, 19.1734204 ], [ -99.1309119, 19.1736033 ], [ -99.1311063, 19.1738427 ], [ -99.1313828, 19.1740375 ], [ -99.1317516, 19.1745485 ], [ -99.1319502, 19.1748645 ], [ -99.132063699999989, 19.1751201 ], [ -99.1321327, 19.1755014 ], [ -99.1321612, 19.175837 ], [ -99.1322494, 19.176215 ], [ -99.1323109, 19.1763949 ], [ -99.1324143, 19.176537 ], [ -99.1325022, 19.1766693 ], [ -99.1325049, 19.1767723 ], [ -99.1324385, 19.1769736 ], [ -99.1323256, 19.1772171 ], [ -99.1322957, 19.1774677 ], [ -99.1322959, 19.1777039 ], [ -99.1323262, 19.1779616 ], [ -99.1324018, 19.1782121 ], [ -99.1323946, 19.1785322 ], [ -99.1322431, 19.1787563 ], [ -99.1321579, 19.1790071 ], [ -99.1320727, 19.1792725 ], [ -99.1319798, 19.1796191 ], [ -99.1318637, 19.1800542 ], [ -99.1316232, 19.1803936 ], [ -99.1314759, 19.1806296 ], [ -99.1312868, 19.1812533 ], [ -99.1310485, 19.1818074 ], [ -99.1308002, 19.1821026 ], [ -99.1304975, 19.1823092 ], [ -99.1303346, 19.1825527 ], [ -99.1302573, 19.1829508 ], [ -99.1302421, 19.1833564 ], [ -99.1301958, 19.183703 ], [ -99.1301012, 19.1839338 ], [ -99.1299713, 19.1841167 ], [ -99.1298676, 19.1841522 ], [ -99.1297722, 19.1841641 ], [ -99.129680900000011, 19.1842232 ], [ -99.129593899999989, 19.1843179 ], [ -99.1295151, 19.1844676 ], [ -99.1294295, 19.1845471 ], [ -99.1291157, 19.1846081 ], [ -99.1289705, 19.1846515 ], [ -99.1288627, 19.1847895 ], [ -99.128738399999989, 19.1850299 ], [ -99.1283737, 19.1856094 ], [ -99.12786, 19.1860453 ], [ -99.1274859, 19.1864073 ], [ -99.1273858, 19.1867143 ], [ -99.1272515, 19.1869998 ], [ -99.1270761, 19.1872662 ], [ -99.1271212, 19.1875644 ], [ -99.127268, 19.1878625 ], [ -99.1274124, 19.1881084 ], [ -99.1275697, 19.1882913 ], [ -99.12773510000001, 19.1884745 ], [ -99.128162, 19.1888109 ], [ -99.1287284, 19.1891453 ], [ -99.129347599999988, 19.1898112 ], [ -99.1299351, 19.1902975 ], [ -99.129996, 19.1904903 ], [ -99.130003, 19.1907334 ], [ -99.1301494, 19.1909022 ], [ -99.1304772, 19.1910831 ], [ -99.1306727, 19.1913149 ], [ -99.130658, 19.1916467 ], [ -99.1306583, 19.1920672 ], [ -99.1305983, 19.1922917 ], [ -99.130654299999989, 19.1924508 ], [ -99.1306415, 19.1926956 ], [ -99.130775, 19.1929403 ], [ -99.1306161, 19.1931649 ], [ -99.130577699999989, 19.1933852 ], [ -99.130472, 19.1936627 ], [ -99.1304683, 19.1937602 ], [ -99.1304911, 19.1940125 ], [ -99.1302794, 19.1943341 ], [ -99.1302362, 19.1943662 ], [ -99.1301038, 19.194468 ], [ -99.1300783, 19.1945137 ], [ -99.130092800000014, 19.1945672 ], [ -99.1301234, 19.1946802 ], [ -99.1300216, 19.1949107 ], [ -99.1299436, 19.1953571 ], [ -99.1300473, 19.1954591 ], [ -99.1301242, 19.1955867 ], [ -99.1302204, 19.1958436 ], [ -99.1303607, 19.1960158 ], [ -99.1303611, 19.1960163 ], [ -99.1304262, 19.1960961 ], [ -99.1304507, 19.1962055 ], [ -99.1303938, 19.1963818 ], [ -99.130223199999989, 19.1966114 ], [ -99.1300206, 19.1967451 ], [ -99.1296131, 19.1971206 ], [ -99.1295059, 19.197271 ], [ -99.129473, 19.1973779 ], [ -99.129481399999989, 19.1974542 ], [ -99.1295077, 19.1975134 ], [ -99.1295411, 19.1976553 ], [ -99.1294378, 19.1977708 ], [ -99.1293089, 19.1979376 ], [ -99.1292742, 19.1980045 ], [ -99.1292737, 19.1980368 ], [ -99.1292696, 19.1981269 ], [ -99.1292929, 19.1981643 ], [ -99.1293751, 19.1981908 ], [ -99.1294571, 19.1982366 ], [ -99.1294803, 19.1982623 ], [ -99.1294996, 19.1982925 ], [ -99.1295125, 19.1983255 ], [ -99.1295154, 19.1983693 ], [ -99.1295098, 19.1984077 ], [ -99.129498399999989, 19.1984559 ], [ -99.1294781, 19.1985205 ], [ -99.1294488, 19.1985997 ], [ -99.1293779, 19.1987421 ], [ -99.1292771, 19.198901 ], [ -99.1291996, 19.199046 ], [ -99.1291399, 19.199191 ], [ -99.1291128, 19.1993235 ], [ -99.129092899999989, 19.1994412 ], [ -99.1290846, 19.1995849 ], [ -99.1290895, 19.1996715 ], [ -99.1291173, 19.1997153 ], [ -99.1291527, 19.1997436 ], [ -99.1292875, 19.1998048 ], [ -99.1293207, 19.1998363 ], [ -99.1293401, 19.1998821 ], [ -99.1293346, 19.2000378 ], [ -99.1293425, 19.200099 ], [ -99.1293602, 19.2001584 ], [ -99.1294035, 19.2002253 ], [ -99.1294694, 19.2003228 ], [ -99.12954, 19.2003821 ], [ -99.1295403, 19.2006821 ], [ -99.1295401, 19.2007473 ], [ -99.129539, 19.2010721 ], [ -99.1294807, 19.2016616 ], [ -99.1294653, 19.2018162 ], [ -99.1294298, 19.2020691 ], [ -99.1293962, 19.202465 ], [ -99.1293922, 19.2025159 ], [ -99.1293147, 19.2029936 ], [ -99.1293131, 19.2030031 ], [ -99.1296374, 19.2030132 ], [ -99.1297473, 19.2030167 ], [ -99.1299175, 19.2030456 ], [ -99.1300616, 19.2030942 ], [ -99.1301726, 19.2031317 ], [ -99.1303024, 19.2031756 ], [ -99.1302285, 19.2034323 ], [ -99.1301994, 19.2035169 ], [ -99.1300887, 19.203753 ], [ -99.1300797, 19.2038002 ], [ -99.1300833, 19.2038463 ], [ -99.1301143, 19.2038826 ], [ -99.130438399999989, 19.2039703 ], [ -99.1305075, 19.2039928 ], [ -99.130553, 19.2040071 ], [ -99.1307657, 19.2040777 ], [ -99.1308327, 19.2041239 ], [ -99.1308419, 19.204132 ], [ -99.1309242, 19.2042046 ], [ -99.1312069, 19.2045655 ], [ -99.131213, 19.204777 ], [ -99.131213699999989, 19.2048001 ], [ -99.1313008, 19.2050414 ], [ -99.131366, 19.2052221 ], [ -99.1314408, 19.2053515 ], [ -99.1314851, 19.2054282 ], [ -99.131566, 19.2055292 ], [ -99.131642899999989, 19.2056094 ], [ -99.13198, 19.2059145 ], [ -99.1321432, 19.2060959 ], [ -99.1321498, 19.2061032 ], [ -99.1322717, 19.2062387 ], [ -99.132431200000013, 19.2064791 ], [ -99.1324344, 19.2064904 ], [ -99.132499599999989, 19.2067235 ], [ -99.1325224, 19.2070092 ], [ -99.1324977, 19.2071552 ], [ -99.1324287, 19.2073418 ], [ -99.1323393, 19.2075834 ], [ -99.1323391, 19.207584 ], [ -99.132323, 19.2076275 ], [ -99.1323212, 19.2076741 ], [ -99.132320299999989, 19.2077001 ], [ -99.1323964, 19.2079297 ], [ -99.1324198, 19.2080002 ], [ -99.1324855, 19.2080779 ], [ -99.1325251, 19.2081249 ], [ -99.1326319, 19.2081932 ], [ -99.1327042, 19.2082394 ], [ -99.1327101, 19.2082479 ], [ -99.1327701, 19.2083348 ], [ -99.1327967, 19.208984 ], [ -99.1327687, 19.2092346 ], [ -99.1327679, 19.2092414 ], [ -99.1327663, 19.2092557 ], [ -99.132773, 19.2094391 ], [ -99.132865, 19.2096411 ], [ -99.1329157, 19.2097524 ], [ -99.1329187, 19.2098566 ], [ -99.1328705, 19.2099225 ], [ -99.1328215, 19.2099793 ], [ -99.1328746, 19.2100258 ], [ -99.1329735, 19.2100767 ], [ -99.133014300000013, 19.210095 ], [ -99.1330397, 19.210122 ], [ -99.1332961, 19.2103944 ], [ -99.1333131, 19.2104125 ], [ -99.1335901, 19.2107069 ], [ -99.1336037, 19.2107212 ], [ -99.1338772, 19.2110119 ], [ -99.133898699999989, 19.2110347 ], [ -99.1344458, 19.2116161 ], [ -99.1383159, 19.2157282 ], [ -99.1495437, 19.2192241 ], [ -99.1495936, 19.2192387 ], [ -99.1496062, 19.2192423 ], [ -99.1543949, 19.2206393 ], [ -99.1535194, 19.2218063 ], [ -99.1534815, 19.2215816 ], [ -99.1534243, 19.2214099 ], [ -99.1532845, 19.221184 ], [ -99.1532171, 19.2209852 ], [ -99.1530577, 19.2207412 ], [ -99.1529344, 19.2205809 ], [ -99.1528416, 19.2205033 ], [ -99.1527671, 19.2204621 ], [ -99.1526171, 19.2204681 ], [ -99.1524805, 19.2205338 ], [ -99.1523379, 19.2207148 ], [ -99.1522903, 19.2208775 ], [ -99.1520638, 19.2212959 ], [ -99.1520098, 19.2217411 ], [ -99.1520366, 19.2218821 ], [ -99.1520229, 19.2220395 ], [ -99.1519093, 19.2224125 ], [ -99.1518422, 19.2227312 ], [ -99.1517749, 19.2228737 ], [ -99.1516904, 19.2231103 ], [ -99.1516718, 19.2231864 ], [ -99.1516519, 19.2232613 ], [ -99.1516199, 19.2233526 ], [ -99.1515799, 19.2234173 ], [ -99.1515438, 19.2234389 ], [ -99.1515118, 19.2234402 ], [ -99.1514783, 19.2234225 ], [ -99.151447499999989, 19.2233528 ], [ -99.1514261, 19.2232817 ], [ -99.1514083, 19.2232304 ], [ -99.1513959, 19.2232225 ], [ -99.1513147, 19.2232079 ], [ -99.1512208, 19.2232445 ], [ -99.151150199999989, 19.223408 ], [ -99.1511647, 19.2234866 ], [ -99.1511846, 19.2235618 ], [ -99.1512007, 19.2236359 ], [ -99.1512039, 19.2236619 ], [ -99.1512045, 19.2236907 ], [ -99.1512022, 19.223717 ], [ -99.1511966, 19.2237462 ], [ -99.1511869, 19.2237771 ], [ -99.1511714, 19.2238108 ], [ -99.1511532, 19.2238542 ], [ -99.1511334, 19.2239004 ], [ -99.1511139, 19.2239416 ], [ -99.1511011, 19.2239713 ], [ -99.1510902, 19.2240029 ], [ -99.1510808, 19.2240414 ], [ -99.1510752, 19.2240791 ], [ -99.1510732, 19.2241136 ], [ -99.1510744, 19.2241511 ], [ -99.1510786, 19.2241861 ], [ -99.15108450000001, 19.2242085 ], [ -99.1510922, 19.2242331 ], [ -99.1511031, 19.224262 ], [ -99.1511152, 19.2242895 ], [ -99.151128300000011, 19.2243151 ], [ -99.151143499999989, 19.2243412 ], [ -99.1511642, 19.2243719 ], [ -99.1511905, 19.2244055 ], [ -99.1512329, 19.2244501 ], [ -99.1512737, 19.2244849 ], [ -99.1513203, 19.2245174 ], [ -99.1513706, 19.2245477 ], [ -99.1514087, 19.2245651 ], [ -99.151451400000013, 19.2245838 ], [ -99.1514955, 19.2245968 ], [ -99.1515519, 19.2246068 ], [ -99.1516022, 19.2246097 ], [ -99.151666400000011, 19.2246146 ], [ -99.1517456, 19.2246207 ], [ -99.1518625, 19.2246293 ], [ -99.1519647, 19.2246481 ], [ -99.1521204, 19.2246622 ], [ -99.1522116, 19.2246716 ], [ -99.1522764, 19.2246732 ], [ -99.1523663, 19.2246846 ], [ -99.1524564, 19.2247102 ], [ -99.1525403, 19.2247408 ], [ -99.1526375, 19.224784 ], [ -99.152691, 19.224816 ], [ -99.1527373, 19.2248377 ], [ -99.152785, 19.2248735 ], [ -99.1528406, 19.2249336 ], [ -99.1529001, 19.2250033 ], [ -99.1529736, 19.2250992 ], [ -99.1530391, 19.2252065 ], [ -99.1531234, 19.2253424 ], [ -99.1532121, 19.2256029 ], [ -99.153317, 19.2258625 ], [ -99.1533785, 19.2259818 ], [ -99.1532616, 19.2261598 ], [ -99.1531807, 19.2263194 ], [ -99.153072, 19.2265108 ], [ -99.1529843, 19.2266499 ], [ -99.1529353, 19.2269022 ], [ -99.152865, 19.2271387 ], [ -99.1528321, 19.2273646 ], [ -99.152769100000015, 19.2276477 ], [ -99.1527151, 19.2278804 ], [ -99.1527, 19.2279451 ], [ -99.1526489, 19.228158 ], [ -99.1525799, 19.228371 ], [ -99.1525618, 19.2284268 ], [ -99.1525133, 19.2285826 ], [ -99.1525076, 19.2286075 ], [ -99.1524563, 19.2288285 ], [ -99.1524173, 19.2289744 ], [ -99.1523894, 19.2291347 ], [ -99.152375299999989, 19.2292767 ], [ -99.1523332, 19.2293682 ], [ -99.1522308, 19.2294798 ], [ -99.1521285, 19.2296228 ], [ -99.1520201, 19.2298031 ], [ -99.1519145, 19.2299739 ], [ -99.1518639, 19.2300621 ], [ -99.1518603, 19.2300683 ], [ -99.1518213, 19.2302113 ], [ -99.1517937, 19.2304811 ], [ -99.1517809, 19.2306649 ], [ -99.151777599999988, 19.2306765 ], [ -99.1517551, 19.2307566 ], [ -99.1517401, 19.2308098 ], [ -99.1516249, 19.2310765 ], [ -99.1516123, 19.2310919 ], [ -99.151554, 19.231163 ], [ -99.1515264, 19.2311967 ], [ -99.151366, 19.2313539 ], [ -99.1512725, 19.2314502 ], [ -99.1512327, 19.2314913 ], [ -99.1511704, 19.2315794 ], [ -99.1511022, 19.2317634 ], [ -99.1510991, 19.231772 ], [ -99.1509761, 19.2319083 ], [ -99.1509326, 19.2319418 ], [ -99.1509014, 19.231984 ], [ -99.150865900000014, 19.2320835 ], [ -99.1508519, 19.2322348 ], [ -99.1508167, 19.2323101 ], [ -99.1507858, 19.2323376 ], [ -99.1507533, 19.2323666 ], [ -99.1507441, 19.2323748 ], [ -99.1507438, 19.232375 ], [ -99.150713, 19.2324025 ], [ -99.1507015, 19.2324127 ], [ -99.1506148, 19.2325438 ], [ -99.1506128, 19.2325469 ], [ -99.1506036, 19.2325607 ], [ -99.1506033, 19.2325618 ], [ -99.1505753, 19.2326547 ], [ -99.150586, 19.2329186 ], [ -99.1506016, 19.2330832 ], [ -99.1505796, 19.2331676 ], [ -99.150520300000011, 19.2332111 ], [ -99.1504768, 19.2334138 ], [ -99.1504911, 19.2335309 ], [ -99.1505252, 19.2336721 ], [ -99.1505607, 19.233755 ], [ -99.1506572, 19.2339779 ], [ -99.1507041, 19.2340654 ], [ -99.1507371, 19.234206 ], [ -99.1507476, 19.2342715 ], [ -99.1507478, 19.2342724 ], [ -99.1507478, 19.2342727 ], [ -99.1507644, 19.2343757 ], [ -99.1507556, 19.2344491 ], [ -99.1507446, 19.2345402 ], [ -99.1507347, 19.2345641 ], [ -99.1507001, 19.2346478 ], [ -99.150692299999989, 19.2346668 ], [ -99.150683199999989, 19.2346889 ], [ -99.1506831, 19.2346889 ], [ -99.1506788, 19.2346892 ], [ -99.1505915, 19.2346971 ], [ -99.1505068, 19.2346749 ], [ -99.1504921, 19.2346711 ], [ -99.1504894, 19.2346609 ], [ -99.1504847, 19.2346437 ], [ -99.1504805, 19.2346284 ], [ -99.150479499999989, 19.2345934 ], [ -99.1504779, 19.2345383 ], [ -99.1504643, 19.2344137 ], [ -99.1504423, 19.2342944 ], [ -99.150386900000015, 19.2342335 ], [ -99.1503092, 19.234194 ], [ -99.150250899999989, 19.2341782 ], [ -99.1501343, 19.2341706 ], [ -99.150025899999989, 19.2341815 ], [ -99.149781499999989, 19.234161 ], [ -99.1496621, 19.2341321 ], [ -99.1496134, 19.2340954 ], [ -99.1495955, 19.2340819 ], [ -99.1495456, 19.2340343 ], [ -99.1494959, 19.2340328 ], [ -99.1494651, 19.2340319 ], [ -99.1493871, 19.2340878 ], [ -99.149310899999989, 19.2341757 ], [ -99.149306700000011, 19.2342685 ], [ -99.149344899999988, 19.2343451 ], [ -99.1494365, 19.2344191 ], [ -99.1495363, 19.2344877 ], [ -99.1495723, 19.2345539 ], [ -99.1495694, 19.2346255 ], [ -99.1495416, 19.2346811 ], [ -99.1494943, 19.2347449 ], [ -99.149413600000017, 19.2348007 ], [ -99.1492826, 19.2348442 ], [ -99.1492021, 19.2348878 ], [ -99.1491667, 19.2349576 ], [ -99.1490965, 19.2350342 ], [ -99.1490105, 19.2351174 ], [ -99.1489411, 19.2351927 ], [ -99.1488919, 19.2353639 ], [ -99.1488382, 19.2355229 ], [ -99.1487894, 19.2355823 ], [ -99.1487071, 19.235665 ], [ -99.148613900000015, 19.2356694 ], [ -99.14853, 19.2356796 ], [ -99.148437, 19.2357202 ], [ -99.1483899, 19.2357753 ], [ -99.1483699, 19.2358333 ], [ -99.148371, 19.2360017 ], [ -99.148298, 19.2361684 ], [ -99.1482773, 19.2362138 ], [ -99.1482702, 19.2362294 ], [ -99.1482636, 19.2362438 ], [ -99.1482341, 19.2363085 ], [ -99.1482002, 19.2362929 ], [ -99.1481716, 19.2362798 ], [ -99.1481377, 19.2362642 ], [ -99.1481161, 19.2362557 ], [ -99.148099699999989, 19.2362493 ], [ -99.1480634, 19.2362254 ], [ -99.1480161, 19.2361948 ], [ -99.1479886, 19.2361679 ], [ -99.1479737, 19.2361499 ], [ -99.1479656, 19.2361248 ], [ -99.147963, 19.2361169 ], [ -99.1479557, 19.2360675 ], [ -99.1479671, 19.2360561 ], [ -99.1480099, 19.2360131 ], [ -99.148015199999989, 19.2360003 ], [ -99.1480571, 19.235898 ], [ -99.148069, 19.2358625 ], [ -99.1481152, 19.2357253 ], [ -99.1481292, 19.2356998 ], [ -99.1481657, 19.2356335 ], [ -99.1482645, 19.2355278 ], [ -99.1483426, 19.2354353 ], [ -99.1483881, 19.2353379 ], [ -99.148419800000013, 19.2351312 ], [ -99.1484134, 19.235075 ], [ -99.1484025, 19.2349776 ], [ -99.148342899999989, 19.234897 ], [ -99.1482887, 19.2348623 ], [ -99.148181799999989, 19.2347939 ], [ -99.1481011, 19.2347231 ], [ -99.1479656, 19.2346378 ], [ -99.1478767, 19.2345572 ], [ -99.1477423, 19.2345421 ], [ -99.1475931, 19.2344722 ], [ -99.1475785, 19.2344653 ], [ -99.1475717, 19.2344635 ], [ -99.1475541, 19.2344587 ], [ -99.147536, 19.2344538 ], [ -99.147511200000011, 19.234447 ], [ -99.1474149, 19.2344209 ], [ -99.1468941, 19.2343762 ], [ -99.1468864, 19.2343756 ], [ -99.1468769, 19.2343724 ], [ -99.1468221, 19.2343544 ], [ -99.1467209, 19.2343212 ], [ -99.1466013, 19.2342554 ], [ -99.1465872, 19.2342476 ], [ -99.1464449, 19.2342106 ], [ -99.1463853, 19.2342057 ], [ -99.1463309, 19.2342013 ], [ -99.146211, 19.2342254 ], [ -99.1460904, 19.2342136 ], [ -99.1460006, 19.2342176 ], [ -99.1459225, 19.2342822 ], [ -99.1458751, 19.2343174 ], [ -99.1457809, 19.2343225 ], [ -99.1456367, 19.2343224 ], [ -99.1455578, 19.2343707 ], [ -99.1454982, 19.23442 ], [ -99.1453982, 19.2344562 ], [ -99.1453321, 19.2344383 ], [ -99.1452205, 19.23437 ], [ -99.145062, 19.2343378 ], [ -99.1449198, 19.2343407 ], [ -99.1448443, 19.2343844 ], [ -99.1448043, 19.2344519 ], [ -99.1447822, 19.23448 ], [ -99.1446907, 19.2345031 ], [ -99.1444525, 19.2345249 ], [ -99.1448379, 19.2351964 ], [ -99.1450393, 19.2355463 ], [ -99.1459381, 19.2372392 ], [ -99.1461554, 19.2376486 ], [ -99.1461687, 19.2376742 ], [ -99.1463348, 19.237993 ], [ -99.1470159, 19.2392994 ], [ -99.1471662, 19.2395961 ], [ -99.1473416, 19.2399528 ], [ -99.1475198, 19.2402592 ], [ -99.1473602, 19.2403654 ], [ -99.1471367, 19.2404205 ], [ -99.1470176, 19.2404293 ], [ -99.1468965, 19.2404099 ], [ -99.1466832, 19.2403368 ], [ -99.1465833, 19.2402556 ], [ -99.1464952, 19.2401488 ], [ -99.1464239, 19.2400625 ], [ -99.1463883, 19.2400065 ], [ -99.146308, 19.2398801 ], [ -99.1462164, 19.2394625 ], [ -99.1461203, 19.239329 ], [ -99.1460608, 19.2393284 ], [ -99.1456048, 19.2393251 ], [ -99.1453447, 19.2393856 ], [ -99.145145, 19.2394723 ], [ -99.1443982, 19.239625 ], [ -99.1441772, 19.2396701 ], [ -99.1440115, 19.2396845 ], [ -99.1439482, 19.2401601 ], [ -99.1439471, 19.2401686 ], [ -99.1439443, 19.2401898 ], [ -99.143946899999989, 19.2402429 ], [ -99.1439628, 19.2405634 ], [ -99.1439696, 19.2407009 ], [ -99.143974899999989, 19.2408088 ], [ -99.1439774, 19.2408734 ], [ -99.1440031, 19.2414018 ], [ -99.144006, 19.2414632 ], [ -99.1440317, 19.2417021 ], [ -99.1440574, 19.2420383 ], [ -99.1440691, 19.2422087 ], [ -99.1440761, 19.2423117 ], [ -99.144080699999989, 19.2423797 ], [ -99.1440901, 19.242491 ], [ -99.1440928, 19.2425223 ], [ -99.1440957, 19.2425572 ], [ -99.1441169, 19.2426087 ], [ -99.1441182, 19.2426189 ], [ -99.1441291, 19.2427023 ], [ -99.1441526, 19.2428842 ], [ -99.1441673, 19.2429985 ], [ -99.1441916, 19.2431862 ], [ -99.1442055, 19.2432931 ], [ -99.1442398, 19.2435587 ], [ -99.1442514, 19.2436607 ], [ -99.1442529, 19.2440007 ], [ -99.144251, 19.2441783 ], [ -99.144250899999989, 19.2441861 ], [ -99.1442468, 19.2442136 ], [ -99.1441918, 19.2445798 ], [ -99.1442554, 19.2447403 ], [ -99.1436658, 19.2446186 ], [ -99.1433154, 19.2444812 ], [ -99.1423315, 19.244159 ], [ -99.1422362, 19.2438693 ], [ -99.142203, 19.2438342 ], [ -99.1420596, 19.2436821 ], [ -99.142005400000016, 19.2436443 ], [ -99.1417147, 19.2435945 ], [ -99.1416561, 19.2435812 ], [ -99.1417067, 19.243654 ], [ -99.1417088, 19.2436798 ], [ -99.1416531, 19.2437478 ], [ -99.1416215, 19.2437547 ], [ -99.1411435, 19.2436036 ], [ -99.1410957, 19.2435924 ], [ -99.141047, 19.2435878 ], [ -99.1403841, 19.2435947 ], [ -99.1403315, 19.2436279 ], [ -99.140286, 19.243674 ], [ -99.1402251, 19.2438033 ], [ -99.1401903, 19.2438513 ], [ -99.1400039, 19.2441928 ], [ -99.1395894, 19.2448719 ], [ -99.1389215, 19.2459663 ], [ -99.1390414, 19.2460428 ], [ -99.1392759, 19.2462379 ], [ -99.1393959, 19.2463613 ], [ -99.1396103, 19.2467229 ], [ -99.1397381, 19.2469477 ], [ -99.139816900000014, 19.2470901 ], [ -99.139989, 19.2473494 ], [ -99.140228799999988, 19.2475814 ], [ -99.1403026, 19.2478105 ], [ -99.1403638, 19.2479813 ], [ -99.1405175, 19.2480554 ], [ -99.1406217, 19.2481121 ], [ -99.140812, 19.2482701 ], [ -99.1409586, 19.2483455 ], [ -99.1411072, 19.2484466 ], [ -99.141378100000011, 19.2485848 ], [ -99.1415632, 19.2486909 ], [ -99.1416675, 19.2488588 ], [ -99.1417256, 19.2489952 ], [ -99.1416919, 19.2490836 ], [ -99.1416793, 19.2491661 ], [ -99.1417113, 19.2493643 ], [ -99.1417158, 19.2494343 ], [ -99.1417232, 19.2495182 ], [ -99.1417085, 19.2495518 ], [ -99.1417026, 19.2495909 ], [ -99.1416986, 19.2496904 ], [ -99.1416911, 19.2497511 ], [ -99.1416315, 19.2498586 ], [ -99.1415997, 19.2499369 ], [ -99.1415646, 19.2500001 ], [ -99.141484, 19.2501314 ], [ -99.1414292, 19.2502635 ], [ -99.1413533, 19.2503941 ], [ -99.1413089, 19.2504785 ], [ -99.1412745, 19.2505549 ], [ -99.141263099999989, 19.2506128 ], [ -99.1412546, 19.2506477 ], [ -99.1411117, 19.2507563 ], [ -99.141074, 19.2508283 ], [ -99.1410339, 19.2508695 ], [ -99.1409865, 19.2509112 ], [ -99.1409516, 19.2509474 ], [ -99.1409183, 19.2509553 ], [ -99.1408559, 19.2509623 ], [ -99.140799, 19.2509771 ], [ -99.140772500000011, 19.2510443 ], [ -99.1407176, 19.2511418 ], [ -99.1406898, 19.2512213 ], [ -99.1406584, 19.2512259 ], [ -99.1405521, 19.2512547 ], [ -99.140484, 19.2512851 ], [ -99.1405017, 19.2513554 ], [ -99.1405207, 19.2513775 ], [ -99.140514599999989, 19.2514026 ], [ -99.1404847, 19.2514525 ], [ -99.1404582, 19.2515407 ], [ -99.1404217, 19.2516265 ], [ -99.1403351, 19.2517883 ], [ -99.1402122, 19.2518418 ], [ -99.1401562, 19.251901 ], [ -99.1401562, 19.2519454 ], [ -99.1401597, 19.2519981 ], [ -99.140157699999989, 19.2520177 ], [ -99.1401406, 19.2520921 ], [ -99.1401302, 19.252158 ], [ -99.140133, 19.2522074 ], [ -99.1401425, 19.2522549 ], [ -99.1401717, 19.2523515 ], [ -99.1401766, 19.2524116 ], [ -99.1401964, 19.2524677 ], [ -99.1402008, 19.2525218 ], [ -99.1401897, 19.2525935 ], [ -99.1401447, 19.2527524 ], [ -99.1401019, 19.2528187 ], [ -99.1400842, 19.2528625 ], [ -99.140029, 19.2529413 ], [ -99.1399545, 19.253007 ], [ -99.1399441, 19.2530929 ], [ -99.1398779, 19.2532458 ], [ -99.139839099999989, 19.2533032 ], [ -99.1397982, 19.2533243 ], [ -99.1397587, 19.2533244 ], [ -99.1396924, 19.2533594 ], [ -99.1396925, 19.2534343 ], [ -99.139671, 19.2535664 ], [ -99.1396336, 19.2536731 ], [ -99.139611699999989, 19.2537867 ], [ -99.1395775, 19.2539101 ], [ -99.1395383, 19.254092 ], [ -99.1394939, 19.2542327 ], [ -99.1394788, 19.2543422 ], [ -99.1394034, 19.2546043 ], [ -99.1393947, 19.2546933 ], [ -99.139457, 19.254934 ], [ -99.1395869, 19.2554592 ], [ -99.1397331, 19.2557236 ], [ -99.1398183, 19.2558924 ], [ -99.139951599999989, 19.256129 ], [ -99.140009, 19.256232 ], [ -99.1400445, 19.2562806 ], [ -99.1401208, 19.2563413 ], [ -99.1402217, 19.2563787 ], [ -99.140390599999989, 19.2564431 ], [ -99.140485, 19.2564929 ], [ -99.1405364, 19.2565257 ], [ -99.1405885, 19.2565767 ], [ -99.140747, 19.2568631 ], [ -99.140781499999989, 19.256943 ], [ -99.1408008, 19.2569997 ], [ -99.1407933, 19.2570715 ], [ -99.1406377, 19.2571982 ], [ -99.1404538, 19.2573096 ], [ -99.1403173, 19.2574015 ], [ -99.1402503, 19.2574756 ], [ -99.1402066, 19.2575641 ], [ -99.1401864, 19.257637 ], [ -99.1401743, 19.2577023 ], [ -99.1401604, 19.2577739 ], [ -99.1401631, 19.2578228 ], [ -99.1401729, 19.2578624 ], [ -99.1402077, 19.2579223 ], [ -99.1402562, 19.258014 ], [ -99.1403327, 19.2581341 ], [ -99.1404542, 19.2582885 ], [ -99.1405733, 19.2583932 ], [ -99.1407543, 19.2585426 ], [ -99.140856, 19.2586775 ], [ -99.1409443, 19.258772 ], [ -99.14106, 19.2588338 ], [ -99.1411882, 19.2589005 ], [ -99.1413281, 19.2589628 ], [ -99.1414191, 19.259015 ], [ -99.1415043, 19.2590804 ], [ -99.1416368, 19.2591788 ], [ -99.141721, 19.2592238 ], [ -99.1417889, 19.2592955 ], [ -99.1419147, 19.2595625 ], [ -99.1420223, 19.2597847 ], [ -99.1420953, 19.2598548 ], [ -99.1422104, 19.2599065 ], [ -99.1422589, 19.2599921 ], [ -99.1423667, 19.2602345 ], [ -99.1423839, 19.2603476 ], [ -99.1423988, 19.2604694 ], [ -99.142396800000014, 19.2606185 ], [ -99.1424343, 19.2609563 ], [ -99.1424131, 19.2610551 ], [ -99.1423503, 19.2612002 ], [ -99.1423019, 19.2613172 ], [ -99.1422664, 19.2614001 ], [ -99.142219, 19.2615096 ], [ -99.142146, 19.2616795 ], [ -99.1421269, 19.261724 ], [ -99.1421149, 19.2617764 ], [ -99.1421102, 19.261847 ], [ -99.1422539, 19.262547 ], [ -99.1422857, 19.2630267 ], [ -99.1423166, 19.26323 ], [ -99.142357499999989, 19.2632926 ], [ -99.1423945, 19.2633527 ], [ -99.1424237, 19.2634365 ], [ -99.14243, 19.2635968 ], [ -99.1424361, 19.263765 ], [ -99.142421, 19.2639554 ], [ -99.1423741, 19.2641603 ], [ -99.1424026, 19.2642351 ], [ -99.1424682, 19.2643267 ], [ -99.1424989, 19.264377 ], [ -99.142455, 19.2648912 ], [ -99.142431699999989, 19.2651645 ], [ -99.1424031, 19.2666249 ], [ -99.1424875, 19.2666926 ], [ -99.143331, 19.266522 ], [ -99.143223400000011, 19.2672322 ], [ -99.1434405, 19.2672532 ], [ -99.1436287, 19.2672718 ], [ -99.1438547, 19.2673065 ], [ -99.144126899999989, 19.2673439 ], [ -99.1449214, 19.2674468 ], [ -99.1449097, 19.2675595 ], [ -99.1448102, 19.2678706 ], [ -99.1447306, 19.2681299 ], [ -99.14468, 19.2682316 ], [ -99.1445518, 19.2684655 ], [ -99.1443589, 19.2688443 ], [ -99.1439462, 19.2695405 ], [ -99.1437634, 19.2695106 ], [ -99.1435918, 19.2695107 ], [ -99.143367700000013, 19.2694705 ], [ -99.1431649, 19.2697997 ], [ -99.1430706, 19.2701042 ], [ -99.1429998, 19.2702453 ], [ -99.1428958, 19.2703724 ], [ -99.1427961, 19.2705037 ], [ -99.1426099, 19.2706242 ], [ -99.1425179, 19.2706776 ], [ -99.1423877, 19.2706937 ], [ -99.1422108, 19.2706703 ], [ -99.1421393, 19.270693 ], [ -99.1420478, 19.2708569 ], [ -99.1418686, 19.2714557 ], [ -99.1417599, 19.2718928 ], [ -99.1416315, 19.2722941 ], [ -99.1414157, 19.2727777 ], [ -99.1411881, 19.2735345 ], [ -99.1411387, 19.2737301 ], [ -99.1420879, 19.2739446 ], [ -99.1420017, 19.2746757 ], [ -99.1419767, 19.2747976 ], [ -99.1419138, 19.2751194 ], [ -99.1417725, 19.2756869 ], [ -99.1417304, 19.276617 ], [ -99.1416437, 19.2770973 ], [ -99.1415579, 19.277544 ], [ -99.1415383, 19.2779583 ], [ -99.1415018, 19.2783882 ], [ -99.1414324, 19.2788581 ], [ -99.1414519, 19.2790671 ], [ -99.141460099999989, 19.2791551 ], [ -99.141347599999989, 19.2800695 ], [ -99.1411948, 19.281074 ], [ -99.1411957, 19.2811904 ], [ -99.1410799, 19.2822927 ], [ -99.141056, 19.2825286 ], [ -99.1408986, 19.2824989 ], [ -99.1402329, 19.2823852 ], [ -99.1396912, 19.2823162 ], [ -99.1392674, 19.2822654 ], [ -99.1389042, 19.2822432 ], [ -99.1385532, 19.2822284 ], [ -99.1378854, 19.2822065 ], [ -99.1374589, 19.2822106 ], [ -99.136992299999989, 19.2822349 ], [ -99.1364724, 19.2822763 ], [ -99.1359288, 19.2823353 ], [ -99.135107, 19.2824614 ], [ -99.1340134, 19.2827009 ], [ -99.1324843, 19.2831311 ], [ -99.1319944, 19.2832668 ], [ -99.1319415, 19.2832815 ], [ -99.1314163, 19.283427 ], [ -99.130832, 19.2835911 ], [ -99.130372900000012, 19.28372 ], [ -99.1295219, 19.2839589 ], [ -99.1291343, 19.2840677 ], [ -99.1282898, 19.2843058 ], [ -99.1275846, 19.2845015 ], [ -99.125737500000014, 19.2850186 ], [ -99.125442299999989, 19.2851032 ], [ -99.1252005, 19.2851676 ], [ -99.124999, 19.2852208 ], [ -99.1249252, 19.2852412 ], [ -99.1243376, 19.285431 ], [ -99.1239102, 19.2855691 ], [ -99.1222221, 19.2862865 ], [ -99.1216461, 19.2865316 ], [ -99.1179322, 19.2881179 ], [ -99.1157136, 19.2890607 ], [ -99.1149069, 19.2894042 ], [ -99.114533099999989, 19.2895637 ], [ -99.1128406, 19.290286 ], [ -99.1116056, 19.2908075 ], [ -99.1103616, 19.2913416 ], [ -99.1102927, 19.2913697 ], [ -99.109294, 19.2917865 ], [ -99.1081371, 19.2922811 ], [ -99.1061774, 19.293098 ], [ -99.1057324, 19.2932608 ], [ -99.105684, 19.2932796 ], [ -99.105022, 19.2935171 ], [ -99.1046202, 19.2937024 ], [ -99.1044457, 19.2937849 ], [ -99.1039643, 19.2940127 ], [ -99.1037585, 19.2941101 ], [ -99.1028925, 19.2945055 ], [ -99.1027443, 19.2945719 ], [ -99.1021833, 19.2948271 ], [ -99.1013637, 19.2952001 ], [ -99.1012975, 19.2958698 ], [ -99.1012571, 19.2962783 ], [ -99.1012225, 19.2966277 ], [ -99.1009293, 19.3000196 ], [ -99.1009292, 19.3000204 ], [ -99.1009302, 19.3000204 ], [ -99.1009471, 19.3000207 ], [ -99.1010259, 19.3000194 ], [ -99.101329, 19.3000095 ], [ -99.102120899999989, 19.2999716 ], [ -99.1037665, 19.2998839 ], [ -99.1040358, 19.2998681 ], [ -99.1045024, 19.2998442 ], [ -99.1047457, 19.2998317 ], [ -99.1049495, 19.2998211 ], [ -99.1050165, 19.2998175 ], [ -99.1054193, 19.2997976 ], [ -99.1055667, 19.2997909 ], [ -99.1060839, 19.2997598 ], [ -99.106389299999989, 19.2997427 ], [ -99.1065752, 19.2997329 ], [ -99.1070764, 19.2997077 ], [ -99.1072533, 19.299696 ], [ -99.1073813, 19.2996926 ], [ -99.108215800000011, 19.2996424 ], [ -99.1084308, 19.2996262 ], [ -99.1088078, 19.2996008 ], [ -99.1091966, 19.2996178 ], [ -99.1092074, 19.2996183 ], [ -99.1092142, 19.29962 ], [ -99.1094217, 19.2996726 ], [ -99.1099272, 19.2997986 ], [ -99.110298899999989, 19.299888 ], [ -99.1114306, 19.3001593 ], [ -99.1119577, 19.3002928 ], [ -99.1124534, 19.3004161 ], [ -99.1129636, 19.3005381 ], [ -99.1136517, 19.3006773 ], [ -99.114294199999989, 19.3008137 ], [ -99.1155633, 19.3011165 ], [ -99.1156775, 19.3011445 ], [ -99.1161658, 19.301264 ], [ -99.116807799999989, 19.3014202 ], [ -99.1174155, 19.3015797 ], [ -99.1177867, 19.3016831 ], [ -99.1198495, 19.302259 ], [ -99.1209391, 19.3025961 ], [ -99.122027, 19.3029366 ], [ -99.1224378, 19.3030878 ], [ -99.1229741, 19.303287 ], [ -99.124133300000011, 19.3037659 ], [ -99.1246102, 19.3039629 ], [ -99.1246563, 19.3039806 ], [ -99.1248259, 19.3040409 ], [ -99.1249931, 19.3041117 ], [ -99.1260834, 19.3045737 ], [ -99.1268379, 19.3048991 ], [ -99.1270826, 19.3050018 ], [ -99.1273178, 19.3051006 ], [ -99.1276179, 19.3052265 ], [ -99.127814199999989, 19.3053107 ], [ -99.1282984, 19.3055181 ], [ -99.1289495, 19.3057971 ], [ -99.1294729, 19.306025 ], [ -99.1299715, 19.3062403 ], [ -99.1300163, 19.3062596 ], [ -99.1304552, 19.3064485 ], [ -99.1309651, 19.306668 ], [ -99.1315061, 19.3069013 ], [ -99.1318985, 19.3070691 ], [ -99.1324981, 19.3073254 ], [ -99.1327986, 19.3074429 ], [ -99.1341674, 19.3080479 ], [ -99.1347103, 19.3082876 ], [ -99.1347247, 19.308294 ], [ -99.134728, 19.3082898 ], [ -99.135576, 19.3072171 ], [ -99.1361089, 19.3066311 ], [ -99.136401, 19.3063191 ], [ -99.1371166, 19.3056047 ], [ -99.137719600000011, 19.3049209 ], [ -99.1378984, 19.3047182 ], [ -99.1381498, 19.3044465 ], [ -99.1382639, 19.3043278 ], [ -99.1384495, 19.3041444 ], [ -99.1386446, 19.3039254 ], [ -99.1387, 19.3038618 ], [ -99.1387993, 19.3037511 ], [ -99.138948, 19.3035853 ], [ -99.1390295, 19.3034964 ], [ -99.1393485, 19.3031405 ], [ -99.139362800000015, 19.3031246 ], [ -99.1393728, 19.3031134 ], [ -99.1396536, 19.3028136 ], [ -99.1396797, 19.3027858 ], [ -99.1401279, 19.30228 ], [ -99.1401599, 19.3022452 ], [ -99.1401612, 19.3022439 ], [ -99.1405143, 19.3018279 ], [ -99.1406729, 19.3016558 ], [ -99.1408882, 19.3014222 ], [ -99.1409284, 19.3013787 ], [ -99.1412557, 19.3010225 ], [ -99.1417673, 19.30047 ], [ -99.142365, 19.2998581 ], [ -99.142612899999989, 19.2996097 ], [ -99.1426162, 19.2996064 ], [ -99.1426306, 19.2996119 ], [ -99.1433919, 19.2999071 ], [ -99.1437503, 19.3000445 ], [ -99.1440964, 19.3001769 ], [ -99.1445112, 19.3003383 ], [ -99.1446235, 19.3003805 ], [ -99.1446981, 19.3004095 ], [ -99.145057, 19.3005487 ], [ -99.1452452, 19.3006213 ], [ -99.1456461, 19.3007331 ], [ -99.1459053, 19.3007867 ], [ -99.1460675, 19.3008202 ], [ -99.1461016, 19.3008272 ], [ -99.14659, 19.3009258 ], [ -99.1466073, 19.300928 ], [ -99.1469304, 19.300967 ], [ -99.1470232, 19.3009656 ], [ -99.1471125, 19.3009643 ], [ -99.147128, 19.3009641 ], [ -99.1474004, 19.3012753 ], [ -99.1474101, 19.3012864 ], [ -99.1474181, 19.3012775 ], [ -99.1474247, 19.3012702 ], [ -99.1476421, 19.3010285 ], [ -99.1478567, 19.3008292 ], [ -99.1481857, 19.3005708 ], [ -99.1483339, 19.3004529 ], [ -99.1487866, 19.3000927 ], [ -99.1496099, 19.2994529 ], [ -99.1500943, 19.2990868 ], [ -99.1506324, 19.2987002 ], [ -99.1507319, 19.2986288 ], [ -99.1511005, 19.2983832 ], [ -99.151378799999989, 19.2981955 ], [ -99.1515477, 19.298064 ], [ -99.1516209, 19.2980064 ], [ -99.1517875, 19.2979327 ], [ -99.1519404, 19.2978828 ], [ -99.1521407, 19.2978275 ], [ -99.1538342, 19.2974336 ], [ -99.1546143, 19.2972731 ], [ -99.1552152, 19.2971512 ], [ -99.1552654, 19.2971411 ], [ -99.1559555, 19.296994 ], [ -99.1564237, 19.2968963 ], [ -99.1566511, 19.2968401 ], [ -99.1566645, 19.2968368 ], [ -99.1566688, 19.2968424 ], [ -99.156720299999989, 19.2969087 ], [ -99.156804, 19.2970164 ], [ -99.1573345, 19.2976989 ], [ -99.1574809, 19.2978917 ], [ -99.1579086, 19.298488 ], [ -99.1584183, 19.2991329 ], [ -99.1586505, 19.2993705 ], [ -99.1588713, 19.2995902 ], [ -99.1590461, 19.2997473 ], [ -99.1593957, 19.3000062 ], [ -99.1597153, 19.3002429 ], [ -99.1599732, 19.3004157 ], [ -99.1602442, 19.300566 ], [ -99.1607735, 19.300828 ], [ -99.1612958, 19.301029 ], [ -99.1615507, 19.3011083 ], [ -99.1615964, 19.3011209 ], [ -99.1619994, 19.3012228 ], [ -99.1622629, 19.3012774 ], [ -99.1625601, 19.3013237 ], [ -99.1627135, 19.3013491 ], [ -99.1628547, 19.3013725 ], [ -99.1631801, 19.3014169 ], [ -99.1633022, 19.3014335 ], [ -99.1637771, 19.3014989 ], [ -99.1642773, 19.3015679 ], [ -99.164901199999989, 19.3016545 ], [ -99.1654742, 19.3017341 ], [ -99.16556, 19.301746 ], [ -99.1659205, 19.3017952 ], [ -99.1659906, 19.3018048 ], [ -99.166505700000016, 19.3018751 ], [ -99.166643799999989, 19.3018924 ], [ -99.1672723, 19.301979 ], [ -99.1675627, 19.3020136 ], [ -99.1675712, 19.3020147 ], [ -99.1679326, 19.3020618 ], [ -99.1681589, 19.3020903 ], [ -99.1684859, 19.3021333 ], [ -99.1690164, 19.3022069 ], [ -99.1691245, 19.302222 ], [ -99.169678499999989, 19.3022982 ], [ -99.1697898, 19.3023146 ], [ -99.1697983, 19.3023158 ], [ -99.1698209, 19.3023191 ], [ -99.1698366, 19.3023215 ], [ -99.1698394, 19.3023219 ], [ -99.1698543, 19.3023237 ], [ -99.1701782, 19.3023626 ], [ -99.1701948, 19.3023646 ], [ -99.170195, 19.3023646 ], [ -99.1703399, 19.3023882 ], [ -99.1703515, 19.3023898 ], [ -99.1703555, 19.3023903 ], [ -99.170948599999988, 19.3024712 ], [ -99.1714751, 19.3025402 ], [ -99.1714754, 19.3025402 ], [ -99.1714755, 19.3025403 ], [ -99.1714804, 19.3025409 ], [ -99.1714928, 19.3025424 ], [ -99.171493, 19.3025424 ], [ -99.1714932, 19.3025425 ], [ -99.171662, 19.3025634 ], [ -99.1716797, 19.3025656 ], [ -99.1722268, 19.3026413 ], [ -99.1728683, 19.3027306 ], [ -99.1734162, 19.3028109 ], [ -99.1740513, 19.3028942 ], [ -99.174658, 19.3029806 ], [ -99.1752879, 19.3030612 ], [ -99.175888199999989, 19.3031476 ], [ -99.1765494, 19.3032311 ], [ -99.176774, 19.3032686 ], [ -99.176799, 19.3032728 ], [ -99.1771156, 19.3033135 ], [ -99.1771323, 19.3033156 ], [ -99.1771326, 19.3033156 ], [ -99.177324, 19.3033316 ], [ -99.1785556, 19.3034152 ], [ -99.179287500000015, 19.3034404 ], [ -99.1794066, 19.3034403 ], [ -99.1798835, 19.3034376 ], [ -99.180367300000015, 19.3034253 ], [ -99.180661, 19.3034107 ], [ -99.181261299999989, 19.3033748 ], [ -99.18143, 19.3033652 ], [ -99.182349, 19.3032795 ], [ -99.1828236, 19.3032224 ], [ -99.1832081, 19.3031773 ], [ -99.183647799999989, 19.3031297 ], [ -99.1841886, 19.3030703 ], [ -99.185760699999989, 19.3028893 ], [ -99.1859815, 19.3028656 ], [ -99.186247, 19.3028394 ], [ -99.1880796, 19.3026464 ], [ -99.188283, 19.3026227 ], [ -99.1895639, 19.3024778 ], [ -99.1915844, 19.3022544 ], [ -99.1929342, 19.3021055 ], [ -99.1934511, 19.3020484 ], [ -99.194021, 19.3020133 ], [ -99.1944678, 19.3020128 ], [ -99.1948352, 19.3020344 ], [ -99.1950308, 19.3020511 ], [ -99.1950516, 19.3020529 ], [ -99.195053, 19.302053 ], [ -99.1950693, 19.302055 ], [ -99.19512, 19.3020616 ], [ -99.195226, 19.3020753 ], [ -99.195275099999989, 19.3020817 ], [ -99.1953957, 19.3020973 ], [ -99.1954334, 19.3021022 ], [ -99.1954669, 19.3021084 ], [ -99.1959535, 19.302199 ], [ -99.1962861, 19.3022782 ], [ -99.196711, 19.302405 ], [ -99.1971577, 19.3025592 ] ] ] } },
{ "type": "Feature", "properties": { "CVEGEO": "09013", "CVE_ENT": "09", "CVE_MUN": "013", "NOMGEO": "Xochimilco" }, "geometry": { "type": "Polygon", "coordinates": [ [ [ -99.0990592, 19.3204419 ], [ -99.0990763, 19.3204415 ], [ -99.0992945, 19.3204495 ], [ -99.0993503, 19.3192733 ], [ -99.0995941, 19.3163465 ], [ -99.0996651, 19.3155039 ], [ -99.0998789, 19.3129694 ], [ -99.1000692, 19.3098996 ], [ -99.1002326, 19.3077655 ], [ -99.100313, 19.306715 ], [ -99.1003217, 19.306588 ], [ -99.10033, 19.3064667 ], [ -99.1004971, 19.3044569 ], [ -99.1006466, 19.3027138 ], [ -99.1007934, 19.3012535 ], [ -99.1009292, 19.3000204 ], [ -99.1009293, 19.3000196 ], [ -99.1012225, 19.2966277 ], [ -99.1012571, 19.2962783 ], [ -99.1012975, 19.2958698 ], [ -99.1013637, 19.2952001 ], [ -99.1021833, 19.2948271 ], [ -99.1027443, 19.2945719 ], [ -99.1028925, 19.2945055 ], [ -99.1037585, 19.2941101 ], [ -99.1039643, 19.2940127 ], [ -99.1044457, 19.2937849 ], [ -99.1046202, 19.2937024 ], [ -99.105022, 19.2935171 ], [ -99.105684, 19.2932796 ], [ -99.1057324, 19.2932608 ], [ -99.1061774, 19.293098 ], [ -99.1081371, 19.2922811 ], [ -99.109294, 19.2917865 ], [ -99.1102927, 19.2913697 ], [ -99.1103616, 19.2913416 ], [ -99.1116056, 19.2908075 ], [ -99.1128406, 19.290286 ], [ -99.114533099999989, 19.2895637 ], [ -99.1149069, 19.2894042 ], [ -99.1157136, 19.2890607 ], [ -99.1179322, 19.2881179 ], [ -99.1216461, 19.2865316 ], [ -99.1222221, 19.2862865 ], [ -99.1239102, 19.2855691 ], [ -99.1243376, 19.285431 ], [ -99.1249252, 19.2852412 ], [ -99.124999, 19.2852208 ], [ -99.1252005, 19.2851676 ], [ -99.125442299999989, 19.2851032 ], [ -99.125737500000014, 19.2850186 ], [ -99.1275846, 19.2845015 ], [ -99.1282898, 19.2843058 ], [ -99.1291343, 19.2840677 ], [ -99.1295219, 19.2839589 ], [ -99.130372900000012, 19.28372 ], [ -99.1307899, 19.283603 ], [ -99.130832, 19.2835911 ], [ -99.1314163, 19.283427 ], [ -99.1319415, 19.2832815 ], [ -99.1319944, 19.2832668 ], [ -99.1324843, 19.2831311 ], [ -99.1340134, 19.2827009 ], [ -99.135107, 19.2824614 ], [ -99.1359288, 19.2823353 ], [ -99.1364724, 19.2822763 ], [ -99.136992299999989, 19.2822349 ], [ -99.1374589, 19.2822106 ], [ -99.1378854, 19.2822065 ], [ -99.1385532, 19.2822284 ], [ -99.1389042, 19.2822432 ], [ -99.1392674, 19.2822654 ], [ -99.1396912, 19.2823162 ], [ -99.1402329, 19.2823852 ], [ -99.1408986, 19.2824989 ], [ -99.141056, 19.2825286 ], [ -99.1410799, 19.2822927 ], [ -99.1411957, 19.2811904 ], [ -99.1411948, 19.281074 ], [ -99.141347599999989, 19.2800695 ], [ -99.141460099999989, 19.2791551 ], [ -99.1414519, 19.2790671 ], [ -99.1414324, 19.2788581 ], [ -99.1415018, 19.2783882 ], [ -99.1415383, 19.2779583 ], [ -99.1415579, 19.277544 ], [ -99.1416437, 19.2770973 ], [ -99.1417304, 19.276617 ], [ -99.1417725, 19.2756869 ], [ -99.1419138, 19.2751194 ], [ -99.1419767, 19.2747976 ], [ -99.1420017, 19.2746757 ], [ -99.1420879, 19.2739446 ], [ -99.1411387, 19.2737301 ], [ -99.1411881, 19.2735345 ], [ -99.1414157, 19.2727777 ], [ -99.1416315, 19.2722941 ], [ -99.1417599, 19.2718928 ], [ -99.1418686, 19.2714557 ], [ -99.1420478, 19.2708569 ], [ -99.1421393, 19.270693 ], [ -99.1422108, 19.2706703 ], [ -99.1423877, 19.2706937 ], [ -99.1425179, 19.2706776 ], [ -99.1426099, 19.2706242 ], [ -99.1427961, 19.2705037 ], [ -99.1428958, 19.2703724 ], [ -99.1429998, 19.2702453 ], [ -99.1430706, 19.2701042 ], [ -99.1431649, 19.2697997 ], [ -99.143367700000013, 19.2694705 ], [ -99.1435918, 19.2695107 ], [ -99.1437634, 19.2695106 ], [ -99.1439462, 19.2695405 ], [ -99.1443589, 19.2688443 ], [ -99.1445518, 19.2684655 ], [ -99.14468, 19.2682316 ], [ -99.1447306, 19.2681299 ], [ -99.1448102, 19.2678706 ], [ -99.1449097, 19.2675595 ], [ -99.1449214, 19.2674468 ], [ -99.144126899999989, 19.2673439 ], [ -99.1438547, 19.2673065 ], [ -99.1436287, 19.2672718 ], [ -99.1434405, 19.2672532 ], [ -99.143223400000011, 19.2672322 ], [ -99.143331, 19.266522 ], [ -99.1424875, 19.2666926 ], [ -99.1424031, 19.2666249 ], [ -99.142431699999989, 19.2651645 ], [ -99.142455, 19.2648912 ], [ -99.1424989, 19.264377 ], [ -99.1424682, 19.2643267 ], [ -99.1424026, 19.2642351 ], [ -99.1423741, 19.2641603 ], [ -99.142421, 19.2639554 ], [ -99.1424361, 19.263765 ], [ -99.14243, 19.2635968 ], [ -99.1424237, 19.2634365 ], [ -99.1423945, 19.2633527 ], [ -99.142357499999989, 19.2632926 ], [ -99.1423166, 19.26323 ], [ -99.1422857, 19.2630267 ], [ -99.1422539, 19.262547 ], [ -99.1421102, 19.261847 ], [ -99.1421149, 19.2617764 ], [ -99.1421269, 19.261724 ], [ -99.142146, 19.2616795 ], [ -99.142219, 19.2615096 ], [ -99.1422664, 19.2614001 ], [ -99.1423019, 19.2613172 ], [ -99.1423503, 19.2612002 ], [ -99.1424131, 19.2610551 ], [ -99.1424343, 19.2609563 ], [ -99.142396800000014, 19.2606185 ], [ -99.1423988, 19.2604694 ], [ -99.1423839, 19.2603476 ], [ -99.1423667, 19.2602345 ], [ -99.1422589, 19.2599921 ], [ -99.1422104, 19.2599065 ], [ -99.1420953, 19.2598548 ], [ -99.1420223, 19.2597847 ], [ -99.1419147, 19.2595625 ], [ -99.1417889, 19.2592955 ], [ -99.141721, 19.2592238 ], [ -99.1416368, 19.2591788 ], [ -99.1415043, 19.2590804 ], [ -99.1414191, 19.259015 ], [ -99.1413281, 19.2589628 ], [ -99.1411882, 19.2589005 ], [ -99.14106, 19.2588338 ], [ -99.1409443, 19.258772 ], [ -99.140856, 19.2586775 ], [ -99.1407543, 19.2585426 ], [ -99.1405733, 19.2583932 ], [ -99.1404542, 19.2582885 ], [ -99.1403327, 19.2581341 ], [ -99.1402562, 19.258014 ], [ -99.1402077, 19.2579223 ], [ -99.1401729, 19.2578624 ], [ -99.1401631, 19.2578228 ], [ -99.1401604, 19.2577739 ], [ -99.1401743, 19.2577023 ], [ -99.1401864, 19.257637 ], [ -99.1402066, 19.2575641 ], [ -99.1402503, 19.2574756 ], [ -99.1403173, 19.2574015 ], [ -99.1404538, 19.2573096 ], [ -99.1406377, 19.2571982 ], [ -99.1407933, 19.2570715 ], [ -99.1408008, 19.2569997 ], [ -99.140781499999989, 19.256943 ], [ -99.140747, 19.2568631 ], [ -99.1405885, 19.2565767 ], [ -99.1405364, 19.2565257 ], [ -99.140485, 19.2564929 ], [ -99.140390599999989, 19.2564431 ], [ -99.1402217, 19.2563787 ], [ -99.1401208, 19.2563413 ], [ -99.1400445, 19.2562806 ], [ -99.140009, 19.256232 ], [ -99.139951599999989, 19.256129 ], [ -99.1398183, 19.2558924 ], [ -99.1397331, 19.2557236 ], [ -99.1395869, 19.2554592 ], [ -99.139457, 19.254934 ], [ -99.1393947, 19.2546933 ], [ -99.1394034, 19.2546043 ], [ -99.1394788, 19.2543422 ], [ -99.1394939, 19.2542327 ], [ -99.1395383, 19.254092 ], [ -99.1395775, 19.2539101 ], [ -99.139611699999989, 19.2537867 ], [ -99.1396336, 19.2536731 ], [ -99.139671, 19.2535664 ], [ -99.1396925, 19.2534343 ], [ -99.1396924, 19.2533594 ], [ -99.1397587, 19.2533244 ], [ -99.1397982, 19.2533243 ], [ -99.139839099999989, 19.2533032 ], [ -99.1398779, 19.2532458 ], [ -99.1399441, 19.2530929 ], [ -99.1399545, 19.253007 ], [ -99.140029, 19.2529413 ], [ -99.1400842, 19.2528625 ], [ -99.1401019, 19.2528187 ], [ -99.1401447, 19.2527524 ], [ -99.1401897, 19.2525935 ], [ -99.1402008, 19.2525218 ], [ -99.1401964, 19.2524677 ], [ -99.1401766, 19.2524116 ], [ -99.1401717, 19.2523515 ], [ -99.1401425, 19.2522549 ], [ -99.140133, 19.2522074 ], [ -99.1401302, 19.252158 ], [ -99.1401406, 19.2520921 ], [ -99.140157699999989, 19.2520177 ], [ -99.1401597, 19.2519981 ], [ -99.1401562, 19.2519454 ], [ -99.1401562, 19.251901 ], [ -99.1402122, 19.2518418 ], [ -99.1403351, 19.2517883 ], [ -99.1404217, 19.2516265 ], [ -99.1404582, 19.2515407 ], [ -99.1404847, 19.2514525 ], [ -99.140514599999989, 19.2514026 ], [ -99.1405207, 19.2513775 ], [ -99.1405017, 19.2513554 ], [ -99.140484, 19.2512851 ], [ -99.1405521, 19.2512547 ], [ -99.1406584, 19.2512259 ], [ -99.1406898, 19.2512213 ], [ -99.1407176, 19.2511418 ], [ -99.140772500000011, 19.2510443 ], [ -99.140799, 19.2509771 ], [ -99.1408559, 19.2509623 ], [ -99.1409183, 19.2509553 ], [ -99.1409516, 19.2509474 ], [ -99.1409865, 19.2509112 ], [ -99.1410339, 19.2508695 ], [ -99.141074, 19.2508283 ], [ -99.1411117, 19.2507563 ], [ -99.1412546, 19.2506477 ], [ -99.141263099999989, 19.2506128 ], [ -99.1412745, 19.2505549 ], [ -99.1413089, 19.2504785 ], [ -99.1413533, 19.2503941 ], [ -99.1414292, 19.2502635 ], [ -99.141484, 19.2501314 ], [ -99.1415646, 19.2500001 ], [ -99.1415997, 19.2499369 ], [ -99.1416315, 19.2498586 ], [ -99.1416911, 19.2497511 ], [ -99.1416986, 19.2496904 ], [ -99.1417026, 19.2495909 ], [ -99.1417085, 19.2495518 ], [ -99.1417232, 19.2495182 ], [ -99.1417158, 19.2494343 ], [ -99.1417113, 19.2493643 ], [ -99.1416793, 19.2491661 ], [ -99.1416919, 19.2490836 ], [ -99.1417256, 19.2489952 ], [ -99.1416675, 19.2488588 ], [ -99.1415632, 19.2486909 ], [ -99.141378100000011, 19.2485848 ], [ -99.1411072, 19.2484466 ], [ -99.1409586, 19.2483455 ], [ -99.140812, 19.2482701 ], [ -99.1406217, 19.2481121 ], [ -99.1405175, 19.2480554 ], [ -99.1403638, 19.2479813 ], [ -99.1403026, 19.2478105 ], [ -99.140228799999988, 19.2475814 ], [ -99.139989, 19.2473494 ], [ -99.139816900000014, 19.2470901 ], [ -99.1397381, 19.2469477 ], [ -99.1396103, 19.2467229 ], [ -99.1393959, 19.2463613 ], [ -99.1392759, 19.2462379 ], [ -99.1390414, 19.2460428 ], [ -99.1389215, 19.2459663 ], [ -99.1395894, 19.2448719 ], [ -99.1400039, 19.2441928 ], [ -99.1401903, 19.2438513 ], [ -99.1402251, 19.2438033 ], [ -99.140286, 19.243674 ], [ -99.1403315, 19.2436279 ], [ -99.1403841, 19.2435947 ], [ -99.141047, 19.2435878 ], [ -99.1410957, 19.2435924 ], [ -99.1411435, 19.2436036 ], [ -99.1416215, 19.2437547 ], [ -99.1416531, 19.2437478 ], [ -99.1417088, 19.2436798 ], [ -99.1417067, 19.243654 ], [ -99.1416561, 19.2435812 ], [ -99.1417147, 19.2435945 ], [ -99.142005400000016, 19.2436443 ], [ -99.1420596, 19.2436821 ], [ -99.142203, 19.2438342 ], [ -99.1422362, 19.2438693 ], [ -99.1423315, 19.244159 ], [ -99.1433154, 19.2444812 ], [ -99.1436658, 19.2446186 ], [ -99.1442554, 19.2447403 ], [ -99.1441918, 19.2445798 ], [ -99.1442468, 19.2442136 ], [ -99.144250899999989, 19.2441861 ], [ -99.144251, 19.2441783 ], [ -99.1442529, 19.2440007 ], [ -99.1442514, 19.2436607 ], [ -99.1442398, 19.2435587 ], [ -99.1442055, 19.2432931 ], [ -99.1441916, 19.2431862 ], [ -99.1441672, 19.2429977 ], [ -99.1441526, 19.2428842 ], [ -99.1441291, 19.2427023 ], [ -99.1441182, 19.2426189 ], [ -99.1441169, 19.2426087 ], [ -99.1440957, 19.2425572 ], [ -99.1440928, 19.2425223 ], [ -99.1440901, 19.242491 ], [ -99.144080699999989, 19.2423797 ], [ -99.1440761, 19.2423117 ], [ -99.1440691, 19.2422087 ], [ -99.1440574, 19.2420383 ], [ -99.1440317, 19.2417021 ], [ -99.144006, 19.2414632 ], [ -99.1440031, 19.2414018 ], [ -99.1439774, 19.2408734 ], [ -99.143974899999989, 19.2408088 ], [ -99.1439696, 19.2407009 ], [ -99.1439628, 19.2405634 ], [ -99.143946899999989, 19.2402429 ], [ -99.1439443, 19.2401898 ], [ -99.1439471, 19.2401686 ], [ -99.1439482, 19.2401601 ], [ -99.1440115, 19.2396845 ], [ -99.1441772, 19.2396701 ], [ -99.1443982, 19.239625 ], [ -99.145145, 19.2394723 ], [ -99.1453447, 19.2393856 ], [ -99.1456048, 19.2393251 ], [ -99.1460608, 19.2393284 ], [ -99.1461203, 19.239329 ], [ -99.1462164, 19.2394625 ], [ -99.146308, 19.2398801 ], [ -99.1463883, 19.2400065 ], [ -99.1464239, 19.2400625 ], [ -99.1464952, 19.2401488 ], [ -99.1465833, 19.2402556 ], [ -99.1466832, 19.2403368 ], [ -99.1468965, 19.2404099 ], [ -99.1470176, 19.2404293 ], [ -99.1471367, 19.2404205 ], [ -99.1473602, 19.2403654 ], [ -99.1475198, 19.2402592 ], [ -99.1473416, 19.2399528 ], [ -99.1471662, 19.2395961 ], [ -99.1470159, 19.2392994 ], [ -99.1463348, 19.237993 ], [ -99.1461687, 19.2376742 ], [ -99.1461554, 19.2376486 ], [ -99.1459381, 19.2372392 ], [ -99.1450393, 19.2355463 ], [ -99.1448379, 19.2351964 ], [ -99.1444525, 19.2345249 ], [ -99.1446907, 19.2345031 ], [ -99.1447822, 19.23448 ], [ -99.1448043, 19.2344519 ], [ -99.1448443, 19.2343844 ], [ -99.1449198, 19.2343407 ], [ -99.145062, 19.2343378 ], [ -99.1452205, 19.23437 ], [ -99.1453321, 19.2344383 ], [ -99.1453982, 19.2344562 ], [ -99.1454982, 19.23442 ], [ -99.1455578, 19.2343707 ], [ -99.1456367, 19.2343224 ], [ -99.1457809, 19.2343225 ], [ -99.1458751, 19.2343174 ], [ -99.1459225, 19.2342822 ], [ -99.1460006, 19.2342176 ], [ -99.1460904, 19.2342136 ], [ -99.146211, 19.2342254 ], [ -99.1463309, 19.2342013 ], [ -99.1463853, 19.2342057 ], [ -99.1464449, 19.2342106 ], [ -99.1465872, 19.2342476 ], [ -99.1466013, 19.2342554 ], [ -99.1467209, 19.2343212 ], [ -99.1468221, 19.2343544 ], [ -99.1468769, 19.2343724 ], [ -99.1468864, 19.2343756 ], [ -99.1468941, 19.2343762 ], [ -99.1474149, 19.2344209 ], [ -99.147511200000011, 19.234447 ], [ -99.147536, 19.2344538 ], [ -99.1475541, 19.2344587 ], [ -99.1475717, 19.2344635 ], [ -99.1475785, 19.2344653 ], [ -99.1475931, 19.2344722 ], [ -99.1477423, 19.2345421 ], [ -99.1478767, 19.2345572 ], [ -99.1479656, 19.2346378 ], [ -99.1481011, 19.2347231 ], [ -99.148181799999989, 19.2347939 ], [ -99.1482887, 19.2348623 ], [ -99.148342899999989, 19.234897 ], [ -99.1484025, 19.2349776 ], [ -99.1484134, 19.235075 ], [ -99.148419800000013, 19.2351312 ], [ -99.1483881, 19.2353379 ], [ -99.1483426, 19.2354353 ], [ -99.1482645, 19.2355278 ], [ -99.1481657, 19.2356335 ], [ -99.1481292, 19.2356998 ], [ -99.1481152, 19.2357253 ], [ -99.148069, 19.2358625 ], [ -99.1480571, 19.235898 ], [ -99.148015199999989, 19.2360003 ], [ -99.1480099, 19.2360131 ], [ -99.1479671, 19.2360561 ], [ -99.1479557, 19.2360675 ], [ -99.147963, 19.2361169 ], [ -99.1479656, 19.2361248 ], [ -99.1479737, 19.2361499 ], [ -99.1479886, 19.2361679 ], [ -99.1480161, 19.2361948 ], [ -99.1480634, 19.2362254 ], [ -99.148099699999989, 19.2362493 ], [ -99.1481161, 19.2362557 ], [ -99.1481377, 19.2362642 ], [ -99.1481716, 19.2362798 ], [ -99.1482002, 19.2362929 ], [ -99.1482341, 19.2363085 ], [ -99.1482636, 19.2362438 ], [ -99.1482702, 19.2362294 ], [ -99.1482773, 19.2362138 ], [ -99.148298, 19.2361684 ], [ -99.148371, 19.2360017 ], [ -99.1483699, 19.2358333 ], [ -99.1483899, 19.2357753 ], [ -99.148437, 19.2357202 ], [ -99.14853, 19.2356796 ], [ -99.148613900000015, 19.2356694 ], [ -99.1487071, 19.235665 ], [ -99.1487894, 19.2355823 ], [ -99.1488382, 19.2355229 ], [ -99.1488919, 19.2353639 ], [ -99.1489411, 19.2351927 ], [ -99.1490105, 19.2351174 ], [ -99.1490965, 19.2350342 ], [ -99.1491667, 19.2349576 ], [ -99.1492021, 19.2348878 ], [ -99.1492826, 19.2348442 ], [ -99.149413600000017, 19.2348007 ], [ -99.1494943, 19.2347449 ], [ -99.1495416, 19.2346811 ], [ -99.1495694, 19.2346255 ], [ -99.1495723, 19.2345539 ], [ -99.1495363, 19.2344877 ], [ -99.1494365, 19.2344191 ], [ -99.149344899999988, 19.2343451 ], [ -99.149306700000011, 19.2342685 ], [ -99.149310899999989, 19.2341757 ], [ -99.1493871, 19.2340878 ], [ -99.1494651, 19.2340319 ], [ -99.1494959, 19.2340328 ], [ -99.1495456, 19.2340343 ], [ -99.1495955, 19.2340819 ], [ -99.1496134, 19.2340954 ], [ -99.1496621, 19.2341321 ], [ -99.149781499999989, 19.234161 ], [ -99.150025899999989, 19.2341815 ], [ -99.1501343, 19.2341706 ], [ -99.150250899999989, 19.2341782 ], [ -99.1503092, 19.234194 ], [ -99.150386900000015, 19.2342335 ], [ -99.1504423, 19.2342944 ], [ -99.1504643, 19.2344137 ], [ -99.1504779, 19.2345383 ], [ -99.150479499999989, 19.2345934 ], [ -99.1504805, 19.2346284 ], [ -99.1504847, 19.2346437 ], [ -99.1504894, 19.2346609 ], [ -99.1504921, 19.2346711 ], [ -99.1505068, 19.2346749 ], [ -99.1505915, 19.2346971 ], [ -99.1506788, 19.2346892 ], [ -99.1506831, 19.2346889 ], [ -99.150683199999989, 19.2346889 ], [ -99.150692299999989, 19.2346668 ], [ -99.1507001, 19.2346478 ], [ -99.1507347, 19.2345641 ], [ -99.1507446, 19.2345402 ], [ -99.1507556, 19.2344491 ], [ -99.1507644, 19.2343757 ], [ -99.1507478, 19.2342727 ], [ -99.1507478, 19.2342724 ], [ -99.1507476, 19.2342715 ], [ -99.1507371, 19.234206 ], [ -99.1507041, 19.2340654 ], [ -99.1506572, 19.2339779 ], [ -99.1505607, 19.233755 ], [ -99.1505252, 19.2336721 ], [ -99.1504911, 19.2335309 ], [ -99.1504768, 19.2334138 ], [ -99.150520300000011, 19.2332111 ], [ -99.1505796, 19.2331676 ], [ -99.1506016, 19.2330832 ], [ -99.150586, 19.2329186 ], [ -99.1505753, 19.2326547 ], [ -99.1506033, 19.2325618 ], [ -99.1506036, 19.2325607 ], [ -99.1506128, 19.2325469 ], [ -99.1506148, 19.2325438 ], [ -99.1507015, 19.2324127 ], [ -99.150713, 19.2324025 ], [ -99.1507438, 19.232375 ], [ -99.1507441, 19.2323748 ], [ -99.1507533, 19.2323666 ], [ -99.1507858, 19.2323376 ], [ -99.1508167, 19.2323101 ], [ -99.1508519, 19.2322348 ], [ -99.150865900000014, 19.2320835 ], [ -99.1509014, 19.231984 ], [ -99.1509326, 19.2319418 ], [ -99.1509761, 19.2319083 ], [ -99.1510991, 19.231772 ], [ -99.1511022, 19.2317634 ], [ -99.1511704, 19.2315794 ], [ -99.1512327, 19.2314913 ], [ -99.1512725, 19.2314502 ], [ -99.151366, 19.2313539 ], [ -99.1515264, 19.2311967 ], [ -99.151554, 19.231163 ], [ -99.1516123, 19.2310919 ], [ -99.1516249, 19.2310765 ], [ -99.1517401, 19.2308098 ], [ -99.1517551, 19.2307566 ], [ -99.151777599999988, 19.2306765 ], [ -99.1517809, 19.2306649 ], [ -99.1517937, 19.2304811 ], [ -99.1518213, 19.2302113 ], [ -99.1518603, 19.2300683 ], [ -99.1518639, 19.2300621 ], [ -99.1519145, 19.2299739 ], [ -99.1520201, 19.2298031 ], [ -99.1521285, 19.2296228 ], [ -99.1522308, 19.2294798 ], [ -99.1523332, 19.2293682 ], [ -99.152375299999989, 19.2292767 ], [ -99.1523894, 19.2291347 ], [ -99.1524173, 19.2289744 ], [ -99.1524563, 19.2288285 ], [ -99.1525076, 19.2286075 ], [ -99.1525133, 19.2285826 ], [ -99.1525618, 19.2284268 ], [ -99.1525799, 19.228371 ], [ -99.1526489, 19.228158 ], [ -99.1527, 19.2279451 ], [ -99.1527151, 19.2278804 ], [ -99.152769100000015, 19.2276477 ], [ -99.1528321, 19.2273646 ], [ -99.152865, 19.2271387 ], [ -99.1529353, 19.2269022 ], [ -99.1529843, 19.2266499 ], [ -99.153072, 19.2265108 ], [ -99.1531807, 19.2263194 ], [ -99.1532616, 19.2261598 ], [ -99.1533785, 19.2259818 ], [ -99.153317, 19.2258625 ], [ -99.1532121, 19.2256029 ], [ -99.1531234, 19.2253424 ], [ -99.1530391, 19.2252065 ], [ -99.1529736, 19.2250992 ], [ -99.1529001, 19.2250033 ], [ -99.1528406, 19.2249336 ], [ -99.152785, 19.2248735 ], [ -99.1527373, 19.2248377 ], [ -99.152691, 19.224816 ], [ -99.1526375, 19.224784 ], [ -99.1525403, 19.2247408 ], [ -99.1524564, 19.2247102 ], [ -99.1523663, 19.2246846 ], [ -99.1522764, 19.2246732 ], [ -99.1522116, 19.2246716 ], [ -99.1521204, 19.2246622 ], [ -99.1519647, 19.2246481 ], [ -99.1518625, 19.2246293 ], [ -99.1517456, 19.2246207 ], [ -99.151666400000011, 19.2246146 ], [ -99.1516022, 19.2246097 ], [ -99.1515519, 19.2246068 ], [ -99.1514955, 19.2245968 ], [ -99.151451400000013, 19.2245838 ], [ -99.1514087, 19.2245651 ], [ -99.1513706, 19.2245477 ], [ -99.1513203, 19.2245174 ], [ -99.1512737, 19.2244849 ], [ -99.1512329, 19.2244501 ], [ -99.1511905, 19.2244055 ], [ -99.1511642, 19.2243719 ], [ -99.151143499999989, 19.2243412 ], [ -99.151128300000011, 19.2243151 ], [ -99.1511152, 19.2242895 ], [ -99.1511031, 19.224262 ], [ -99.1510922, 19.2242331 ], [ -99.15108450000001, 19.2242085 ], [ -99.1510786, 19.2241861 ], [ -99.1510744, 19.2241511 ], [ -99.1510732, 19.2241136 ], [ -99.1510752, 19.2240791 ], [ -99.1510808, 19.2240414 ], [ -99.1510902, 19.2240029 ], [ -99.1511011, 19.2239713 ], [ -99.1511139, 19.2239416 ], [ -99.1511334, 19.2239004 ], [ -99.1511532, 19.2238542 ], [ -99.1511714, 19.2238108 ], [ -99.1511869, 19.2237771 ], [ -99.1511966, 19.2237462 ], [ -99.1512022, 19.223717 ], [ -99.1512045, 19.2236907 ], [ -99.1512039, 19.2236619 ], [ -99.1512007, 19.2236359 ], [ -99.1511846, 19.2235618 ], [ -99.1511647, 19.2234866 ], [ -99.151150199999989, 19.223408 ], [ -99.1512208, 19.2232445 ], [ -99.1513147, 19.2232079 ], [ -99.1513959, 19.2232225 ], [ -99.1514083, 19.2232304 ], [ -99.1514261, 19.2232817 ], [ -99.151447499999989, 19.2233528 ], [ -99.1514783, 19.2234225 ], [ -99.1515118, 19.2234402 ], [ -99.1515438, 19.2234389 ], [ -99.1515799, 19.2234173 ], [ -99.1516199, 19.2233526 ], [ -99.1516519, 19.2232613 ], [ -99.1516718, 19.2231864 ], [ -99.1516904, 19.2231103 ], [ -99.1517749, 19.2228737 ], [ -99.1518422, 19.2227312 ], [ -99.1519093, 19.2224125 ], [ -99.1520229, 19.2220395 ], [ -99.1520366, 19.2218821 ], [ -99.1520098, 19.2217411 ], [ -99.1520638, 19.2212959 ], [ -99.1522903, 19.2208775 ], [ -99.1523379, 19.2207148 ], [ -99.1524805, 19.2205338 ], [ -99.1526171, 19.2204681 ], [ -99.1527671, 19.2204621 ], [ -99.1528416, 19.2205033 ], [ -99.1529344, 19.2205809 ], [ -99.1530577, 19.2207412 ], [ -99.1532171, 19.2209852 ], [ -99.1532845, 19.221184 ], [ -99.1534243, 19.2214099 ], [ -99.1534815, 19.2215816 ], [ -99.1535194, 19.2218063 ], [ -99.1543949, 19.2206393 ], [ -99.1496062, 19.2192423 ], [ -99.1495936, 19.2192387 ], [ -99.1495437, 19.2192241 ], [ -99.1383159, 19.2157282 ], [ -99.1344458, 19.2116161 ], [ -99.133898699999989, 19.2110347 ], [ -99.1338772, 19.2110119 ], [ -99.1336037, 19.2107212 ], [ -99.1335901, 19.2107069 ], [ -99.1333131, 19.2104125 ], [ -99.1332961, 19.2103944 ], [ -99.1330397, 19.210122 ], [ -99.133014300000013, 19.210095 ], [ -99.1329735, 19.2100767 ], [ -99.1328746, 19.2100258 ], [ -99.1328215, 19.2099793 ], [ -99.1328705, 19.2099225 ], [ -99.1329187, 19.2098566 ], [ -99.1329157, 19.2097524 ], [ -99.132865, 19.2096411 ], [ -99.132773, 19.2094391 ], [ -99.1327663, 19.2092557 ], [ -99.1327679, 19.2092414 ], [ -99.1327687, 19.2092346 ], [ -99.1327967, 19.208984 ], [ -99.1327701, 19.2083348 ], [ -99.1327101, 19.2082479 ], [ -99.1327042, 19.2082394 ], [ -99.1326319, 19.2081932 ], [ -99.1325251, 19.2081249 ], [ -99.1324855, 19.2080779 ], [ -99.1324198, 19.2080002 ], [ -99.1323964, 19.2079297 ], [ -99.132320299999989, 19.2077001 ], [ -99.1323212, 19.2076741 ], [ -99.132323, 19.2076275 ], [ -99.1323391, 19.207584 ], [ -99.1323393, 19.2075834 ], [ -99.1324287, 19.2073418 ], [ -99.1324977, 19.2071552 ], [ -99.1325224, 19.2070092 ], [ -99.132499599999989, 19.2067235 ], [ -99.1324344, 19.2064904 ], [ -99.132431200000013, 19.2064791 ], [ -99.1322717, 19.2062387 ], [ -99.1321498, 19.2061032 ], [ -99.1321432, 19.2060959 ], [ -99.13198, 19.2059145 ], [ -99.131642899999989, 19.2056094 ], [ -99.131566, 19.2055292 ], [ -99.1314851, 19.2054282 ], [ -99.1314408, 19.2053515 ], [ -99.131366, 19.2052221 ], [ -99.1313008, 19.2050414 ], [ -99.131213699999989, 19.2048001 ], [ -99.131213, 19.204777 ], [ -99.1312069, 19.2045655 ], [ -99.1309242, 19.2042046 ], [ -99.1308419, 19.204132 ], [ -99.1308327, 19.2041239 ], [ -99.1307657, 19.2040777 ], [ -99.130553, 19.2040071 ], [ -99.1305075, 19.2039928 ], [ -99.130438399999989, 19.2039703 ], [ -99.1301143, 19.2038826 ], [ -99.1300833, 19.2038463 ], [ -99.1300797, 19.2038002 ], [ -99.1300887, 19.203753 ], [ -99.1301994, 19.2035169 ], [ -99.1302285, 19.2034323 ], [ -99.1303024, 19.2031756 ], [ -99.1301726, 19.2031317 ], [ -99.1300616, 19.2030942 ], [ -99.1299175, 19.2030456 ], [ -99.1297473, 19.2030167 ], [ -99.1296374, 19.2030132 ], [ -99.1293131, 19.2030031 ], [ -99.1293147, 19.2029936 ], [ -99.1293922, 19.2025159 ], [ -99.1293962, 19.202465 ], [ -99.1294298, 19.2020691 ], [ -99.1294653, 19.2018162 ], [ -99.1294807, 19.2016616 ], [ -99.129539, 19.2010721 ], [ -99.1295403, 19.2006817 ], [ -99.12954, 19.2003821 ], [ -99.1294694, 19.2003228 ], [ -99.1294035, 19.2002253 ], [ -99.1293602, 19.2001584 ], [ -99.1293425, 19.200099 ], [ -99.1293346, 19.2000378 ], [ -99.1293401, 19.1998821 ], [ -99.1293207, 19.1998363 ], [ -99.1292875, 19.1998048 ], [ -99.1291527, 19.1997436 ], [ -99.1291173, 19.1997153 ], [ -99.1290895, 19.1996715 ], [ -99.1290846, 19.1995849 ], [ -99.129092899999989, 19.1994412 ], [ -99.1291128, 19.1993235 ], [ -99.1291399, 19.199191 ], [ -99.1291996, 19.199046 ], [ -99.1292771, 19.198901 ], [ -99.1293779, 19.1987421 ], [ -99.1294488, 19.1985997 ], [ -99.1294781, 19.1985205 ], [ -99.129498399999989, 19.1984559 ], [ -99.1295098, 19.1984077 ], [ -99.1295154, 19.1983693 ], [ -99.1295125, 19.1983255 ], [ -99.1294996, 19.1982925 ], [ -99.1294803, 19.1982623 ], [ -99.1294571, 19.1982366 ], [ -99.1293751, 19.1981908 ], [ -99.1292929, 19.1981643 ], [ -99.1292696, 19.1981269 ], [ -99.1292737, 19.1980368 ], [ -99.1292742, 19.1980045 ], [ -99.1293089, 19.1979376 ], [ -99.1294378, 19.1977708 ], [ -99.1295411, 19.1976553 ], [ -99.1295077, 19.1975134 ], [ -99.129481399999989, 19.1974542 ], [ -99.129473, 19.1973779 ], [ -99.1295059, 19.197271 ], [ -99.1296131, 19.1971206 ], [ -99.1300206, 19.1967451 ], [ -99.130223199999989, 19.1966114 ], [ -99.1303938, 19.1963818 ], [ -99.1304507, 19.1962055 ], [ -99.1304262, 19.1960961 ], [ -99.1303611, 19.1960163 ], [ -99.1303607, 19.1960158 ], [ -99.1302204, 19.1958436 ], [ -99.1301242, 19.1955867 ], [ -99.1300473, 19.1954591 ], [ -99.1299436, 19.1953571 ], [ -99.1300216, 19.1949107 ], [ -99.1301234, 19.1946802 ], [ -99.130092800000014, 19.1945672 ], [ -99.1300783, 19.1945137 ], [ -99.1301038, 19.194468 ], [ -99.1302362, 19.1943662 ], [ -99.1302794, 19.1943341 ], [ -99.1304911, 19.1940125 ], [ -99.1304683, 19.1937602 ], [ -99.130472, 19.1936627 ], [ -99.130577699999989, 19.1933852 ], [ -99.1306161, 19.1931649 ], [ -99.130775, 19.1929403 ], [ -99.1306415, 19.1926956 ], [ -99.130654299999989, 19.1924508 ], [ -99.1305983, 19.1922917 ], [ -99.1306583, 19.1920672 ], [ -99.130658, 19.1916467 ], [ -99.1306727, 19.1913149 ], [ -99.1304772, 19.1910831 ], [ -99.1301494, 19.1909022 ], [ -99.130003, 19.1907334 ], [ -99.129996, 19.1904903 ], [ -99.1299351, 19.1902975 ], [ -99.129347599999988, 19.1898112 ], [ -99.1287284, 19.1891453 ], [ -99.128162, 19.1888109 ], [ -99.12773510000001, 19.1884745 ], [ -99.1275697, 19.1882913 ], [ -99.1274124, 19.1881084 ], [ -99.127268, 19.1878625 ], [ -99.1271212, 19.1875644 ], [ -99.1270761, 19.1872662 ], [ -99.1272515, 19.1869998 ], [ -99.1273858, 19.1867143 ], [ -99.1274859, 19.1864073 ], [ -99.12786, 19.1860453 ], [ -99.1283737, 19.1856094 ], [ -99.128738399999989, 19.1850299 ], [ -99.1288627, 19.1847895 ], [ -99.1289705, 19.1846515 ], [ -99.1291157, 19.1846081 ], [ -99.1294295, 19.1845471 ], [ -99.1295151, 19.1844676 ], [ -99.129593899999989, 19.1843179 ], [ -99.129680900000011, 19.1842232 ], [ -99.1297722, 19.1841641 ], [ -99.1298676, 19.1841522 ], [ -99.1299713, 19.1841167 ], [ -99.1301012, 19.1839338 ], [ -99.1301958, 19.183703 ], [ -99.1302421, 19.1833564 ], [ -99.1302573, 19.1829508 ], [ -99.1303346, 19.1825527 ], [ -99.1304975, 19.1823092 ], [ -99.1308002, 19.1821026 ], [ -99.1310485, 19.1818074 ], [ -99.1312868, 19.1812533 ], [ -99.1314759, 19.1806296 ], [ -99.1316232, 19.1803936 ], [ -99.1318637, 19.1800542 ], [ -99.1319798, 19.1796191 ], [ -99.1320727, 19.1792725 ], [ -99.1321579, 19.1790071 ], [ -99.1322431, 19.1787563 ], [ -99.1323946, 19.1785322 ], [ -99.1324018, 19.1782121 ], [ -99.1323262, 19.1779616 ], [ -99.1322959, 19.1777039 ], [ -99.1322957, 19.1774677 ], [ -99.1323256, 19.1772171 ], [ -99.1324385, 19.1769736 ], [ -99.1325049, 19.1767723 ], [ -99.1325022, 19.1766693 ], [ -99.1324143, 19.176537 ], [ -99.1323109, 19.1763949 ], [ -99.1322494, 19.176215 ], [ -99.1321612, 19.175837 ], [ -99.1321327, 19.1755014 ], [ -99.132063699999989, 19.1751201 ], [ -99.1319502, 19.1748645 ], [ -99.1317516, 19.1745485 ], [ -99.1313828, 19.1740375 ], [ -99.1311063, 19.1738427 ], [ -99.1309119, 19.1736033 ], [ -99.130795, 19.1734204 ], [ -99.1304689, 19.172971 ], [ -99.1301967, 19.1726707 ], [ -99.130073, 19.172515 ], [ -99.1300339, 19.1724464 ], [ -99.1299494, 19.1723603 ], [ -99.1299505, 19.172246 ], [ -99.1299628, 19.1721959 ], [ -99.1299971, 19.1721375 ], [ -99.130071500000014, 19.1720835 ], [ -99.1302444, 19.1720081 ], [ -99.1303419, 19.1719594 ], [ -99.1304097, 19.1719098 ], [ -99.1304618, 19.1718553 ], [ -99.1304774, 19.1718007 ], [ -99.1305089, 19.171644 ], [ -99.1305432, 19.1713936 ], [ -99.130533, 19.1710475 ], [ -99.1305197, 19.1708377 ], [ -99.1304779, 19.1707215 ], [ -99.1305145, 19.1705728 ], [ -99.1305208, 19.1704021 ], [ -99.1303135, 19.1688591 ], [ -99.1301742, 19.1682205 ], [ -99.1302023, 19.167264 ], [ -99.1302175, 19.1665794 ], [ -99.1303148, 19.1659061 ], [ -99.130471, 19.1654089 ], [ -99.1306414, 19.1649004 ], [ -99.131068500000012, 19.1640555 ], [ -99.1316503, 19.1631855 ], [ -99.1318146, 19.1626089 ], [ -99.1319764, 19.1621266 ], [ -99.1322486, 19.1616091 ], [ -99.1323987, 19.1612838 ], [ -99.1325233, 19.160848 ], [ -99.1326949, 19.1601344 ], [ -99.132725, 19.1593387 ], [ -99.1328247, 19.1585837 ], [ -99.1328948, 19.1577275 ], [ -99.1327953, 19.1566237 ], [ -99.1328366, 19.155825 ], [ -99.1327953, 19.1548808 ], [ -99.132555, 19.1542983 ], [ -99.1324678, 19.1539897 ], [ -99.1326115, 19.1533816 ], [ -99.1326003, 19.1532197 ], [ -99.1325816, 19.1531211 ], [ -99.1325088, 19.1530264 ], [ -99.1321416, 19.1529214 ], [ -99.1316581, 19.1526345 ], [ -99.1314033, 19.1526535 ], [ -99.131050699999989, 19.1526687 ], [ -99.130244300000015, 19.1525442 ], [ -99.1191301, 19.172873 ], [ -99.1186541, 19.1737427 ], [ -99.1134184, 19.1833023 ], [ -99.1126606, 19.1846927 ], [ -99.1123306, 19.1852955 ], [ -99.1116624, 19.1865133 ], [ -99.111484100000013, 19.1868341 ], [ -99.1102763, 19.1890445 ], [ -99.109118, 19.1911613 ], [ -99.1090168, 19.1913463 ], [ -99.1088172, 19.191711 ], [ -99.1086282, 19.1920565 ], [ -99.1084376, 19.1924048 ], [ -99.1080995, 19.1930225 ], [ -99.1069481, 19.1951266 ], [ -99.1069281, 19.1951632 ], [ -99.1067435, 19.1955005 ], [ -99.1067329, 19.1955199 ], [ -99.106715, 19.1955525 ], [ -99.1065292, 19.1958921 ], [ -99.1065194, 19.19591 ], [ -99.1065096, 19.1959278 ], [ -99.1063161, 19.1962815 ], [ -99.106308200000015, 19.1962958 ], [ -99.1062996, 19.1963116 ], [ -99.1059917, 19.1968741 ], [ -99.105985499999989, 19.1968856 ], [ -99.1058116, 19.1972033 ], [ -99.105803099999989, 19.1972188 ], [ -99.105803, 19.1972191 ], [ -99.1057918, 19.1972394 ], [ -99.1057733, 19.1972733 ], [ -99.1057455, 19.1973242 ], [ -99.1057453, 19.1973244 ], [ -99.1057364, 19.1973407 ], [ -99.1055331, 19.1976586 ], [ -99.105518, 19.1976823 ], [ -99.1055176, 19.1976828 ], [ -99.105505799999989, 19.1977013 ], [ -99.1055056, 19.1977016 ], [ -99.1052914, 19.1980366 ], [ -99.1052814, 19.1980523 ], [ -99.1052777, 19.198058 ], [ -99.1052766, 19.1980604 ], [ -99.105275, 19.1980641 ], [ -99.1052645, 19.1980875 ], [ -99.105181800000011, 19.1982731 ], [ -99.1047542, 19.1982134 ], [ -99.1046978, 19.1982055 ], [ -99.1046583, 19.1982793 ], [ -99.1046372, 19.1983368 ], [ -99.1046353, 19.1983517 ], [ -99.1046315, 19.198382 ], [ -99.1046089, 19.1984258 ], [ -99.1047255, 19.1984934 ], [ -99.1047789, 19.1985609 ], [ -99.1048243, 19.1986562 ], [ -99.104851, 19.1987663 ], [ -99.1048442, 19.1988661 ], [ -99.1047997, 19.1989642 ], [ -99.1047256, 19.1990464 ], [ -99.1041963, 19.1993672 ], [ -99.104123300000012, 19.1994107 ], [ -99.104080599999989, 19.1994364 ], [ -99.1032679, 19.1999262 ], [ -99.1031139, 19.2000183 ], [ -99.10262920000001, 19.2003111 ], [ -99.1023998, 19.2004648 ], [ -99.1022731, 19.2006282 ], [ -99.1022469, 19.200662 ], [ -99.102170300000012, 19.200828 ], [ -99.1021176, 19.2010518 ], [ -99.1020865, 19.2015723 ], [ -99.1020701, 19.2018464 ], [ -99.10202240000001, 19.2022805 ], [ -99.1019636, 19.2026461 ], [ -99.1019332, 19.2034343 ], [ -99.1018997, 19.2038234 ], [ -99.1018708, 19.2042008 ], [ -99.1018543, 19.2044304 ], [ -99.1018147, 19.2046216 ], [ -99.1017804, 19.2047192 ], [ -99.1017637, 19.2047628 ], [ -99.1017459, 19.2048089 ], [ -99.1016931, 19.2048918 ], [ -99.10159, 19.2050149 ], [ -99.1011476, 19.2055312 ], [ -99.1010023, 19.2057008 ], [ -99.1009844, 19.2057216 ], [ -99.1008861, 19.2058247 ], [ -99.100802, 19.205895 ], [ -99.1006989, 19.2059553 ], [ -99.1006356, 19.2059845 ], [ -99.1006063, 19.205998 ], [ -99.1003751, 19.2060725 ], [ -99.1002561, 19.2061152 ], [ -99.1001821, 19.2061705 ], [ -99.100124, 19.2062459 ], [ -99.1000843, 19.2063212 ], [ -99.1000579, 19.2064141 ], [ -99.1000448, 19.2065195 ], [ -99.1000261, 19.2069934 ], [ -99.100013, 19.207144 ], [ -99.099976, 19.207267 ], [ -99.0999205, 19.2073856 ], [ -99.099830700000012, 19.2074956 ], [ -99.0993691, 19.2079908 ], [ -99.0993059, 19.2080694 ], [ -99.0992694, 19.2081052 ], [ -99.0992125, 19.2081473 ], [ -99.0991632, 19.2081643 ], [ -99.09911, 19.2081828 ], [ -99.0990374, 19.2081966 ], [ -99.0989451, 19.2082094 ], [ -99.0988956, 19.2082114 ], [ -99.0988195, 19.208215 ], [ -99.0984884, 19.2082152 ], [ -99.0984105, 19.2082209 ], [ -99.098350599999989, 19.2082267 ], [ -99.098269, 19.2082382 ], [ -99.0981374, 19.2082724 ], [ -99.0979618, 19.2083248 ], [ -99.0979443, 19.20833 ], [ -99.097138700000016, 19.2085927 ], [ -99.0969959, 19.2086307 ], [ -99.0968731, 19.2086539 ], [ -99.0967774, 19.2086644 ], [ -99.0966797, 19.2086648 ], [ -99.0965507, 19.2086521 ], [ -99.0964328, 19.2086267 ], [ -99.0962732, 19.2085988 ], [ -99.0961229, 19.208573 ], [ -99.0959741, 19.2085541 ], [ -99.0958561, 19.2085559 ], [ -99.0957744, 19.2085783 ], [ -99.095687, 19.2086279 ], [ -99.0956115, 19.2087179 ], [ -99.0955551, 19.2088032 ], [ -99.0954143, 19.2090156 ], [ -99.0952532, 19.209259 ], [ -99.0951596, 19.2094386 ], [ -99.0950989, 19.20959 ], [ -99.0950762, 19.2097414 ], [ -99.0950645, 19.210079 ], [ -99.094996, 19.2110743 ], [ -99.0949758, 19.2111512 ], [ -99.0949455, 19.2112209 ], [ -99.0948999, 19.2112833 ], [ -99.0948342, 19.2113608 ], [ -99.0947431, 19.2114329 ], [ -99.0946545, 19.211493 ], [ -99.0945609, 19.2115387 ], [ -99.094485, 19.2115531 ], [ -99.0943964, 19.2115532 ], [ -99.0942951, 19.2115244 ], [ -99.0942043, 19.211474 ], [ -99.0941357, 19.2114158 ], [ -99.0940093, 19.2113084 ], [ -99.0937702, 19.2111391 ], [ -99.0936853, 19.2110789 ], [ -99.0935421, 19.2110087 ], [ -99.0933889, 19.2109645 ], [ -99.0931809, 19.2109299 ], [ -99.0929293, 19.2109188 ], [ -99.0923917, 19.2108925 ], [ -99.0920651, 19.2109059 ], [ -99.091717, 19.2109201 ], [ -99.090965400000016, 19.2110194 ], [ -99.0909365, 19.2110284 ], [ -99.090874, 19.2110479 ], [ -99.0908731, 19.2110482 ], [ -99.0908729, 19.2110482 ], [ -99.0906948, 19.2110957 ], [ -99.089392, 19.2113629 ], [ -99.0892902, 19.2113837 ], [ -99.08929, 19.2113838 ], [ -99.0890326, 19.2114366 ], [ -99.0884233, 19.2115615 ], [ -99.0882281, 19.2116016 ], [ -99.0865003, 19.211956 ], [ -99.0863132, 19.2119943 ], [ -99.085745, 19.2121109 ], [ -99.0844096, 19.2123847 ], [ -99.0842091, 19.2124258 ], [ -99.0837701, 19.2125159 ], [ -99.0836429, 19.2125419 ], [ -99.0834727, 19.2125768 ], [ -99.0830511, 19.2126633 ], [ -99.082509, 19.212777 ], [ -99.0820593, 19.2128714 ], [ -99.0819661, 19.2128909 ], [ -99.080895700000013, 19.2131155 ], [ -99.0803556, 19.2132277 ], [ -99.0800587, 19.2132893 ], [ -99.0793719, 19.2134319 ], [ -99.0788345, 19.2135435 ], [ -99.078704, 19.2135705 ], [ -99.0785338, 19.2136059 ], [ -99.0781279, 19.2136901 ], [ -99.07782, 19.213754 ], [ -99.077721, 19.2137746 ], [ -99.0767535, 19.2139754 ], [ -99.0757902, 19.2141754 ], [ -99.0735866, 19.2146328 ], [ -99.0723072, 19.2148983 ], [ -99.071064299999989, 19.2151563 ], [ -99.0690715, 19.2155699 ], [ -99.067771799999989, 19.2158396 ], [ -99.0673255, 19.2159322 ], [ -99.0663087, 19.2161432 ], [ -99.0658038, 19.216248 ], [ -99.0643302, 19.2165538 ], [ -99.0632078, 19.2167866 ], [ -99.0605434, 19.2173384 ], [ -99.0601572, 19.2174184 ], [ -99.0591894, 19.2176188 ], [ -99.0581633, 19.2178313 ], [ -99.0567163, 19.2181309 ], [ -99.0563532, 19.2182061 ], [ -99.0559837, 19.2182826 ], [ -99.053839200000013, 19.2187276 ], [ -99.0530976, 19.2188815 ], [ -99.0523547, 19.2190357 ], [ -99.0523528, 19.2190361 ], [ -99.0494846, 19.2196312 ], [ -99.0491437, 19.2197019 ], [ -99.0482655, 19.2198841 ], [ -99.0478672, 19.2199668 ], [ -99.047832, 19.2199741 ], [ -99.0476625, 19.2200092 ], [ -99.0468233, 19.2201833 ], [ -99.0466635, 19.2202165 ], [ -99.046644, 19.2202205 ], [ -99.0430226, 19.2209719 ], [ -99.0427853, 19.2210211 ], [ -99.0424681, 19.2210869 ], [ -99.0421688, 19.221149 ], [ -99.0417865, 19.2212284 ], [ -99.0411247, 19.2213657 ], [ -99.0401053, 19.2215774 ], [ -99.038040099999989, 19.222006 ], [ -99.037596600000015, 19.2220981 ], [ -99.0369397, 19.2222344 ], [ -99.0367316, 19.2222776 ], [ -99.0364189, 19.2223424 ], [ -99.0362837, 19.2223704 ], [ -99.0357864, 19.2224735 ], [ -99.0352088, 19.2225932 ], [ -99.034061, 19.2228312 ], [ -99.0328742, 19.2230772 ], [ -99.030193, 19.2236329 ], [ -99.0279048, 19.2263293 ], [ -99.018204, 19.2376763 ], [ -99.0178611, 19.2382286 ], [ -99.017753, 19.2384961 ], [ -99.0177492, 19.2385056 ], [ -99.0177349, 19.2385409 ], [ -99.0176721, 19.2386036 ], [ -99.0176609, 19.2386147 ], [ -99.017647599999989, 19.238628 ], [ -99.0172353, 19.2390396 ], [ -99.017229, 19.239046 ], [ -99.0167798, 19.2394944 ], [ -99.0166871, 19.239587 ], [ -99.0166769, 19.2395973 ], [ -99.0166639, 19.2396106 ], [ -99.0164684, 19.2398095 ], [ -99.0157426, 19.2405481 ], [ -99.0156174, 19.2407396 ], [ -99.0155581, 19.2407925 ], [ -99.0154898, 19.240857 ], [ -99.0154148, 19.2409895 ], [ -99.0154057, 19.2410157 ], [ -99.0152822, 19.2413735 ], [ -99.0150635, 19.2418572 ], [ -99.0149827, 19.2420983 ], [ -99.0149546, 19.2422548 ], [ -99.0149348, 19.2424596 ], [ -99.0148496, 19.2426063 ], [ -99.0146392, 19.2429215 ], [ -99.0145313, 19.2431511 ], [ -99.0144492, 19.2433257 ], [ -99.0143961, 19.2434389 ], [ -99.0143281, 19.2435836 ], [ -99.0143031, 19.2436367 ], [ -99.0141744, 19.2440037 ], [ -99.0141528, 19.244085 ], [ -99.0141481, 19.2441026 ], [ -99.0141128, 19.2442353 ], [ -99.0140734, 19.2443528 ], [ -99.0140627, 19.2443953 ], [ -99.0140564, 19.2444205 ], [ -99.0140222, 19.2445562 ], [ -99.0139955, 19.2446803 ], [ -99.0139718, 19.2448506 ], [ -99.013957499999989, 19.2449183 ], [ -99.013916900000012, 19.2451112 ], [ -99.0128274, 19.2448072 ], [ -99.0125653, 19.244734 ], [ -99.0124753, 19.2450143 ], [ -99.0127094, 19.2451425 ], [ -99.0124681, 19.2459317 ], [ -99.0123969, 19.2461229 ], [ -99.012385099999989, 19.2463568 ], [ -99.012296, 19.2465139 ], [ -99.0111914, 19.2460528 ], [ -99.0111319, 19.2461314 ], [ -99.0111454, 19.2462042 ], [ -99.01112280000001, 19.2465283 ], [ -99.011072399999989, 19.2467221 ], [ -99.010821400000012, 19.2470055 ], [ -99.01062610000001, 19.2470031 ], [ -99.0105108, 19.2470725 ], [ -99.0104594, 19.247143 ], [ -99.010352, 19.2473208 ], [ -99.0101375, 19.247666 ], [ -99.0098042, 19.2482645 ], [ -99.0097704, 19.248483 ], [ -99.009768, 19.2484939 ], [ -99.009714699999989, 19.2487297 ], [ -99.0096005, 19.2490709 ], [ -99.0095083, 19.2493619 ], [ -99.0095021, 19.2493807 ], [ -99.0093522, 19.2496945 ], [ -99.0092089, 19.249995 ], [ -99.009065299999989, 19.250297 ], [ -99.008882899999989, 19.2506751 ], [ -99.008822, 19.2506786 ], [ -99.0086525, 19.2507677 ], [ -99.0084387, 19.2506938 ], [ -99.008265, 19.250728 ], [ -99.0079469, 19.250546 ], [ -99.0076895, 19.2510239 ], [ -99.0075055, 19.2507791 ], [ -99.0074859, 19.2508143 ], [ -99.0074205, 19.2509317 ], [ -99.0072836, 19.2511774 ], [ -99.007044799999989, 19.2516059 ], [ -99.0076187, 19.2521693 ], [ -99.0077666, 19.2523154 ], [ -99.0081305, 19.2527179 ], [ -99.008344799999989, 19.2529448 ], [ -99.0085812, 19.2531955 ], [ -99.0092408, 19.2539268 ], [ -99.0098123, 19.2544882 ], [ -99.009858, 19.2545331 ], [ -99.0106934, 19.2553417 ], [ -99.0108253, 19.2554665 ], [ -99.011029799999989, 19.2556045 ], [ -99.011287599999989, 19.2557291 ], [ -99.0113243, 19.2556478 ], [ -99.0116983, 19.2560111 ], [ -99.011829, 19.2562446 ], [ -99.0117717, 19.2566601 ], [ -99.0118505, 19.2567751 ], [ -99.0119854, 19.2569615 ], [ -99.012185, 19.2572278 ], [ -99.0125252, 19.257632 ], [ -99.0126775, 19.2577872 ], [ -99.012834, 19.2579471 ], [ -99.0128484, 19.2579589 ], [ -99.0129648, 19.2580551 ], [ -99.013013, 19.2580896 ], [ -99.0132172, 19.2582359 ], [ -99.0134434, 19.2583737 ], [ -99.0137224, 19.2584967 ], [ -99.0139168, 19.2585792 ], [ -99.0141895, 19.2587095 ], [ -99.014443, 19.2588106 ], [ -99.0148611, 19.2589939 ], [ -99.015206299999988, 19.259164 ], [ -99.0155603, 19.2593385 ], [ -99.0159554, 19.2595526 ], [ -99.0160825, 19.2596792 ], [ -99.0161541, 19.2597505 ], [ -99.0163888, 19.2598943 ], [ -99.0164595, 19.2599285 ], [ -99.0165151, 19.2599555 ], [ -99.0165686, 19.25998 ], [ -99.0166248, 19.2599993 ], [ -99.0168594, 19.2600798 ], [ -99.0169028, 19.2600947 ], [ -99.0172723, 19.2602213 ], [ -99.0172861, 19.2602258 ], [ -99.017422, 19.2602698 ], [ -99.0175712, 19.260322 ], [ -99.0179446, 19.2604587 ], [ -99.0186741, 19.2607437 ], [ -99.0188323, 19.2608038 ], [ -99.0189078, 19.2608326 ], [ -99.0189918, 19.2608645 ], [ -99.0190291, 19.2608784 ], [ -99.0190295, 19.2608785 ], [ -99.019074300000014, 19.2608951 ], [ -99.0193044, 19.260976 ], [ -99.019742600000015, 19.2611507 ], [ -99.0198253, 19.2610292 ], [ -99.020057799999989, 19.2609641 ], [ -99.0203263, 19.2609195 ], [ -99.0205182, 19.2609346 ], [ -99.0207524, 19.2609571 ], [ -99.0210323, 19.2610173 ], [ -99.021095, 19.2610305 ], [ -99.0213002, 19.2610694 ], [ -99.0215116, 19.2611157 ], [ -99.0217545, 19.2611738 ], [ -99.0220116, 19.261239 ], [ -99.022535499999989, 19.2613724 ], [ -99.0229009, 19.2614609 ], [ -99.0240166, 19.2617472 ], [ -99.0240572, 19.2617572 ], [ -99.0243506, 19.261821 ], [ -99.0248203, 19.2619319 ], [ -99.0250821, 19.2620098 ], [ -99.0253886, 19.2620848 ], [ -99.0258422, 19.2622052 ], [ -99.0260398, 19.2619436 ], [ -99.0264725, 19.2617688 ], [ -99.0268595, 19.2617608 ], [ -99.0271193, 19.2619384 ], [ -99.0272005, 19.261837 ], [ -99.0278959, 19.2622223 ], [ -99.0293007, 19.2623746 ], [ -99.0295659, 19.2624844 ], [ -99.029820300000011, 19.2625955 ], [ -99.0302809, 19.2629412 ], [ -99.0304305, 19.263144 ], [ -99.0304681, 19.263251 ], [ -99.0305359, 19.2641685 ], [ -99.030845899999989, 19.2646373 ], [ -99.0310659, 19.2649325 ], [ -99.0326709, 19.2666922 ], [ -99.0330219, 19.2671169 ], [ -99.0337339, 19.2677038 ], [ -99.0346439, 19.2687452 ], [ -99.0346541, 19.2687601 ], [ -99.0353538, 19.269794 ], [ -99.0353608, 19.2698044 ], [ -99.0356715, 19.2702634 ], [ -99.0359437, 19.2706366 ], [ -99.0364639, 19.2709768 ], [ -99.0373194, 19.2717057 ], [ -99.037492, 19.2717617 ], [ -99.0375589, 19.2717826 ], [ -99.0383717, 19.2720364 ], [ -99.0385895, 19.2721322 ], [ -99.0395277, 19.2726504 ], [ -99.0402273, 19.2730568 ], [ -99.0404312, 19.273254 ], [ -99.0414514, 19.2737805 ], [ -99.0451, 19.2748641 ], [ -99.0473223, 19.2755986 ], [ -99.048287, 19.2759782 ], [ -99.0505676, 19.2775037 ], [ -99.0523716, 19.278482 ], [ -99.0538709, 19.2790857 ], [ -99.0544983, 19.2793672 ], [ -99.0547891, 19.2794268 ], [ -99.0551597, 19.2794588 ], [ -99.056072700000016, 19.2794564 ], [ -99.0567629, 19.2795003 ], [ -99.0576003, 19.2796289 ], [ -99.0585754, 19.2799096 ], [ -99.0596726, 19.2802849 ], [ -99.064370200000013, 19.2819928 ], [ -99.0646451, 19.2821138 ], [ -99.0683106, 19.2844393 ], [ -99.0689668, 19.2849559 ], [ -99.0691529, 19.2850857 ], [ -99.069879899999989, 19.2857347 ], [ -99.0713758, 19.2870701 ], [ -99.0721852, 19.2878183 ], [ -99.0723565, 19.2879482 ], [ -99.0740741, 19.289099 ], [ -99.0744873, 19.2893718 ], [ -99.0749411, 19.2896981 ], [ -99.0752459, 19.2900793 ], [ -99.07591, 19.2909862 ], [ -99.0772257, 19.2928487 ], [ -99.0773153, 19.2929629 ], [ -99.077719699999989, 19.293228 ], [ -99.078023, 19.293474 ], [ -99.0786593, 19.2942131 ], [ -99.0789706, 19.2945885 ], [ -99.0792064, 19.2948681 ], [ -99.079694, 19.2954539 ], [ -99.0799713, 19.2957678 ], [ -99.0803711, 19.2962372 ], [ -99.0823181, 19.2985832 ], [ -99.083168199999989, 19.2996523 ], [ -99.083372, 19.3000789 ], [ -99.0835907, 19.3004096 ], [ -99.0838443, 19.3007239 ], [ -99.0841127, 19.30104 ], [ -99.0843582, 19.301367 ], [ -99.0844717, 19.301515 ], [ -99.0845852, 19.3016629 ], [ -99.0848568, 19.301981 ], [ -99.0851333, 19.3022698 ], [ -99.0853838, 19.3025913 ], [ -99.0856248, 19.3028887 ], [ -99.0858753, 19.3031908 ], [ -99.086157899999989, 19.3035044 ], [ -99.086291800000012, 19.3036042 ], [ -99.0867183, 19.3037954 ], [ -99.0871854, 19.3041497 ], [ -99.0871984, 19.3041656 ], [ -99.0874656, 19.3044837 ], [ -99.0876589, 19.3046819 ], [ -99.0879355, 19.3053249 ], [ -99.0879499, 19.3053419 ], [ -99.0881448, 19.305573 ], [ -99.088348599999989, 19.3058483 ], [ -99.0883904, 19.3059049 ], [ -99.0884038, 19.3059176 ], [ -99.088443399999989, 19.3059551 ], [ -99.0886152, 19.3061529 ], [ -99.0886532, 19.3061914 ], [ -99.088841, 19.3063815 ], [ -99.0889616, 19.3065036 ], [ -99.089021, 19.3065637 ], [ -99.089043300000014, 19.3065946 ], [ -99.089232600000017, 19.3068576 ], [ -99.0893063, 19.3069397 ], [ -99.0893741, 19.3070153 ], [ -99.0894869, 19.307141 ], [ -99.0895591, 19.3073035 ], [ -99.0896013, 19.3073986 ], [ -99.089669, 19.3074896 ], [ -99.0897717, 19.3076278 ], [ -99.0898771, 19.3077277 ], [ -99.0900252, 19.307871 ], [ -99.0902924, 19.3081295 ], [ -99.090364799999989, 19.3082266 ], [ -99.0903788, 19.3082444 ], [ -99.090535, 19.308444 ], [ -99.0905729, 19.3084883 ], [ -99.0907988, 19.3087524 ], [ -99.0908143, 19.3087706 ], [ -99.0914193, 19.3095672 ], [ -99.0917356, 19.3099866 ], [ -99.0917938, 19.3100521 ], [ -99.0919269, 19.3102115 ], [ -99.0922499, 19.3105846 ], [ -99.092349, 19.3106798 ], [ -99.092619, 19.3109885 ], [ -99.0926792, 19.3110627 ], [ -99.0927279, 19.3111228 ], [ -99.0928343, 19.3112628 ], [ -99.0931829, 19.3117022 ], [ -99.0932236, 19.3117572 ], [ -99.093573, 19.3122045 ], [ -99.0939352, 19.3126682 ], [ -99.094089, 19.3128683 ], [ -99.094265400000012, 19.3127715 ], [ -99.094965, 19.3136913 ], [ -99.0958505, 19.314815 ], [ -99.0967569, 19.3159884 ], [ -99.0974404, 19.3168264 ], [ -99.0977101, 19.317173 ], [ -99.098238, 19.3179597 ], [ -99.0984426, 19.3182727 ], [ -99.0986465, 19.3185902 ], [ -99.0986855, 19.3186744 ], [ -99.0987097, 19.3187949 ], [ -99.0986453, 19.3189576 ], [ -99.0984887, 19.3190381 ], [ -99.098696499999988, 19.3196414 ], [ -99.0988007, 19.3204482 ], [ -99.0990592, 19.3204419 ] ] ] } },
{ "type": "Feature", "properties": { "CVEGEO": "09014", "CVE_ENT": "09", "CVE_MUN": "014", "NOMGEO": "Benito Juárez" }, "geometry": { "type": "Polygon", "coordinates": [ [ [ -99.1479456, 19.4040196 ], [ -99.1484947, 19.4040284 ], [ -99.1486072, 19.4040316 ], [ -99.1487739, 19.4040329 ], [ -99.149736300000015, 19.4040408 ], [ -99.1500548, 19.4040468 ], [ -99.1501996, 19.4040495 ], [ -99.150205, 19.4040497 ], [ -99.1503758, 19.4040499 ], [ -99.1511414, 19.4040512 ], [ -99.1512338, 19.4040524 ], [ -99.1517731, 19.4040588 ], [ -99.1524181, 19.4040579 ], [ -99.1531086, 19.4040553 ], [ -99.1552267, 19.4040598 ], [ -99.1553951, 19.4040602 ], [ -99.1555763, 19.4040602 ], [ -99.1561659, 19.4040601 ], [ -99.1563292, 19.4040633 ], [ -99.1567006, 19.404024 ], [ -99.1569569, 19.403983 ], [ -99.1571737, 19.4039331 ], [ -99.1577283, 19.4037855 ], [ -99.1581473, 19.4036609 ], [ -99.1585372, 19.4035469 ], [ -99.158988799999989, 19.4034133 ], [ -99.1596867, 19.4032006 ], [ -99.1602027, 19.4030503 ], [ -99.1603377, 19.403011 ], [ -99.1607662, 19.4028795 ], [ -99.1608852, 19.4028429 ], [ -99.1613301, 19.4027062 ], [ -99.1617712, 19.4025748 ], [ -99.1622854, 19.4024055 ], [ -99.1624044, 19.4023689 ], [ -99.162685, 19.4022825 ], [ -99.1630165, 19.4021743 ], [ -99.1632473, 19.4021012 ], [ -99.1638066, 19.4019069 ], [ -99.1643319, 19.4017156 ], [ -99.1647628, 19.4015319 ], [ -99.1652659, 19.4013303 ], [ -99.1655689, 19.4012169 ], [ -99.1658718, 19.4011036 ], [ -99.1664779, 19.4008789 ], [ -99.1671223, 19.4006282 ], [ -99.1675428, 19.4004835 ], [ -99.1677552, 19.4004262 ], [ -99.1678973, 19.400388 ], [ -99.1679636, 19.4003723 ], [ -99.168035, 19.4003555 ], [ -99.1680691, 19.4003475 ], [ -99.1681962, 19.4003175 ], [ -99.1689489, 19.4001401 ], [ -99.1701043, 19.3998679 ], [ -99.1704355, 19.3997898 ], [ -99.1722543, 19.399234 ], [ -99.1731071, 19.3989735 ], [ -99.1733821, 19.3988894 ], [ -99.1739879, 19.3987031 ], [ -99.1744523, 19.3985602 ], [ -99.174469, 19.3985551 ], [ -99.1745188, 19.3985398 ], [ -99.1755324, 19.3980941 ], [ -99.1760462, 19.3979805 ], [ -99.1766404, 19.3978491 ], [ -99.1767232, 19.3978317 ], [ -99.177727499999989, 19.3976199 ], [ -99.1777774, 19.3976094 ], [ -99.178201300000012, 19.3975205 ], [ -99.1789032, 19.397369 ], [ -99.1795116, 19.3974003 ], [ -99.1801495, 19.3972719 ], [ -99.1809575, 19.3970959 ], [ -99.1812095, 19.3970926 ], [ -99.181713500000015, 19.3969943 ], [ -99.1821012, 19.3969614 ], [ -99.1822427, 19.3968674 ], [ -99.1824633, 19.3967613 ], [ -99.183416799999989, 19.3964106 ], [ -99.1840971, 19.3961574 ], [ -99.184299, 19.3961339 ], [ -99.1845249, 19.3961047 ], [ -99.1852083, 19.3959635 ], [ -99.1853117, 19.3959333 ], [ -99.1859617, 19.395752 ], [ -99.186376, 19.3956486 ], [ -99.1864897, 19.3956414 ], [ -99.1875486, 19.3956926 ], [ -99.1875982, 19.3956923 ], [ -99.1878221, 19.3956793 ], [ -99.1885102, 19.395645 ], [ -99.1886167, 19.3956334 ], [ -99.1890552, 19.3955903 ], [ -99.188706599999989, 19.3947476 ], [ -99.1886797, 19.394675 ], [ -99.1885693, 19.3944152 ], [ -99.18845180000001, 19.3941281 ], [ -99.1884144, 19.3940183 ], [ -99.1883932, 19.3939191 ], [ -99.1883725, 19.3938174 ], [ -99.1883642, 19.3936335 ], [ -99.1883703, 19.3934381 ], [ -99.1884133, 19.3932302 ], [ -99.1887123, 19.3923519 ], [ -99.1888158, 19.3920166 ], [ -99.1890376, 19.3911507 ], [ -99.1893155, 19.3900954 ], [ -99.1894698, 19.3894974 ], [ -99.1894965, 19.3893951 ], [ -99.1896579, 19.3887686 ], [ -99.189809, 19.3882004 ], [ -99.1898387, 19.3880907 ], [ -99.189987, 19.3875261 ], [ -99.1901661, 19.3868527 ], [ -99.1903388, 19.3861888 ], [ -99.1904021, 19.3860106 ], [ -99.1908352, 19.3850207 ], [ -99.190998, 19.3846392 ], [ -99.191246299999989, 19.3840572 ], [ -99.1912491, 19.3840506 ], [ -99.1913212, 19.3838817 ], [ -99.191391599999989, 19.3837165 ], [ -99.1916726, 19.38303 ], [ -99.1916852, 19.3829746 ], [ -99.1916982, 19.3829148 ], [ -99.1917337, 19.3826808 ], [ -99.1917459, 19.3816339 ], [ -99.191748, 19.3813392 ], [ -99.1917542, 19.3808314 ], [ -99.1917549, 19.3803581 ], [ -99.1917571, 19.3796333 ], [ -99.1917049, 19.3789294 ], [ -99.1916951, 19.3787939 ], [ -99.1916395, 19.3780583 ], [ -99.1916302, 19.3778828 ], [ -99.1916255, 19.377669 ], [ -99.1916375, 19.3774151 ], [ -99.1917742, 19.3762646 ], [ -99.1917919, 19.3761233 ], [ -99.1919079, 19.3752841 ], [ -99.192052499999988, 19.3742478 ], [ -99.192134400000015, 19.373598 ], [ -99.1921406, 19.3734035 ], [ -99.1921368, 19.3733243 ], [ -99.1921165, 19.3731959 ], [ -99.192101799999989, 19.3730975 ], [ -99.1920062, 19.3728133 ], [ -99.1919186, 19.372628 ], [ -99.1918273, 19.3724153 ], [ -99.1917257, 19.37216 ], [ -99.1916789, 19.3719958 ], [ -99.1916555, 19.3718696 ], [ -99.1916405, 19.3716545 ], [ -99.191647, 19.3715111 ], [ -99.1917409, 19.3706826 ], [ -99.1917999, 19.370151 ], [ -99.1918159, 19.3699697 ], [ -99.1918134, 19.3697295 ], [ -99.1917961, 19.3694703 ], [ -99.191762700000012, 19.3692519 ], [ -99.1917268, 19.3690899 ], [ -99.1916597, 19.3688675 ], [ -99.1916263, 19.3687706 ], [ -99.1915316, 19.3685455 ], [ -99.1914337, 19.368377 ], [ -99.1912203, 19.3679804 ], [ -99.191005499999989, 19.367595 ], [ -99.1909073, 19.3674216 ], [ -99.1908441, 19.3672586 ], [ -99.1907993, 19.3670859 ], [ -99.190782399999989, 19.3669902 ], [ -99.1907659, 19.3668868 ], [ -99.190756, 19.3667884 ], [ -99.19078, 19.3664349 ], [ -99.1908268, 19.3658519 ], [ -99.1909365, 19.3648356 ], [ -99.191093099999989, 19.3634898 ], [ -99.1905019, 19.36332 ], [ -99.1901512, 19.3632308 ], [ -99.1891335, 19.3630142 ], [ -99.1886743, 19.3629964 ], [ -99.1884454, 19.3630281 ], [ -99.1883047, 19.363016 ], [ -99.1882136, 19.3630039 ], [ -99.1881138, 19.3629803 ], [ -99.1880044, 19.3629451 ], [ -99.1878446, 19.3628832 ], [ -99.1870048, 19.3622634 ], [ -99.186793099999988, 19.3621543 ], [ -99.1866235, 19.3620699 ], [ -99.1856849, 19.3617246 ], [ -99.1855414, 19.361719 ], [ -99.1853735, 19.3617338 ], [ -99.1849987, 19.3617728 ], [ -99.184832899999989, 19.3617803 ], [ -99.183881500000012, 19.3617053 ], [ -99.183712, 19.3617181 ], [ -99.183536, 19.3617813 ], [ -99.1831126, 19.36206 ], [ -99.182676199999989, 19.3623472 ], [ -99.1823265, 19.3625551 ], [ -99.1818504, 19.3627111 ], [ -99.1815428, 19.3628217 ], [ -99.1811979, 19.3629098 ], [ -99.1809724, 19.3629274 ], [ -99.1805473, 19.3629048 ], [ -99.1801992, 19.3629254 ], [ -99.1800006, 19.3629645 ], [ -99.1797974, 19.363036 ], [ -99.1796006, 19.3631497 ], [ -99.1794663, 19.3632511 ], [ -99.1793676, 19.3634469 ], [ -99.1792038, 19.3638071 ], [ -99.1788121, 19.3641806 ], [ -99.1783799, 19.3645961 ], [ -99.17815, 19.3648127 ], [ -99.177846699999989, 19.3650571 ], [ -99.1777419, 19.3651415 ], [ -99.1771935, 19.3645958 ], [ -99.1767634, 19.3641574 ], [ -99.1767216, 19.3641147 ], [ -99.1766924, 19.3640872 ], [ -99.176059400000014, 19.36349 ], [ -99.1757167, 19.3631667 ], [ -99.1751049, 19.3625895 ], [ -99.1748021, 19.3623037 ], [ -99.1746604, 19.3621659 ], [ -99.1745087, 19.3620163 ], [ -99.173981, 19.3614065 ], [ -99.1737075, 19.3610904 ], [ -99.1732764, 19.3606051 ], [ -99.1730822, 19.3604275 ], [ -99.1728592, 19.3602657 ], [ -99.1717061, 19.3595683 ], [ -99.1716913, 19.3595594 ], [ -99.1708321, 19.3590451 ], [ -99.1705574, 19.3588884 ], [ -99.1705135, 19.3588721 ], [ -99.170404100000013, 19.3588313 ], [ -99.1701592, 19.3587499 ], [ -99.1697818, 19.3586599 ], [ -99.1697649, 19.3586579 ], [ -99.1691996, 19.3585971 ], [ -99.169144, 19.3585932 ], [ -99.1685503, 19.358552 ], [ -99.1677689, 19.3585133 ], [ -99.1673265, 19.358491 ], [ -99.1671537, 19.3584823 ], [ -99.1663416, 19.3584353 ], [ -99.1649439, 19.3583619 ], [ -99.1641062, 19.3583101 ], [ -99.1635005, 19.3582726 ], [ -99.1618158, 19.3581753 ], [ -99.1617026, 19.3581695 ], [ -99.1604691, 19.3581056 ], [ -99.1600924, 19.3580852 ], [ -99.159104, 19.3580318 ], [ -99.1587782, 19.3580119 ], [ -99.1580802, 19.3579693 ], [ -99.1571572, 19.3579119 ], [ -99.1569538, 19.3578993 ], [ -99.1568728, 19.3578969 ], [ -99.1567956, 19.3578946 ], [ -99.1562007, 19.3578614 ], [ -99.1555801, 19.3578267 ], [ -99.1555661, 19.357826 ], [ -99.1546051, 19.3577723 ], [ -99.1544497, 19.3577655 ], [ -99.154292500000011, 19.3577586 ], [ -99.1539719, 19.3577455 ], [ -99.1537048, 19.3577345 ], [ -99.1534751, 19.357719 ], [ -99.1531607, 19.3576977 ], [ -99.1520157, 19.357639 ], [ -99.1514656, 19.3576023 ], [ -99.1513655, 19.3575989 ], [ -99.1512646, 19.3575955 ], [ -99.1504725, 19.3575564 ], [ -99.1500707, 19.3575329 ], [ -99.1496823, 19.3575121 ], [ -99.1488991, 19.3574708 ], [ -99.1481159, 19.3574284 ], [ -99.1480543, 19.3574251 ], [ -99.1476192, 19.3574077 ], [ -99.1474365, 19.3574003 ], [ -99.1472326, 19.3573922 ], [ -99.1469348, 19.3573848 ], [ -99.1467354, 19.35738 ], [ -99.1464078, 19.3573703 ], [ -99.146205600000016, 19.3573643 ], [ -99.1456035, 19.3573474 ], [ -99.1450742, 19.3573295 ], [ -99.1447923, 19.35732 ], [ -99.1443819, 19.3572961 ], [ -99.1440547, 19.3572718 ], [ -99.143857, 19.3572628 ], [ -99.1434997, 19.3572415 ], [ -99.1428938, 19.3571989 ], [ -99.1423761, 19.3571682 ], [ -99.1422775, 19.3571624 ], [ -99.1419746, 19.3571267 ], [ -99.141493, 19.3570686 ], [ -99.1411138, 19.3570225 ], [ -99.140925, 19.3569997 ], [ -99.1407729, 19.3569882 ], [ -99.1404242, 19.3569619 ], [ -99.139836, 19.3569176 ], [ -99.1398887, 19.35714 ], [ -99.1398938, 19.3573696 ], [ -99.1396563, 19.3583536 ], [ -99.1394, 19.3595368 ], [ -99.139188, 19.3604858 ], [ -99.1390403, 19.3611259 ], [ -99.1389038, 19.3618078 ], [ -99.138767, 19.3624607 ], [ -99.1386377, 19.3630806 ], [ -99.138519300000013, 19.3636309 ], [ -99.1383825, 19.3642875 ], [ -99.1382255, 19.3649113 ], [ -99.1380789, 19.365503 ], [ -99.1379503, 19.3660913 ], [ -99.137829599999989, 19.3667042 ], [ -99.1377386, 19.3672114 ], [ -99.1375574, 19.3680127 ], [ -99.1374178, 19.36862 ], [ -99.1371775, 19.3696165 ], [ -99.1369309, 19.3707904 ], [ -99.1367263, 19.3716266 ], [ -99.1364535, 19.3728717 ], [ -99.136229, 19.3738467 ], [ -99.1360002, 19.3748716 ], [ -99.135939, 19.3752295 ], [ -99.1357984, 19.3758713 ], [ -99.1357305, 19.3761916 ], [ -99.135487700000013, 19.377187 ], [ -99.1354437, 19.3774058 ], [ -99.135332, 19.3779608 ], [ -99.1349989, 19.3792676 ], [ -99.1349698, 19.3793982 ], [ -99.1347065, 19.380581 ], [ -99.1345603, 19.3812908 ], [ -99.1344422, 19.381933 ], [ -99.1344358, 19.3819675 ], [ -99.1344014, 19.3821282 ], [ -99.1343924, 19.38217 ], [ -99.1343241, 19.3825096 ], [ -99.1342005, 19.3831637 ], [ -99.1341756, 19.3832768 ], [ -99.134162800000013, 19.3833345 ], [ -99.1341452, 19.3834145 ], [ -99.1339225, 19.3844711 ], [ -99.1339186, 19.384487 ], [ -99.1339153, 19.384501 ], [ -99.1338928, 19.3845943 ], [ -99.133876199999989, 19.3846635 ], [ -99.13364, 19.3857076 ], [ -99.1336356, 19.3857271 ], [ -99.1336254, 19.385772 ], [ -99.133613, 19.3858203 ], [ -99.133577300000013, 19.3859597 ], [ -99.1334544, 19.38647 ], [ -99.1334102, 19.3866532 ], [ -99.1332158, 19.3874902 ], [ -99.1330451, 19.3883675 ], [ -99.133017, 19.3885085 ], [ -99.133006, 19.3885633 ], [ -99.1328789, 19.3892063 ], [ -99.1327628, 19.3897365 ], [ -99.1327171, 19.3899796 ], [ -99.1326778, 19.3901684 ], [ -99.132674099999988, 19.3901865 ], [ -99.1324112, 19.3911104 ], [ -99.1323978, 19.3911572 ], [ -99.1323692, 19.3912789 ], [ -99.1323615, 19.3913116 ], [ -99.13211, 19.3924787 ], [ -99.1321071, 19.3924918 ], [ -99.1321031, 19.392508 ], [ -99.1321004, 19.392519 ], [ -99.1320648, 19.3926625 ], [ -99.1320419, 19.3927934 ], [ -99.1318973, 19.3934872 ], [ -99.1318847, 19.3935477 ], [ -99.1318615, 19.3936698 ], [ -99.1318334, 19.393808 ], [ -99.131824, 19.3938544 ], [ -99.1317024, 19.3944541 ], [ -99.1316974, 19.3944788 ], [ -99.1316884, 19.3945234 ], [ -99.1316559, 19.3946827 ], [ -99.1314771, 19.3955526 ], [ -99.1314317, 19.3957457 ], [ -99.1312918, 19.3962759 ], [ -99.1311631, 19.3965406 ], [ -99.1310341, 19.3967292 ], [ -99.1309672, 19.3976379 ], [ -99.130942499999989, 19.3989543 ], [ -99.1315222, 19.3989603 ], [ -99.1318638, 19.3989638 ], [ -99.132446, 19.3989869 ], [ -99.132948399999989, 19.399013 ], [ -99.1334513, 19.3990236 ], [ -99.1340444, 19.3990348 ], [ -99.134713, 19.3990704 ], [ -99.1352663, 19.3990921 ], [ -99.1358433, 19.3991116 ], [ -99.1363165, 19.3991373 ], [ -99.1371823, 19.3992003 ], [ -99.137057399999989, 19.3998548 ], [ -99.136886499999989, 19.4009254 ], [ -99.1368202, 19.401342 ], [ -99.1367946, 19.4015567 ], [ -99.136587600000013, 19.4028118 ], [ -99.1367003, 19.4028279 ], [ -99.1367998, 19.4028568 ], [ -99.13689260000001, 19.4028838 ], [ -99.1370348, 19.4029582 ], [ -99.137124, 19.4030615 ], [ -99.1371741, 19.4031832 ], [ -99.1372013, 19.4032401 ], [ -99.137235, 19.4033107 ], [ -99.1372706, 19.4033523 ], [ -99.1373317, 19.4034238 ], [ -99.1373441, 19.4034382 ], [ -99.1374062, 19.4034635 ], [ -99.137641, 19.4034796 ], [ -99.138116, 19.4035047 ], [ -99.1382032, 19.4035093 ], [ -99.1383181, 19.4035159 ], [ -99.1391408, 19.403563 ], [ -99.1399682, 19.4036119 ], [ -99.1400472, 19.4036166 ], [ -99.1401688, 19.4036225 ], [ -99.1408938, 19.4036576 ], [ -99.1417496, 19.4037062 ], [ -99.1425924, 19.4037534 ], [ -99.1426729, 19.4037579 ], [ -99.1434099, 19.4037937 ], [ -99.1441675, 19.4038335 ], [ -99.1448258, 19.4038675 ], [ -99.1449752, 19.4038753 ], [ -99.1451631, 19.4038876 ], [ -99.1459098, 19.4039364 ], [ -99.1460262, 19.4039409 ], [ -99.1468086, 19.4039811 ], [ -99.1476237, 19.4040145 ], [ -99.1479456, 19.4040196 ] ] ] } },
{ "type": "Feature", "properties": { "CVEGEO": "09015", "CVE_ENT": "09", "CVE_MUN": "015", "NOMGEO": "Cuauhtémoc" }, "geometry": { "type": "Polygon", "coordinates": [ [ [ -99.1304321, 19.4631957 ], [ -99.130906, 19.4634767 ], [ -99.131418599999989, 19.4637832 ], [ -99.1324257, 19.4643758 ], [ -99.1328616, 19.4646415 ], [ -99.1331206, 19.4647648 ], [ -99.1333367, 19.4648542 ], [ -99.1336811, 19.4649392 ], [ -99.1338383, 19.4649615 ], [ -99.134229100000013, 19.4649809 ], [ -99.134920799999989, 19.4650089 ], [ -99.1361377, 19.4650595 ], [ -99.1374973, 19.4651056 ], [ -99.1385923, 19.4651582 ], [ -99.1392235, 19.4651833 ], [ -99.1408073, 19.4653528 ], [ -99.1409896, 19.4653906 ], [ -99.141100099999989, 19.4654183 ], [ -99.1412128, 19.4654684 ], [ -99.141324, 19.4655665 ], [ -99.1414244, 19.4656771 ], [ -99.1414793, 19.4657234 ], [ -99.14165, 19.465799 ], [ -99.141740399999989, 19.4658159 ], [ -99.1419326, 19.4658244 ], [ -99.1421419, 19.4657699 ], [ -99.1423704, 19.4656488 ], [ -99.1424716, 19.4655729 ], [ -99.1431181, 19.4650627 ], [ -99.1452448, 19.4643157 ], [ -99.1458045, 19.4641548 ], [ -99.146309699999989, 19.4640097 ], [ -99.1466157, 19.4639217 ], [ -99.1468292, 19.4638604 ], [ -99.1473064, 19.4637233 ], [ -99.1477353, 19.4635963 ], [ -99.1480368, 19.4635071 ], [ -99.1483257, 19.4634371 ], [ -99.1487362, 19.4633375 ], [ -99.1500282, 19.4630169 ], [ -99.150314, 19.4629601 ], [ -99.1505541, 19.4629404 ], [ -99.150828, 19.4629483 ], [ -99.1516875, 19.4630534 ], [ -99.1523665, 19.4631401 ], [ -99.1528798, 19.4632027 ], [ -99.1532228, 19.4632422 ], [ -99.1534722, 19.463271 ], [ -99.1536213, 19.4633027 ], [ -99.15455, 19.4634788 ], [ -99.1549941, 19.4635674 ], [ -99.1556841, 19.4636965 ], [ -99.1560852, 19.4637914 ], [ -99.1565282, 19.4639045 ], [ -99.1570802, 19.4640149 ], [ -99.157311299999989, 19.4640546 ], [ -99.157577300000014, 19.4640821 ], [ -99.1579397, 19.4640802 ], [ -99.1582455, 19.4640383 ], [ -99.1586507, 19.4639249 ], [ -99.1588531, 19.463839 ], [ -99.1591017, 19.4636983 ], [ -99.159303799999989, 19.4635536 ], [ -99.1594505, 19.4634271 ], [ -99.1595489, 19.4633245 ], [ -99.1597298, 19.4630675 ], [ -99.1600446, 19.4626006 ], [ -99.1602585, 19.4622116 ], [ -99.1604463, 19.4618729 ], [ -99.1607164, 19.4614061 ], [ -99.1608658, 19.4611887 ], [ -99.1610537, 19.4609689 ], [ -99.1612694, 19.460768 ], [ -99.161622799999989, 19.460493 ], [ -99.1621004, 19.4601351 ], [ -99.1623211, 19.4599719 ], [ -99.1625709, 19.4597718 ], [ -99.1626993, 19.4596373 ], [ -99.1628262, 19.4594898 ], [ -99.1629348, 19.4593413 ], [ -99.1630817, 19.4590629 ], [ -99.1631542, 19.4588835 ], [ -99.1633167, 19.4581627 ], [ -99.163458, 19.4575536 ], [ -99.1635714, 19.457064 ], [ -99.163712800000013, 19.4564348 ], [ -99.1637195, 19.4563969 ], [ -99.1638229, 19.4558169 ], [ -99.1640118, 19.454273 ], [ -99.1640812, 19.4537138 ], [ -99.1641998, 19.4526824 ], [ -99.164228, 19.4523359 ], [ -99.1642723, 19.4518491 ], [ -99.1643056, 19.4506269 ], [ -99.1643306, 19.4499847 ], [ -99.164396, 19.4496626 ], [ -99.164507, 19.4491865 ], [ -99.1647342, 19.4481726 ], [ -99.1648391, 19.4476711 ], [ -99.1649177, 19.4472767 ], [ -99.165039, 19.4466979 ], [ -99.1651354, 19.4462931 ], [ -99.1652197, 19.4459059 ], [ -99.1653016, 19.4455371 ], [ -99.1653853, 19.4451841 ], [ -99.165534, 19.4445866 ], [ -99.1657206, 19.4438205 ], [ -99.165781, 19.4436487 ], [ -99.1659015, 19.4433848 ], [ -99.1664146, 19.4425242 ], [ -99.1668897, 19.4414619 ], [ -99.1674182, 19.4403588 ], [ -99.1676395, 19.4399188 ], [ -99.1679399, 19.4392852 ], [ -99.168178, 19.4387899 ], [ -99.1684865, 19.438152 ], [ -99.168798, 19.4376331 ], [ -99.1691111, 19.4371608 ], [ -99.1696782, 19.4363255 ], [ -99.1705815, 19.4348919 ], [ -99.1711924, 19.4339805 ], [ -99.1714333, 19.4336031 ], [ -99.1717468, 19.433146 ], [ -99.172209099999989, 19.4324025 ], [ -99.1726355, 19.4316312 ], [ -99.1730132, 19.4309393 ], [ -99.1737826, 19.4295452 ], [ -99.1742654, 19.428829 ], [ -99.1743903, 19.4286351 ], [ -99.1746843, 19.4281783 ], [ -99.1747428, 19.4280873 ], [ -99.175579200000016, 19.4268403 ], [ -99.1756581, 19.4267228 ], [ -99.1761855, 19.4259163 ], [ -99.1764568, 19.4254663 ], [ -99.1766552, 19.4251787 ], [ -99.1770661, 19.4245238 ], [ -99.1776362, 19.4235957 ], [ -99.1769437, 19.423473 ], [ -99.1765259, 19.4234066 ], [ -99.1765258, 19.4234066 ], [ -99.1762199, 19.423358 ], [ -99.1759361, 19.4233319 ], [ -99.1756781, 19.4233385 ], [ -99.1752042, 19.4232078 ], [ -99.1750961, 19.4231593 ], [ -99.175055, 19.4230428 ], [ -99.1752612, 19.4227496 ], [ -99.175290499999988, 19.4226944 ], [ -99.1753403, 19.4227213 ], [ -99.1754263, 19.4227349 ], [ -99.175507599999989, 19.4227217 ], [ -99.1755906, 19.4226709 ], [ -99.1756614, 19.4225962 ], [ -99.1762735, 19.4214582 ], [ -99.176346099999989, 19.4212654 ], [ -99.1763538, 19.4211936 ], [ -99.1763255, 19.4211159 ], [ -99.1763326, 19.4210405 ], [ -99.1763775, 19.4209732 ], [ -99.1764159, 19.4208378 ], [ -99.1764386, 19.4206875 ], [ -99.1764727, 19.4205628 ], [ -99.1765491, 19.4204539 ], [ -99.176617, 19.4203773 ], [ -99.176645, 19.4203392 ], [ -99.176673, 19.4203012 ], [ -99.1767447, 19.4202263 ], [ -99.176856199999989, 19.4201583 ], [ -99.1769859, 19.4201306 ], [ -99.1771483, 19.420027 ], [ -99.1774937, 19.4194685 ], [ -99.1776299, 19.4193772 ], [ -99.1777661, 19.4192858 ], [ -99.1778969, 19.4189541 ], [ -99.1781004, 19.4185242 ], [ -99.1783292, 19.4181123 ], [ -99.1783292, 19.4181122 ], [ -99.178977, 19.4169297 ], [ -99.1795325, 19.4159312 ], [ -99.1797493, 19.4155471 ], [ -99.1803229, 19.4144655 ], [ -99.18050190000001, 19.4141449 ], [ -99.1810057, 19.4132973 ], [ -99.1811425, 19.4130789 ], [ -99.18136, 19.412713 ], [ -99.1816238, 19.4123581 ], [ -99.1821493, 19.4114874 ], [ -99.1825208, 19.4109148 ], [ -99.1826583, 19.410738 ], [ -99.1829389, 19.4103771 ], [ -99.1830102, 19.4102523 ], [ -99.1835011, 19.4094065 ], [ -99.1835476, 19.4093199 ], [ -99.184303899999989, 19.407827 ], [ -99.1838134, 19.4076639 ], [ -99.1838133, 19.4076639 ], [ -99.1832258, 19.4074685 ], [ -99.1824719, 19.4072179 ], [ -99.1806823, 19.4066485 ], [ -99.179819099999989, 19.4063762 ], [ -99.178916199999989, 19.4060705 ], [ -99.1779468, 19.4057484 ], [ -99.1776964, 19.4056563 ], [ -99.177128599999989, 19.4054474 ], [ -99.176202, 19.4051229 ], [ -99.1752974, 19.4048246 ], [ -99.1748727, 19.4046806 ], [ -99.1743875, 19.4045215 ], [ -99.17415, 19.404441 ], [ -99.1735729, 19.4042457 ], [ -99.173466499999989, 19.4042097 ], [ -99.1726145, 19.4039305 ], [ -99.1717732, 19.4036647 ], [ -99.1716769, 19.4036347 ], [ -99.1710785, 19.4034972 ], [ -99.1709916, 19.4028834 ], [ -99.1709724, 19.4027481 ], [ -99.170890899999989, 19.4023793 ], [ -99.1708545, 19.4022148 ], [ -99.1708527, 19.4022063 ], [ -99.1707735, 19.4018402 ], [ -99.1707664, 19.4017979 ], [ -99.1707491, 19.4017331 ], [ -99.1707285, 19.4016562 ], [ -99.1704268, 19.4005282 ], [ -99.170375, 19.4003343 ], [ -99.1703743, 19.4003318 ], [ -99.1703637, 19.4002403 ], [ -99.170359100000013, 19.4002009 ], [ -99.1703946, 19.3999501 ], [ -99.1704355, 19.3997898 ], [ -99.1701043, 19.3998679 ], [ -99.1689489, 19.4001401 ], [ -99.1681962, 19.4003175 ], [ -99.1680691, 19.4003475 ], [ -99.168035, 19.4003555 ], [ -99.1679636, 19.4003723 ], [ -99.1678973, 19.400388 ], [ -99.1677552, 19.4004262 ], [ -99.1675428, 19.4004835 ], [ -99.1671223, 19.4006282 ], [ -99.1664779, 19.4008789 ], [ -99.1658718, 19.4011036 ], [ -99.1655689, 19.4012169 ], [ -99.1652659, 19.4013303 ], [ -99.1647628, 19.4015319 ], [ -99.1643319, 19.4017156 ], [ -99.1638066, 19.4019069 ], [ -99.1632473, 19.4021012 ], [ -99.1630165, 19.4021743 ], [ -99.162685, 19.4022825 ], [ -99.1624044, 19.4023689 ], [ -99.1622854, 19.4024055 ], [ -99.1617712, 19.4025748 ], [ -99.1613301, 19.4027062 ], [ -99.1608852, 19.4028429 ], [ -99.1607662, 19.4028795 ], [ -99.1603377, 19.403011 ], [ -99.1602027, 19.4030503 ], [ -99.1596867, 19.4032006 ], [ -99.158988799999989, 19.4034133 ], [ -99.1585372, 19.4035469 ], [ -99.1581473, 19.4036609 ], [ -99.1577283, 19.4037855 ], [ -99.1571737, 19.4039331 ], [ -99.1569569, 19.403983 ], [ -99.1567006, 19.404024 ], [ -99.1563292, 19.4040633 ], [ -99.1561659, 19.4040601 ], [ -99.1555763, 19.4040602 ], [ -99.1553951, 19.4040602 ], [ -99.1552267, 19.4040598 ], [ -99.1531086, 19.4040553 ], [ -99.1524181, 19.4040579 ], [ -99.1517731, 19.4040588 ], [ -99.1512338, 19.4040524 ], [ -99.1511414, 19.4040512 ], [ -99.1503758, 19.4040499 ], [ -99.150205, 19.4040497 ], [ -99.1501996, 19.4040495 ], [ -99.1500548, 19.4040468 ], [ -99.149736300000015, 19.4040408 ], [ -99.1487739, 19.4040329 ], [ -99.1486072, 19.4040316 ], [ -99.1484947, 19.4040284 ], [ -99.1479456, 19.4040196 ], [ -99.1476237, 19.4040145 ], [ -99.1468086, 19.4039811 ], [ -99.1460262, 19.4039409 ], [ -99.1459098, 19.4039364 ], [ -99.1451631, 19.4038876 ], [ -99.1449752, 19.4038753 ], [ -99.1448258, 19.4038675 ], [ -99.1441675, 19.4038335 ], [ -99.1434099, 19.4037937 ], [ -99.1426729, 19.4037579 ], [ -99.1425924, 19.4037534 ], [ -99.1417496, 19.4037062 ], [ -99.1408938, 19.4036576 ], [ -99.1401688, 19.4036225 ], [ -99.1400472, 19.4036166 ], [ -99.1399682, 19.4036119 ], [ -99.1391408, 19.403563 ], [ -99.1383181, 19.4035159 ], [ -99.1382032, 19.4035093 ], [ -99.138116, 19.4035047 ], [ -99.137641, 19.4034796 ], [ -99.1374062, 19.4034635 ], [ -99.1373441, 19.4034382 ], [ -99.1373317, 19.4034238 ], [ -99.1372706, 19.4033523 ], [ -99.137235, 19.4033107 ], [ -99.1372013, 19.4032401 ], [ -99.1371741, 19.4031832 ], [ -99.137124, 19.4030615 ], [ -99.1370348, 19.4029582 ], [ -99.13689260000001, 19.4028838 ], [ -99.1367998, 19.4028568 ], [ -99.1367003, 19.4028279 ], [ -99.136587600000013, 19.4028118 ], [ -99.1364419, 19.4028106 ], [ -99.136250499999989, 19.4028422 ], [ -99.1360394, 19.4029108 ], [ -99.135873500000017, 19.4030547 ], [ -99.1357498, 19.4031969 ], [ -99.1356594, 19.403266 ], [ -99.1356396, 19.4032811 ], [ -99.135502699999989, 19.4033321 ], [ -99.1354212, 19.4033626 ], [ -99.135162799999989, 19.4033498 ], [ -99.1347191, 19.4033229 ], [ -99.1342979, 19.4032992 ], [ -99.133917, 19.4032728 ], [ -99.1339122, 19.4032724 ], [ -99.1338759, 19.4032699 ], [ -99.133819699999989, 19.403266 ], [ -99.1338002, 19.4032647 ], [ -99.1337425, 19.4032618 ], [ -99.1337114, 19.4032603 ], [ -99.1337091, 19.4032601 ], [ -99.1332415, 19.4032368 ], [ -99.1329124, 19.4032132 ], [ -99.1327353, 19.4032056 ], [ -99.1324989, 19.4031914 ], [ -99.1321833, 19.4031627 ], [ -99.1319756, 19.4031483 ], [ -99.1316194, 19.4031251 ], [ -99.1314983, 19.4031185 ], [ -99.1311193, 19.4031031 ], [ -99.1310572, 19.4031056 ], [ -99.1308566, 19.4031111 ], [ -99.1305884, 19.4031302 ], [ -99.1305294, 19.4031363 ], [ -99.130311, 19.4031649 ], [ -99.1300394, 19.4032076 ], [ -99.1297913, 19.4032615 ], [ -99.1295045, 19.403339 ], [ -99.129062499999989, 19.4034756 ], [ -99.129015, 19.4034903 ], [ -99.1288855, 19.4035303 ], [ -99.1288352, 19.4035458 ], [ -99.1287115, 19.4035802 ], [ -99.1286704, 19.4035917 ], [ -99.128667299999989, 19.4035925 ], [ -99.1283151, 19.4036905 ], [ -99.1281436, 19.4037419 ], [ -99.127922399999989, 19.4038107 ], [ -99.1276951, 19.4038763 ], [ -99.1275158, 19.4039274 ], [ -99.1270642, 19.4040678 ], [ -99.126475899999988, 19.4041846 ], [ -99.1264045, 19.4041963 ], [ -99.125956699999989, 19.4042815 ], [ -99.1259401, 19.4042847 ], [ -99.1258718, 19.4042977 ], [ -99.1256994, 19.4043305 ], [ -99.1256985, 19.4043307 ], [ -99.12586730000001, 19.4051936 ], [ -99.1261498, 19.4066782 ], [ -99.1261876, 19.4068266 ], [ -99.1262718, 19.407171 ], [ -99.1263929, 19.4077421 ], [ -99.1265432, 19.4082614 ], [ -99.1267405, 19.4088227 ], [ -99.127168, 19.4090111 ], [ -99.1271683, 19.4091214 ], [ -99.1271684, 19.4091215 ], [ -99.127168900000015, 19.4092694 ], [ -99.127176, 19.4093739 ], [ -99.127176, 19.4093745 ], [ -99.1271822, 19.4094657 ], [ -99.1271822, 19.4094658 ], [ -99.127191, 19.4095951 ], [ -99.127277, 19.4099596 ], [ -99.1272973, 19.4100453 ], [ -99.1274176, 19.4104835 ], [ -99.1275843, 19.4110282 ], [ -99.1275844, 19.4110285 ], [ -99.1275905, 19.4110487 ], [ -99.127601700000014, 19.4110929 ], [ -99.1276915, 19.4114497 ], [ -99.1277571, 19.4118139 ], [ -99.1278473, 19.4122799 ], [ -99.1278563, 19.4123229 ], [ -99.1280032, 19.4130226 ], [ -99.1280228, 19.4130766 ], [ -99.1281321, 19.4133763 ], [ -99.1281546, 19.4134379 ], [ -99.1281997, 19.41376 ], [ -99.1280792, 19.4145554 ], [ -99.1279006, 19.4155407 ], [ -99.1278292, 19.4159579 ], [ -99.1276178, 19.4174008 ], [ -99.1274093, 19.4186783 ], [ -99.1273726, 19.4189879 ], [ -99.1271393, 19.4203781 ], [ -99.1270077, 19.4207505 ], [ -99.1265827, 19.4216995 ], [ -99.1262209, 19.4224861 ], [ -99.1260794, 19.4227613 ], [ -99.1260061, 19.4228727 ], [ -99.1258943, 19.4235013 ], [ -99.1257665, 19.4243624 ], [ -99.1256284, 19.4253451 ], [ -99.125619199999988, 19.4253985 ], [ -99.1255908, 19.4255526 ], [ -99.1255389, 19.4258493 ], [ -99.1254891, 19.4264374 ], [ -99.1254737, 19.4265385 ], [ -99.12543, 19.4267764 ], [ -99.125271, 19.4276328 ], [ -99.1251826, 19.428319 ], [ -99.1251181, 19.4286989 ], [ -99.1250366, 19.4291646 ], [ -99.124944, 19.4297835 ], [ -99.124913299999989, 19.4299857 ], [ -99.1247818, 19.4308278 ], [ -99.1247329, 19.4312594 ], [ -99.1246299, 19.4319856 ], [ -99.1245191, 19.4328065 ], [ -99.1243346, 19.4339243 ], [ -99.1241833, 19.4347124 ], [ -99.1240704, 19.4355758 ], [ -99.1240697, 19.4355804 ], [ -99.1240697, 19.4355805 ], [ -99.1240689, 19.435587 ], [ -99.1239395, 19.4364188 ], [ -99.1237649, 19.4374951 ], [ -99.1236013, 19.4386389 ], [ -99.12344490000001, 19.4395555 ], [ -99.1233654, 19.4401264 ], [ -99.1233564, 19.4401908 ], [ -99.1232678, 19.4408532 ], [ -99.1231622, 19.4415808 ], [ -99.1230789, 19.4424952 ], [ -99.1230789, 19.4424953 ], [ -99.1231147, 19.4426597 ], [ -99.1237848, 19.4435743 ], [ -99.1238542, 19.4437168 ], [ -99.1239706, 19.4439544 ], [ -99.124056599999989, 19.4441297 ], [ -99.1241946, 19.4444113 ], [ -99.1244823, 19.4449774 ], [ -99.1253819, 19.4466478 ], [ -99.1257077, 19.4471238 ], [ -99.1258298, 19.4473399 ], [ -99.1258666, 19.4474049 ], [ -99.1259301, 19.4476186 ], [ -99.125929200000016, 19.4477945 ], [ -99.125889, 19.4481869 ], [ -99.1256858, 19.4492157 ], [ -99.1255526, 19.4498353 ], [ -99.1254813, 19.4502043 ], [ -99.1252127, 19.4510863 ], [ -99.125068, 19.451395 ], [ -99.1250245, 19.4514833 ], [ -99.1250162, 19.4515003 ], [ -99.1247824, 19.452009 ], [ -99.1244227, 19.4533357 ], [ -99.1242781, 19.4540978 ], [ -99.1241657, 19.4545453 ], [ -99.1241062, 19.4547951 ], [ -99.123781, 19.4560298 ], [ -99.1236901, 19.4564294 ], [ -99.12369, 19.4564296 ], [ -99.1235838, 19.4570287 ], [ -99.1233595, 19.4580287 ], [ -99.123331600000014, 19.4581543 ], [ -99.1231799, 19.4585118 ], [ -99.1228399, 19.4590024 ], [ -99.122241699999989, 19.4597819 ], [ -99.1222416, 19.459782 ], [ -99.1224112, 19.45983 ], [ -99.1228718, 19.4599776 ], [ -99.1233065, 19.4601187 ], [ -99.123718599999989, 19.4602511 ], [ -99.124162399999989, 19.4603977 ], [ -99.1246223, 19.4605496 ], [ -99.1254647, 19.4608318 ], [ -99.1264055, 19.4611525 ], [ -99.1273775, 19.4614608 ], [ -99.1275507, 19.4615273 ], [ -99.1281114, 19.4618483 ], [ -99.1284712, 19.4620544 ], [ -99.1288425, 19.462267 ], [ -99.1291909, 19.4624665 ], [ -99.1295121, 19.4626505 ], [ -99.1304321, 19.4631957 ] ] ] } },
{ "type": "Feature", "properties": { "CVEGEO": "09016", "CVE_ENT": "09", "CVE_MUN": "016", "NOMGEO": "Miguel Hidalgo" }, "geometry": { "type": "Polygon", "coordinates": [ [ [ -99.1904442, 19.470459 ], [ -99.1905841, 19.4705056 ], [ -99.1909559, 19.4706295 ], [ -99.191410499999989, 19.4707675 ], [ -99.1924953, 19.4710212 ], [ -99.1925702, 19.4710387 ], [ -99.1926957, 19.4710681 ], [ -99.1927228, 19.4710744 ], [ -99.193010199999989, 19.4711416 ], [ -99.1933457, 19.47122 ], [ -99.1935149, 19.4712596 ], [ -99.1941337, 19.4714043 ], [ -99.1946158, 19.4715383 ], [ -99.1949267, 19.4716247 ], [ -99.1949931, 19.4716432 ], [ -99.1951474, 19.4716861 ], [ -99.1952323, 19.4717114 ], [ -99.1956249, 19.4718287 ], [ -99.1961325, 19.4719725 ], [ -99.1966584, 19.4721263 ], [ -99.1970832, 19.4722518 ], [ -99.197460299999989, 19.4723642 ], [ -99.1977447, 19.4724497 ], [ -99.197828300000012, 19.4724748 ], [ -99.197951, 19.4725117 ], [ -99.1982554, 19.4726068 ], [ -99.1982911, 19.472618 ], [ -99.1983689, 19.4726423 ], [ -99.1990887, 19.4728759 ], [ -99.1997648, 19.4730828 ], [ -99.2000939, 19.4731824 ], [ -99.2003041, 19.4732413 ], [ -99.2006757, 19.4733453 ], [ -99.2008435, 19.4733524 ], [ -99.201015, 19.4733596 ], [ -99.201447, 19.4732366 ], [ -99.202326899999989, 19.4730147 ], [ -99.2034442, 19.4726916 ], [ -99.2043397, 19.4724027 ], [ -99.2049672, 19.4721923 ], [ -99.2052854, 19.4720244 ], [ -99.206496300000012, 19.4713565 ], [ -99.206825, 19.4712151 ], [ -99.2071736, 19.4695681 ], [ -99.2076857, 19.469724 ], [ -99.2080146, 19.4698241 ], [ -99.208152, 19.469866 ], [ -99.2081696, 19.4698713 ], [ -99.2082115, 19.4698841 ], [ -99.2086926, 19.4700305 ], [ -99.2087055, 19.4700345 ], [ -99.2088627, 19.4700823 ], [ -99.2089012, 19.4700565 ], [ -99.209912, 19.4693816 ], [ -99.2104506, 19.4687858 ], [ -99.2105646, 19.4686583 ], [ -99.2107234, 19.4684808 ], [ -99.2109607, 19.4682675 ], [ -99.2113715, 19.4680364 ], [ -99.211434700000012, 19.4680009 ], [ -99.2115367, 19.4679934 ], [ -99.2116392, 19.4674062 ], [ -99.211728799999989, 19.4671379 ], [ -99.2117853, 19.4670819 ], [ -99.2119419, 19.4670792 ], [ -99.2121484, 19.4671139 ], [ -99.2123931, 19.4663787 ], [ -99.2135444, 19.462919 ], [ -99.2135225, 19.4629078 ], [ -99.2129639, 19.4626216 ], [ -99.2126315, 19.4624514 ], [ -99.2126393, 19.4624391 ], [ -99.2139393, 19.4604059 ], [ -99.2140445, 19.4595181 ], [ -99.214223499999989, 19.4586738 ], [ -99.214247899999989, 19.4585588 ], [ -99.2148561, 19.4573713 ], [ -99.2151659, 19.4565429 ], [ -99.215202, 19.4564462 ], [ -99.2152208, 19.4563958 ], [ -99.2152526, 19.4563109 ], [ -99.215285099999988, 19.4562239 ], [ -99.2157283, 19.4556182 ], [ -99.216077, 19.4551577 ], [ -99.2162739, 19.4548976 ], [ -99.2164212, 19.4547143 ], [ -99.2167665, 19.4542845 ], [ -99.2169545, 19.4540918 ], [ -99.2169784, 19.4540672 ], [ -99.2173648, 19.4536711 ], [ -99.2179151, 19.4533617 ], [ -99.2180885, 19.4532739 ], [ -99.2181364, 19.4532497 ], [ -99.2181999, 19.4532175 ], [ -99.2185226, 19.4530541 ], [ -99.218541, 19.453051 ], [ -99.2188517, 19.4529991 ], [ -99.2190143, 19.4529718 ], [ -99.2191957, 19.4529415 ], [ -99.219401499999989, 19.4529209 ], [ -99.2197717, 19.4528839 ], [ -99.2199728, 19.4528801 ], [ -99.2199629, 19.4521545 ], [ -99.2199592, 19.4518786 ], [ -99.2199547, 19.4515493 ], [ -99.2201157, 19.4489982 ], [ -99.2201276, 19.4479873 ], [ -99.2201361, 19.4472773 ], [ -99.220146, 19.4464413 ], [ -99.2201474, 19.4462718 ], [ -99.2201487, 19.4461164 ], [ -99.2201129, 19.445971 ], [ -99.2200603, 19.4457592 ], [ -99.2199766, 19.4455569 ], [ -99.219853199999989, 19.4453615 ], [ -99.2198471, 19.4453542 ], [ -99.2197609, 19.4452498 ], [ -99.2196378, 19.4451199 ], [ -99.2195362, 19.4450172 ], [ -99.2194095, 19.4449057 ], [ -99.2192258, 19.4447741 ], [ -99.2183048, 19.4442991 ], [ -99.2182163, 19.444235 ], [ -99.2181538, 19.4441562 ], [ -99.2181499, 19.444148 ], [ -99.2181329, 19.4441118 ], [ -99.2181797, 19.4440575 ], [ -99.2186893, 19.4439731 ], [ -99.2195058, 19.4438685 ], [ -99.2197375, 19.4438473 ], [ -99.2201358, 19.4438108 ], [ -99.2205828, 19.4436753 ], [ -99.2209382, 19.443434 ], [ -99.221965, 19.4426865 ], [ -99.2235843, 19.4415637 ], [ -99.2278514, 19.4385587 ], [ -99.2280987, 19.4383795 ], [ -99.228509699999989, 19.4381106 ], [ -99.2285655, 19.438074 ], [ -99.2286725, 19.4380039 ], [ -99.2289454, 19.4378261 ], [ -99.2290606, 19.4377512 ], [ -99.2296275, 19.4373747 ], [ -99.2295965, 19.4373586 ], [ -99.2295338, 19.4373259 ], [ -99.2286575, 19.4368702 ], [ -99.2285418, 19.43681 ], [ -99.2285557, 19.4368011 ], [ -99.2286951, 19.4367115 ], [ -99.2281604, 19.436046 ], [ -99.2280497, 19.4361979 ], [ -99.2273624, 19.435874 ], [ -99.227284, 19.4358674 ], [ -99.227291900000012, 19.4358444 ], [ -99.2275033, 19.4352305 ], [ -99.2274931, 19.4350905 ], [ -99.2274303, 19.4349447 ], [ -99.2273376, 19.4347887 ], [ -99.2273317, 19.4347829 ], [ -99.2272094, 19.4346597 ], [ -99.2270199, 19.4345488 ], [ -99.2263932, 19.4342095 ], [ -99.2262956, 19.4341308 ], [ -99.2262251, 19.4340614 ], [ -99.226215, 19.4340433 ], [ -99.2261713, 19.4339653 ], [ -99.226152, 19.4338595 ], [ -99.2261575, 19.4337191 ], [ -99.2264157, 19.4327641 ], [ -99.2266646, 19.4322711 ], [ -99.2268016, 19.4318919 ], [ -99.2268723, 19.431586 ], [ -99.2268599, 19.4314443 ], [ -99.226818, 19.4313382 ], [ -99.2268053, 19.4313247 ], [ -99.2267311, 19.4312457 ], [ -99.2266219, 19.4311541 ], [ -99.2265084, 19.431073 ], [ -99.2251752, 19.4304607 ], [ -99.2247683, 19.4302515 ], [ -99.2244308, 19.4300766 ], [ -99.224299, 19.4300084 ], [ -99.2237135, 19.429706 ], [ -99.2235535, 19.4296233 ], [ -99.2233783, 19.4295051 ], [ -99.2232858, 19.4294139 ], [ -99.2232103, 19.4293069 ], [ -99.2232095, 19.429305 ], [ -99.2231527, 19.4291833 ], [ -99.2231065, 19.4290661 ], [ -99.2230203, 19.4287384 ], [ -99.2230001, 19.4286133 ], [ -99.222955900000017, 19.4284735 ], [ -99.2228686, 19.4281122 ], [ -99.2227035, 19.4276645 ], [ -99.222552, 19.4273171 ], [ -99.2225423, 19.4273092 ], [ -99.2223203, 19.4271301 ], [ -99.222313, 19.427113 ], [ -99.222274399999989, 19.427023 ], [ -99.2223283, 19.4269456 ], [ -99.2225617, 19.4267145 ], [ -99.2226685, 19.4265811 ], [ -99.2227719, 19.426386 ], [ -99.2228036, 19.4263675 ], [ -99.2232452, 19.4265649 ], [ -99.2237843, 19.4268096 ], [ -99.2243221, 19.4270184 ], [ -99.224467499999989, 19.42708 ], [ -99.2246403, 19.4269658 ], [ -99.2248472, 19.4268491 ], [ -99.2251597, 19.4267139 ], [ -99.2254629, 19.4265873 ], [ -99.2257051, 19.4264097 ], [ -99.2258705, 19.4262263 ], [ -99.2260699, 19.4258284 ], [ -99.2263307, 19.4252382 ], [ -99.2266995, 19.4246659 ], [ -99.2267965, 19.4245391 ], [ -99.2270172, 19.4243196 ], [ -99.2271894, 19.4242573 ], [ -99.2274214, 19.4242531 ], [ -99.2275384, 19.4242498 ], [ -99.227638700000014, 19.4242211 ], [ -99.227729, 19.424183 ], [ -99.2277857, 19.424129 ], [ -99.227832400000011, 19.4240623 ], [ -99.2278491, 19.4239735 ], [ -99.2278621, 19.4237927 ], [ -99.2278553, 19.4236785 ], [ -99.2278519, 19.423645 ], [ -99.2278752, 19.4236038 ], [ -99.2279387, 19.4235657 ], [ -99.228069100000013, 19.4235433 ], [ -99.2281661, 19.4235368 ], [ -99.2283031, 19.4235113 ], [ -99.228456799999989, 19.4234191 ], [ -99.2284953, 19.4233259 ], [ -99.228652200000013, 19.4231926 ], [ -99.2287389, 19.4229768 ], [ -99.2288689, 19.4227293 ], [ -99.2289691, 19.4226245 ], [ -99.2291695, 19.4224593 ], [ -99.2293631, 19.422237 ], [ -99.2293835, 19.4222045 ], [ -99.229541900000015, 19.4221597 ], [ -99.2296829, 19.4221032 ], [ -99.2297619, 19.4219951 ], [ -99.2300982, 19.4218257 ], [ -99.2302856, 19.4218104 ], [ -99.2303895, 19.4217985 ], [ -99.230533, 19.4217607 ], [ -99.2306639, 19.4217428 ], [ -99.23077, 19.4217338 ], [ -99.2308435, 19.4217069 ], [ -99.2308912, 19.4216371 ], [ -99.2309262, 19.4215467 ], [ -99.230958, 19.4213668 ], [ -99.2309686, 19.4212605 ], [ -99.2310246, 19.4210699 ], [ -99.2310607, 19.4209795 ], [ -99.2311125, 19.4209337 ], [ -99.231216, 19.4208577 ], [ -99.2313068, 19.42081 ], [ -99.2315071, 19.4207557 ], [ -99.2315591, 19.4207369 ], [ -99.2315697, 19.4205996 ], [ -99.2316262, 19.4203062 ], [ -99.2316755, 19.4201653 ], [ -99.2318171, 19.4199905 ], [ -99.2321046, 19.4198731 ], [ -99.2323568, 19.4197928 ], [ -99.2323567, 19.4196848 ], [ -99.2323763, 19.4195674 ], [ -99.2324165, 19.4194735 ], [ -99.2324664, 19.4194205 ], [ -99.2325456, 19.4193911 ], [ -99.2326352, 19.4193799 ], [ -99.2329106, 19.4194299 ], [ -99.232974, 19.419395 ], [ -99.2329872, 19.4192631 ], [ -99.2329707, 19.419023 ], [ -99.232991, 19.418894 ], [ -99.2330562, 19.4186604 ], [ -99.2330909, 19.418586 ], [ -99.233069, 19.4184827 ], [ -99.2330602, 19.4183877 ], [ -99.2331218, 19.4182719 ], [ -99.2331599, 19.4181578 ], [ -99.2331912, 19.4180467 ], [ -99.233234599999989, 19.4178389 ], [ -99.2333635, 19.4177976 ], [ -99.2333793, 19.4175602 ], [ -99.2333845, 19.4174826 ], [ -99.233442, 19.4172217 ], [ -99.2336125, 19.4165849 ], [ -99.2337628, 19.4167233 ], [ -99.2338927, 19.4167679 ], [ -99.2340606, 19.4167639 ], [ -99.2342526, 19.4166885 ], [ -99.2343841, 19.4165861 ], [ -99.234504800000011, 19.4163967 ], [ -99.2346272, 19.4159709 ], [ -99.2349495, 19.4157488 ], [ -99.2354472, 19.4154358 ], [ -99.2355741, 19.4152417 ], [ -99.2356701, 19.4150134 ], [ -99.235934, 19.4144969 ], [ -99.2362029, 19.4140851 ], [ -99.2364974, 19.4135958 ], [ -99.2367475, 19.4130787 ], [ -99.2369149, 19.4127066 ], [ -99.2370471, 19.4125548 ], [ -99.2373047, 19.4123596 ], [ -99.2376138, 19.4122022 ], [ -99.2381051, 19.4120805 ], [ -99.238400399999989, 19.4120073 ], [ -99.238638, 19.4120117 ], [ -99.2389182, 19.4120418 ], [ -99.2396226, 19.4122039 ], [ -99.2399118, 19.4121937 ], [ -99.2401651, 19.4121385 ], [ -99.2408303, 19.4119183 ], [ -99.2414363, 19.4116658 ], [ -99.2418808, 19.4114806 ], [ -99.2423313, 19.4113015 ], [ -99.242681499999989, 19.4110569 ], [ -99.2430148, 19.4108037 ], [ -99.243362, 19.4107197 ], [ -99.2437002, 19.4105267 ], [ -99.243991400000013, 19.4102049 ], [ -99.244226, 19.4099416 ], [ -99.2450243, 19.4096695 ], [ -99.246062, 19.4092842 ], [ -99.2466188, 19.4090781 ], [ -99.2475316, 19.4088137 ], [ -99.2476876, 19.4088019 ], [ -99.2479708, 19.4087804 ], [ -99.248094099999989, 19.4087328 ], [ -99.248312, 19.4086486 ], [ -99.2485163, 19.4084732 ], [ -99.2486252, 19.4083355 ], [ -99.2486363, 19.4083214 ], [ -99.2486795, 19.4082668 ], [ -99.248694300000011, 19.4082535 ], [ -99.2487506, 19.4082032 ], [ -99.2489548, 19.4080204 ], [ -99.2491818, 19.4077295 ], [ -99.2494136, 19.4075197 ], [ -99.2497427, 19.4073701 ], [ -99.2500714, 19.4072326 ], [ -99.2503434, 19.4069911 ], [ -99.250475099999989, 19.4068215 ], [ -99.2505411, 19.4067366 ], [ -99.250570599999989, 19.4066986 ], [ -99.2506135, 19.406666 ], [ -99.2506558, 19.4066338 ], [ -99.2509417, 19.4064164 ], [ -99.2516686, 19.4062327 ], [ -99.2522171, 19.4060431 ], [ -99.2528389, 19.4057391 ], [ -99.2533366, 19.4050945 ], [ -99.2537165, 19.4050115 ], [ -99.2543467, 19.4048631 ], [ -99.2548574, 19.4045543 ], [ -99.2553096, 19.4041279 ], [ -99.255574, 19.4038332 ], [ -99.2557211, 19.4036692 ], [ -99.2558079, 19.4035724 ], [ -99.2556718, 19.4033117 ], [ -99.2555691, 19.4030954 ], [ -99.2553763, 19.4025759 ], [ -99.2553746, 19.4024911 ], [ -99.2553729, 19.4024107 ], [ -99.255370899999988, 19.4023111 ], [ -99.2553779, 19.4022479 ], [ -99.2554043, 19.4020104 ], [ -99.255369699999989, 19.4018756 ], [ -99.2553648, 19.401863 ], [ -99.2552279, 19.401513 ], [ -99.255243, 19.4013255 ], [ -99.2552581, 19.4011384 ], [ -99.255297200000015, 19.4009564 ], [ -99.2553562, 19.4006825 ], [ -99.255405, 19.4003631 ], [ -99.2553684, 19.4000594 ], [ -99.2552465, 19.3995148 ], [ -99.2552069, 19.3991399 ], [ -99.2552507, 19.3986758 ], [ -99.255407, 19.3981892 ], [ -99.2556836, 19.3972627 ], [ -99.256215, 19.3966745 ], [ -99.2563543, 19.3965139 ], [ -99.2576939, 19.3955813 ], [ -99.2581655, 19.3952483 ], [ -99.2584434, 19.395052 ], [ -99.2590016, 19.3947504 ], [ -99.259271, 19.3946043 ], [ -99.2594899, 19.3944679 ], [ -99.2595658, 19.3943922 ], [ -99.259626400000016, 19.394313 ], [ -99.2596434, 19.394277 ], [ -99.2596548, 19.3942284 ], [ -99.2596603, 19.3941313 ], [ -99.2596202, 19.3939572 ], [ -99.2595851, 19.3937639 ], [ -99.259575399999989, 19.3937107 ], [ -99.2593895, 19.3931774 ], [ -99.2592841, 19.392742 ], [ -99.2592759, 19.3926485 ], [ -99.2592515, 19.3925994 ], [ -99.2592428, 19.3925915 ], [ -99.2592159, 19.3925672 ], [ -99.2588879, 19.3924345 ], [ -99.2587944, 19.392426 ], [ -99.2586873, 19.3924563 ], [ -99.2584711, 19.3926696 ], [ -99.25837580000001, 19.3927055 ], [ -99.257845, 19.3927605 ], [ -99.2568082, 19.3928432 ], [ -99.2566722, 19.3928652 ], [ -99.2565477, 19.3928983 ], [ -99.2560831, 19.3933153 ], [ -99.2559605, 19.3934018 ], [ -99.2558493, 19.393451 ], [ -99.2556657, 19.3934943 ], [ -99.255473099999989, 19.3935228 ], [ -99.2553015, 19.3935458 ], [ -99.2550746, 19.3936089 ], [ -99.2548397, 19.3937074 ], [ -99.2545653, 19.3938807 ], [ -99.2544423, 19.3939807 ], [ -99.2543782, 19.3940661 ], [ -99.2543577, 19.3941465 ], [ -99.2543707, 19.3942196 ], [ -99.254398, 19.3942762 ], [ -99.2544044, 19.3942894 ], [ -99.2548129, 19.3947366 ], [ -99.2548178, 19.3947419 ], [ -99.254882, 19.3948442 ], [ -99.2549282, 19.3949635 ], [ -99.2549467, 19.3950905 ], [ -99.2549065, 19.3951589 ], [ -99.2548473, 19.3951951 ], [ -99.254754300000016, 19.3952168 ], [ -99.2545947, 19.3951587 ], [ -99.254440699999989, 19.3950761 ], [ -99.2543013, 19.394988 ], [ -99.2539266, 19.3946816 ], [ -99.2534549, 19.3942068 ], [ -99.253225, 19.3939898 ], [ -99.2530238, 19.3937474 ], [ -99.2530168, 19.3937346 ], [ -99.252960800000011, 19.3936329 ], [ -99.2529546, 19.393628 ], [ -99.2528847, 19.3935722 ], [ -99.2525567, 19.3935249 ], [ -99.2518948, 19.3934699 ], [ -99.2515931, 19.3934607 ], [ -99.251475899999988, 19.3934608 ], [ -99.2512794, 19.3934856 ], [ -99.2510285, 19.3935789 ], [ -99.2508667, 19.3936513 ], [ -99.2506255, 19.3936953 ], [ -99.250207300000014, 19.3936789 ], [ -99.2499937, 19.3936555 ], [ -99.249863499999989, 19.3936306 ], [ -99.2495918, 19.3935512 ], [ -99.2494259, 19.3934832 ], [ -99.2492516, 19.3934264 ], [ -99.2490594, 19.3934552 ], [ -99.2489033, 19.3935352 ], [ -99.2485431, 19.3938437 ], [ -99.248369, 19.3940094 ], [ -99.2482009, 19.3941465 ], [ -99.2479908, 19.3942723 ], [ -99.247808299999988, 19.394304 ], [ -99.2476462, 19.3943067 ], [ -99.247231, 19.3942516 ], [ -99.2470358, 19.3941819 ], [ -99.2470248, 19.3941703 ], [ -99.2469333, 19.3940742 ], [ -99.246927899999989, 19.3940671 ], [ -99.2468583, 19.3939769 ], [ -99.2468558, 19.393971 ], [ -99.2468058, 19.3938507 ], [ -99.2467532, 19.393706 ], [ -99.2467361, 19.3935434 ], [ -99.2468038, 19.3931767 ], [ -99.2469155, 19.3928289 ], [ -99.2469541, 19.3926607 ], [ -99.247182, 19.3924255 ], [ -99.2477225, 19.3919591 ], [ -99.2478126, 19.3918622 ], [ -99.2478582, 19.3917933 ], [ -99.2480966, 19.3913342 ], [ -99.2483606, 19.390786 ], [ -99.2483926, 19.3907363 ], [ -99.2484121, 19.390706 ], [ -99.2484272, 19.3906825 ], [ -99.2485037, 19.3905636 ], [ -99.2485271, 19.3904094 ], [ -99.2485234, 19.3903099 ], [ -99.2485079, 19.3901919 ], [ -99.2484038, 19.3887891 ], [ -99.2483307, 19.3876851 ], [ -99.2482782, 19.3874684 ], [ -99.248133599999989, 19.3871193 ], [ -99.2479913, 19.3867764 ], [ -99.2479769, 19.386758 ], [ -99.2477835, 19.3865128 ], [ -99.2477792, 19.3865042 ], [ -99.2476879, 19.3863191 ], [ -99.2476497, 19.3862166 ], [ -99.2476332, 19.3861723 ], [ -99.2476343, 19.3861608 ], [ -99.2476526, 19.385957 ], [ -99.2476315, 19.385974 ], [ -99.246569799999989, 19.3868288 ], [ -99.2462385, 19.3870851 ], [ -99.2459985, 19.3872303 ], [ -99.2457385, 19.3873202 ], [ -99.2454774, 19.3873944 ], [ -99.2451743, 19.3874036 ], [ -99.2449976, 19.3873858 ], [ -99.244751799999989, 19.3873438 ], [ -99.24364460000001, 19.3869851 ], [ -99.2433258, 19.3869375 ], [ -99.2431981, 19.3869185 ], [ -99.2429453, 19.3869517 ], [ -99.242679, 19.3870352 ], [ -99.2421091, 19.3873546 ], [ -99.2413864, 19.3879818 ], [ -99.2411386, 19.3881412 ], [ -99.2404664, 19.3884994 ], [ -99.2402094, 19.3886531 ], [ -99.2399291, 19.3888641 ], [ -99.2396727, 19.3891367 ], [ -99.2395158, 19.3893797 ], [ -99.2394197, 19.3895891 ], [ -99.2391328, 19.3904059 ], [ -99.239021799999989, 19.3907279 ], [ -99.2389968, 19.3910612 ], [ -99.2390159, 19.3917011 ], [ -99.239033299999988, 19.3922863 ], [ -99.2390066, 19.3924734 ], [ -99.2389213, 19.3926744 ], [ -99.2388075, 19.3928242 ], [ -99.2380282, 19.3933965 ], [ -99.2378426, 19.3934913 ], [ -99.2376034, 19.3935675 ], [ -99.237382900000014, 19.3935987 ], [ -99.2370995, 19.3936047 ], [ -99.2364846, 19.3935456 ], [ -99.2362585, 19.3935405 ], [ -99.2360395, 19.3935625 ], [ -99.2358077, 19.3936261 ], [ -99.2354817, 19.3937431 ], [ -99.2328419, 19.3948145 ], [ -99.2325768, 19.3949035 ], [ -99.2322532, 19.3949334 ], [ -99.2319371, 19.3949067 ], [ -99.2315195, 19.394869 ], [ -99.231275599999989, 19.3948721 ], [ -99.2310669, 19.3948986 ], [ -99.2308545, 19.3949499 ], [ -99.2304911, 19.3950835 ], [ -99.2299813, 19.3952563 ], [ -99.2297703, 19.3953034 ], [ -99.2292473, 19.3954169 ], [ -99.2281831, 19.3956451 ], [ -99.2277029, 19.3957308 ], [ -99.2273451, 19.3957959 ], [ -99.2269788, 19.3958031 ], [ -99.2266484, 19.3957717 ], [ -99.2260361, 19.3956906 ], [ -99.225710299999989, 19.3956659 ], [ -99.2251587, 19.3956391 ], [ -99.2249905, 19.3956327 ], [ -99.2242196, 19.3957461 ], [ -99.2235788, 19.3958527 ], [ -99.2224444, 19.3962025 ], [ -99.2220602, 19.3963276 ], [ -99.2195132, 19.3971705 ], [ -99.2183156, 19.3975547 ], [ -99.218072, 19.3976343 ], [ -99.2170774, 19.3979739 ], [ -99.2169064, 19.3980335 ], [ -99.2162922, 19.3982526 ], [ -99.2158762, 19.3983766 ], [ -99.2148561, 19.3987057 ], [ -99.2144802, 19.3988397 ], [ -99.2138662, 19.3991177 ], [ -99.2130254, 19.3995593 ], [ -99.2126741, 19.3997649 ], [ -99.2125678, 19.3998063 ], [ -99.2120266, 19.3999496 ], [ -99.2114755, 19.4001297 ], [ -99.210945099999989, 19.4002766 ], [ -99.21051, 19.4004247 ], [ -99.2104485, 19.4004367 ], [ -99.2104392, 19.4004381 ], [ -99.2090484, 19.4006574 ], [ -99.2084151, 19.4007645 ], [ -99.2078452, 19.4008539 ], [ -99.2061725, 19.4010656 ], [ -99.205039899999989, 19.4012149 ], [ -99.2045591, 19.4012766 ], [ -99.203738, 19.4013657 ], [ -99.2030759, 19.4014338 ], [ -99.2024743, 19.4015022 ], [ -99.2022106, 19.4015274 ], [ -99.2019016, 19.4015562 ], [ -99.2015489, 19.4016466 ], [ -99.2014167, 19.401682 ], [ -99.200996, 19.401843 ], [ -99.2005014, 19.4020327 ], [ -99.199866500000013, 19.4022787 ], [ -99.1995634, 19.4023983 ], [ -99.1989392, 19.4026629 ], [ -99.1984346, 19.4028855 ], [ -99.1983064, 19.4029336 ], [ -99.1980687, 19.4030037 ], [ -99.1976136, 19.4030912 ], [ -99.1967117, 19.4031925 ], [ -99.1966277, 19.4032049 ], [ -99.1958771, 19.4032917 ], [ -99.195449700000012, 19.4033439 ], [ -99.1946581, 19.4034678 ], [ -99.1945208, 19.4034845 ], [ -99.1943216, 19.4035074 ], [ -99.1941589, 19.403527 ], [ -99.1938379, 19.4035645 ], [ -99.1937324, 19.4035768 ], [ -99.1929899, 19.4036561 ], [ -99.192479600000013, 19.4037124 ], [ -99.1923649, 19.403725 ], [ -99.1922014, 19.403743 ], [ -99.1922006, 19.4037161 ], [ -99.1921857, 19.403238 ], [ -99.1921972, 19.4030958 ], [ -99.1922484, 19.4026275 ], [ -99.1922716, 19.402387 ], [ -99.1923446, 19.4016533 ], [ -99.192318, 19.4013929 ], [ -99.1922956, 19.4013294 ], [ -99.1922247, 19.4011317 ], [ -99.192133, 19.4009807 ], [ -99.1921263, 19.4009729 ], [ -99.1920249, 19.4008559 ], [ -99.1918879, 19.4007272 ], [ -99.1914915, 19.4004373 ], [ -99.1912818, 19.4002647 ], [ -99.1911537, 19.4001092 ], [ -99.1908258, 19.3996502 ], [ -99.1908194, 19.3996403 ], [ -99.190614, 19.3993222 ], [ -99.1904763, 19.3990218 ], [ -99.1903627, 19.3987559 ], [ -99.1901786, 19.3983153 ], [ -99.1899228, 19.3977065 ], [ -99.189876399999989, 19.3975864 ], [ -99.1895843, 19.3968537 ], [ -99.1892583, 19.3960748 ], [ -99.1890954, 19.3956863 ], [ -99.1890552, 19.3955903 ], [ -99.1890487, 19.395591 ], [ -99.1886167, 19.3956334 ], [ -99.1885102, 19.395645 ], [ -99.1878221, 19.3956793 ], [ -99.1875982, 19.3956923 ], [ -99.1875486, 19.3956926 ], [ -99.1864897, 19.3956414 ], [ -99.186376, 19.3956486 ], [ -99.1859617, 19.395752 ], [ -99.1853117, 19.3959333 ], [ -99.1852083, 19.3959635 ], [ -99.1845249, 19.3961047 ], [ -99.184299, 19.3961339 ], [ -99.1840971, 19.3961574 ], [ -99.183416799999989, 19.3964106 ], [ -99.1824633, 19.3967613 ], [ -99.1822427, 19.3968674 ], [ -99.1821012, 19.3969614 ], [ -99.181713500000015, 19.3969943 ], [ -99.1812095, 19.3970926 ], [ -99.1809575, 19.3970959 ], [ -99.1801495, 19.3972719 ], [ -99.1795116, 19.3974003 ], [ -99.1789032, 19.397369 ], [ -99.178201300000012, 19.3975205 ], [ -99.1777774, 19.3976094 ], [ -99.177727499999989, 19.3976199 ], [ -99.1767232, 19.3978317 ], [ -99.1766404, 19.3978491 ], [ -99.1760462, 19.3979805 ], [ -99.1755324, 19.3980941 ], [ -99.1745188, 19.3985398 ], [ -99.174469, 19.3985551 ], [ -99.1744523, 19.3985602 ], [ -99.1739879, 19.3987031 ], [ -99.1733821, 19.3988894 ], [ -99.1731071, 19.3989735 ], [ -99.1722543, 19.399234 ], [ -99.1704355, 19.3997898 ], [ -99.1703946, 19.3999501 ], [ -99.170359100000013, 19.4002009 ], [ -99.1703637, 19.4002403 ], [ -99.1703743, 19.4003318 ], [ -99.170375, 19.4003343 ], [ -99.1704268, 19.4005282 ], [ -99.1707285, 19.4016562 ], [ -99.1707491, 19.4017331 ], [ -99.1707664, 19.4017979 ], [ -99.1707735, 19.4018402 ], [ -99.1708527, 19.4022063 ], [ -99.1708545, 19.4022148 ], [ -99.170890899999989, 19.4023793 ], [ -99.1709724, 19.4027481 ], [ -99.1709916, 19.4028834 ], [ -99.1710785, 19.4034972 ], [ -99.1716769, 19.4036347 ], [ -99.1717732, 19.4036647 ], [ -99.1726145, 19.4039305 ], [ -99.173466499999989, 19.4042097 ], [ -99.1735729, 19.4042457 ], [ -99.17415, 19.404441 ], [ -99.1743875, 19.4045215 ], [ -99.1748727, 19.4046806 ], [ -99.1752974, 19.4048246 ], [ -99.176202, 19.4051229 ], [ -99.177128599999989, 19.4054474 ], [ -99.1776964, 19.4056563 ], [ -99.1779468, 19.4057484 ], [ -99.178916199999989, 19.4060705 ], [ -99.179819099999989, 19.4063762 ], [ -99.1806823, 19.4066485 ], [ -99.1824719, 19.4072179 ], [ -99.1832258, 19.4074685 ], [ -99.1838133, 19.4076639 ], [ -99.1838134, 19.4076639 ], [ -99.1842782, 19.4078184 ], [ -99.184303899999989, 19.407827 ], [ -99.1835476, 19.4093199 ], [ -99.1835011, 19.4094065 ], [ -99.1830102, 19.4102523 ], [ -99.1829389, 19.4103771 ], [ -99.1826583, 19.410738 ], [ -99.1825208, 19.4109148 ], [ -99.1821493, 19.4114874 ], [ -99.1816238, 19.4123581 ], [ -99.18136, 19.412713 ], [ -99.1811425, 19.4130789 ], [ -99.1810057, 19.4132973 ], [ -99.18050190000001, 19.4141449 ], [ -99.1803229, 19.4144655 ], [ -99.1797493, 19.4155471 ], [ -99.1795325, 19.4159312 ], [ -99.178977, 19.4169297 ], [ -99.1783292, 19.4181122 ], [ -99.1783292, 19.4181123 ], [ -99.1781004, 19.4185242 ], [ -99.1778969, 19.4189541 ], [ -99.1777661, 19.4192858 ], [ -99.1776299, 19.4193772 ], [ -99.1774937, 19.4194685 ], [ -99.1771483, 19.420027 ], [ -99.1769859, 19.4201306 ], [ -99.176856199999989, 19.4201583 ], [ -99.1767447, 19.4202263 ], [ -99.176673, 19.4203012 ], [ -99.176645, 19.4203392 ], [ -99.176617, 19.4203773 ], [ -99.1765491, 19.4204539 ], [ -99.1764727, 19.4205628 ], [ -99.1764386, 19.4206875 ], [ -99.1764159, 19.4208378 ], [ -99.1763775, 19.4209732 ], [ -99.1763326, 19.4210405 ], [ -99.1763255, 19.4211159 ], [ -99.1763538, 19.4211936 ], [ -99.176346099999989, 19.4212654 ], [ -99.1762735, 19.4214582 ], [ -99.1756614, 19.4225962 ], [ -99.1755906, 19.4226709 ], [ -99.175507599999989, 19.4227217 ], [ -99.1754263, 19.4227349 ], [ -99.1753403, 19.4227213 ], [ -99.175290499999988, 19.4226944 ], [ -99.1752612, 19.4227496 ], [ -99.175055, 19.4230428 ], [ -99.1750961, 19.4231593 ], [ -99.1752042, 19.4232078 ], [ -99.1756781, 19.4233385 ], [ -99.1759361, 19.4233319 ], [ -99.1762199, 19.423358 ], [ -99.1765258, 19.4234066 ], [ -99.1765259, 19.4234066 ], [ -99.1769437, 19.423473 ], [ -99.1776067, 19.4235905 ], [ -99.1776362, 19.4235957 ], [ -99.1770661, 19.4245238 ], [ -99.1766552, 19.4251787 ], [ -99.1764568, 19.4254663 ], [ -99.1761855, 19.4259163 ], [ -99.1756581, 19.4267228 ], [ -99.175579200000016, 19.4268403 ], [ -99.1747428, 19.4280873 ], [ -99.1746843, 19.4281783 ], [ -99.1743903, 19.4286351 ], [ -99.1742654, 19.428829 ], [ -99.1737826, 19.4295452 ], [ -99.1730132, 19.4309393 ], [ -99.1726355, 19.4316312 ], [ -99.172209099999989, 19.4324025 ], [ -99.1717468, 19.433146 ], [ -99.1714333, 19.4336031 ], [ -99.1711924, 19.4339805 ], [ -99.1705815, 19.4348919 ], [ -99.1696782, 19.4363255 ], [ -99.1691111, 19.4371608 ], [ -99.168798, 19.4376331 ], [ -99.1684865, 19.438152 ], [ -99.168178, 19.4387899 ], [ -99.1679399, 19.4392852 ], [ -99.1676395, 19.4399188 ], [ -99.1674182, 19.4403588 ], [ -99.1668897, 19.4414619 ], [ -99.1664146, 19.4425242 ], [ -99.1659015, 19.4433848 ], [ -99.165781, 19.4436487 ], [ -99.1657206, 19.4438205 ], [ -99.165534, 19.4445866 ], [ -99.1653853, 19.4451841 ], [ -99.1653016, 19.4455371 ], [ -99.1652197, 19.4459059 ], [ -99.1651354, 19.4462931 ], [ -99.165039, 19.4466979 ], [ -99.1649177, 19.4472767 ], [ -99.1648391, 19.4476711 ], [ -99.1647342, 19.4481726 ], [ -99.164507, 19.4491865 ], [ -99.164396, 19.4496626 ], [ -99.1643306, 19.4499847 ], [ -99.1643056, 19.4506269 ], [ -99.1642723, 19.4518491 ], [ -99.164228, 19.4523359 ], [ -99.1641998, 19.4526824 ], [ -99.1640812, 19.4537138 ], [ -99.1640118, 19.454273 ], [ -99.1638229, 19.4558168 ], [ -99.1637195, 19.4563969 ], [ -99.1637166, 19.456413 ], [ -99.163712800000013, 19.4564348 ], [ -99.164190499999989, 19.4565113 ], [ -99.1650602, 19.4566587 ], [ -99.165606, 19.4567375 ], [ -99.1674447, 19.4570316 ], [ -99.1683061, 19.4571767 ], [ -99.1711138, 19.4576323 ], [ -99.173761, 19.4580629 ], [ -99.1746037, 19.4581987 ], [ -99.1750238, 19.4582667 ], [ -99.1757659, 19.4583869 ], [ -99.1768916, 19.4585696 ], [ -99.1774552, 19.4586611 ], [ -99.1777627, 19.458716 ], [ -99.1779844, 19.4587556 ], [ -99.1787833, 19.4589287 ], [ -99.1799155, 19.4591259 ], [ -99.181082, 19.4593013 ], [ -99.1820121, 19.4594747 ], [ -99.1831146, 19.4596466 ], [ -99.184098100000014, 19.4598385 ], [ -99.1841022, 19.4598391 ], [ -99.1841888, 19.4598525 ], [ -99.1852728, 19.4600204 ], [ -99.1853877, 19.4600141 ], [ -99.1872447, 19.4604684 ], [ -99.1872836, 19.4604779 ], [ -99.1884629, 19.4607722 ], [ -99.1884833, 19.4607773 ], [ -99.1882443, 19.4623465 ], [ -99.1880263, 19.4636594 ], [ -99.1880034, 19.4637955 ], [ -99.1880002, 19.4638146 ], [ -99.1891419, 19.4641515 ], [ -99.1900141, 19.4644302 ], [ -99.1907127, 19.4646653 ], [ -99.1907311, 19.4646715 ], [ -99.1907039, 19.4651451 ], [ -99.1906708, 19.4657197 ], [ -99.1906607, 19.465946 ], [ -99.1905794, 19.4679363 ], [ -99.1904453, 19.4704399 ], [ -99.1904442, 19.470459 ] ] ] } },
{ "type": "Feature", "properties": { "CVEGEO": "09017", "CVE_ENT": "09", "CVE_MUN": "017", "NOMGEO": "Venustiano Carranza" }, "geometry": { "type": "Polygon", "coordinates": [ [ [ -99.1096671, 19.4529914 ], [ -99.1097883, 19.4530345 ], [ -99.1098684, 19.4530631 ], [ -99.1101382, 19.4531592 ], [ -99.1102723, 19.453207 ], [ -99.110489, 19.4532842 ], [ -99.110728200000011, 19.4533694 ], [ -99.110858, 19.4534156 ], [ -99.1112139, 19.4535424 ], [ -99.111361699999989, 19.4535951 ], [ -99.1114294, 19.4536204 ], [ -99.111615199999989, 19.4537062 ], [ -99.111775099999988, 19.4537813 ], [ -99.1118609, 19.4538298 ], [ -99.112024600000012, 19.4539369 ], [ -99.1121771, 19.4540497 ], [ -99.1122987, 19.4541397 ], [ -99.1126312, 19.4544059 ], [ -99.1126944, 19.4544571 ], [ -99.1130315, 19.4547296 ], [ -99.1134258, 19.4550484 ], [ -99.1134973, 19.4551063 ], [ -99.113880099999989, 19.4553972 ], [ -99.113991399999989, 19.4554868 ], [ -99.1143902, 19.4558508 ], [ -99.1147149, 19.4561185 ], [ -99.1154629, 19.4567025 ], [ -99.1158342, 19.4569925 ], [ -99.1161691, 19.457254 ], [ -99.1162785, 19.4573393 ], [ -99.1167352, 19.457696 ], [ -99.1169047, 19.4578283 ], [ -99.116961800000013, 19.4578729 ], [ -99.1170535, 19.4579387 ], [ -99.1171488, 19.4579998 ], [ -99.117269, 19.458067 ], [ -99.117349, 19.4581075 ], [ -99.1174643, 19.4581578 ], [ -99.1175109, 19.4581757 ], [ -99.1176879, 19.4582397 ], [ -99.118005400000015, 19.45835 ], [ -99.1184514, 19.458505 ], [ -99.1184961, 19.4585205 ], [ -99.1189697, 19.4586791 ], [ -99.1189786, 19.458682 ], [ -99.119387, 19.4588161 ], [ -99.1198135, 19.458956 ], [ -99.120261, 19.4591029 ], [ -99.1203236, 19.4591234 ], [ -99.1215881, 19.4595384 ], [ -99.1218223, 19.4596152 ], [ -99.1219943, 19.4596717 ], [ -99.122101, 19.4597157 ], [ -99.1221772, 19.4597519 ], [ -99.1222416, 19.459782 ], [ -99.122241699999989, 19.4597819 ], [ -99.1228399, 19.4590024 ], [ -99.1231799, 19.4585118 ], [ -99.123331600000014, 19.4581543 ], [ -99.1233595, 19.4580287 ], [ -99.1235838, 19.4570287 ], [ -99.12369, 19.4564296 ], [ -99.1236901, 19.4564294 ], [ -99.123781, 19.4560298 ], [ -99.1241062, 19.4547951 ], [ -99.1241657, 19.4545453 ], [ -99.1242781, 19.4540978 ], [ -99.1244227, 19.4533357 ], [ -99.1247824, 19.452009 ], [ -99.1250162, 19.4515003 ], [ -99.1250245, 19.4514833 ], [ -99.125068, 19.451395 ], [ -99.1252127, 19.4510863 ], [ -99.1254813, 19.4502043 ], [ -99.1255526, 19.4498353 ], [ -99.1256858, 19.4492157 ], [ -99.125889, 19.4481869 ], [ -99.125929200000016, 19.4477945 ], [ -99.1259301, 19.4476186 ], [ -99.1258666, 19.4474049 ], [ -99.1258298, 19.4473399 ], [ -99.1257077, 19.4471238 ], [ -99.1253819, 19.4466478 ], [ -99.1244823, 19.4449774 ], [ -99.1241946, 19.4444113 ], [ -99.124056599999989, 19.4441297 ], [ -99.1239706, 19.4439544 ], [ -99.1238542, 19.4437168 ], [ -99.1237848, 19.4435743 ], [ -99.1231147, 19.4426597 ], [ -99.1230789, 19.4424953 ], [ -99.1230789, 19.4424952 ], [ -99.1231622, 19.4415808 ], [ -99.1232678, 19.4408532 ], [ -99.1233564, 19.4401908 ], [ -99.1233654, 19.4401264 ], [ -99.12344490000001, 19.4395555 ], [ -99.1236013, 19.4386389 ], [ -99.1237649, 19.4374951 ], [ -99.1239395, 19.4364188 ], [ -99.1240689, 19.435587 ], [ -99.1240697, 19.4355805 ], [ -99.1240697, 19.4355804 ], [ -99.1240704, 19.4355758 ], [ -99.1241833, 19.4347124 ], [ -99.1243346, 19.4339243 ], [ -99.1245191, 19.4328065 ], [ -99.1246299, 19.4319856 ], [ -99.1247329, 19.4312594 ], [ -99.1247818, 19.4308278 ], [ -99.124913299999989, 19.4299857 ], [ -99.124944, 19.4297835 ], [ -99.1250366, 19.4291646 ], [ -99.1251181, 19.4286989 ], [ -99.1251826, 19.428319 ], [ -99.125271, 19.4276328 ], [ -99.12543, 19.4267764 ], [ -99.1254737, 19.4265385 ], [ -99.1254891, 19.4264374 ], [ -99.1255389, 19.4258493 ], [ -99.1255908, 19.4255526 ], [ -99.125619199999988, 19.4253985 ], [ -99.1256284, 19.4253451 ], [ -99.1257665, 19.4243624 ], [ -99.1258943, 19.4235013 ], [ -99.1260061, 19.4228727 ], [ -99.1260794, 19.4227613 ], [ -99.1262209, 19.4224861 ], [ -99.1265827, 19.4216995 ], [ -99.1270077, 19.4207505 ], [ -99.1271393, 19.4203781 ], [ -99.1273726, 19.4189879 ], [ -99.1274093, 19.4186783 ], [ -99.1276178, 19.4174008 ], [ -99.1278292, 19.4159579 ], [ -99.1279006, 19.4155407 ], [ -99.1280792, 19.4145554 ], [ -99.1281997, 19.41376 ], [ -99.1281546, 19.4134379 ], [ -99.1281321, 19.4133763 ], [ -99.1280228, 19.4130766 ], [ -99.1280032, 19.4130226 ], [ -99.1278563, 19.4123229 ], [ -99.1278473, 19.4122799 ], [ -99.1277571, 19.4118139 ], [ -99.1276915, 19.4114497 ], [ -99.127601700000014, 19.4110929 ], [ -99.1275905, 19.4110487 ], [ -99.1275844, 19.4110285 ], [ -99.1275843, 19.4110282 ], [ -99.1274176, 19.4104835 ], [ -99.1272973, 19.4100453 ], [ -99.127277, 19.4099596 ], [ -99.127191, 19.4095951 ], [ -99.1271822, 19.4094658 ], [ -99.1271822, 19.4094657 ], [ -99.127176, 19.4093745 ], [ -99.127176, 19.4093739 ], [ -99.127168900000015, 19.4092694 ], [ -99.1271684, 19.4091215 ], [ -99.1271683, 19.4091214 ], [ -99.127168, 19.4090111 ], [ -99.1267405, 19.4088227 ], [ -99.1265432, 19.4082614 ], [ -99.1263929, 19.4077421 ], [ -99.1262718, 19.407171 ], [ -99.1261876, 19.4068266 ], [ -99.1261498, 19.4066782 ], [ -99.12586730000001, 19.4051936 ], [ -99.1256985, 19.4043307 ], [ -99.1256976, 19.4043308 ], [ -99.1256713, 19.4043349 ], [ -99.1256083, 19.404346 ], [ -99.1255679, 19.404353 ], [ -99.1239361, 19.4046384 ], [ -99.1237369, 19.4046772 ], [ -99.1232748, 19.4047673 ], [ -99.1222813, 19.4049495 ], [ -99.1217201, 19.4050323 ], [ -99.1216154, 19.4050484 ], [ -99.1216051, 19.40505 ], [ -99.1216047, 19.4050501 ], [ -99.1216043, 19.4050501 ], [ -99.1211172, 19.405141 ], [ -99.1210196, 19.4051533 ], [ -99.1204317, 19.4052466 ], [ -99.120146100000014, 19.4052919 ], [ -99.1196655, 19.4053739 ], [ -99.1188097, 19.4055169 ], [ -99.1180816, 19.4055265 ], [ -99.1172198, 19.4055378 ], [ -99.1167354, 19.4055409 ], [ -99.11638, 19.4055431 ], [ -99.1155511, 19.4055483 ], [ -99.1150672, 19.4055587 ], [ -99.1145789, 19.4056146 ], [ -99.1145715, 19.4056155 ], [ -99.1144374, 19.4056459 ], [ -99.1144169, 19.4056506 ], [ -99.1138519, 19.4057788 ], [ -99.1136344, 19.40581 ], [ -99.1135635, 19.4058395 ], [ -99.113485, 19.4058647 ], [ -99.113482, 19.4058657 ], [ -99.1131957, 19.4059393 ], [ -99.1128385, 19.4060102 ], [ -99.1121897, 19.4061389 ], [ -99.1101532, 19.4065432 ], [ -99.1073912, 19.4071173 ], [ -99.1060763, 19.4073893 ], [ -99.105607299999988, 19.4074864 ], [ -99.1047926, 19.4076604 ], [ -99.1035308, 19.4079283 ], [ -99.1028242, 19.4080739 ], [ -99.1019061, 19.4082645 ], [ -99.101084899999989, 19.4084297 ], [ -99.099680299999989, 19.4087117 ], [ -99.0991539, 19.4088067 ], [ -99.0989091, 19.4088509 ], [ -99.098117699999989, 19.4089214 ], [ -99.0980816, 19.4089246 ], [ -99.0980434, 19.4091378 ], [ -99.0979667, 19.4091429 ], [ -99.0979031, 19.4091459 ], [ -99.0975372, 19.409163 ], [ -99.09722, 19.4091694 ], [ -99.0971897, 19.4091686 ], [ -99.0971099, 19.4091667 ], [ -99.0970539, 19.4091654 ], [ -99.0970261, 19.4091647 ], [ -99.0969794, 19.4091633 ], [ -99.0964279, 19.4091466 ], [ -99.0961233, 19.4091161 ], [ -99.0957067, 19.4090609 ], [ -99.0951705, 19.4089882 ], [ -99.0947573, 19.4089323 ], [ -99.094326099999989, 19.4088739 ], [ -99.093907, 19.4088171 ], [ -99.0935007, 19.4087621 ], [ -99.0931197, 19.4087105 ], [ -99.0930543, 19.4087016 ], [ -99.093026, 19.4086974 ], [ -99.093015, 19.4086958 ], [ -99.0926549, 19.4086429 ], [ -99.0923362, 19.408596 ], [ -99.091595, 19.4084871 ], [ -99.0910517, 19.4084072 ], [ -99.0903704, 19.4083071 ], [ -99.0903069, 19.4082977 ], [ -99.0902608, 19.408291 ], [ -99.0902223, 19.4082853 ], [ -99.0895284, 19.4081833 ], [ -99.0888981, 19.4080906 ], [ -99.0882566, 19.4079963 ], [ -99.0874594, 19.4078816 ], [ -99.086874900000012, 19.4077988 ], [ -99.086382, 19.407729 ], [ -99.0858293, 19.4076507 ], [ -99.0857454, 19.4076388 ], [ -99.0857353, 19.4076374 ], [ -99.0852666, 19.407571 ], [ -99.084709, 19.4074937 ], [ -99.0841207, 19.4074122 ], [ -99.0837184, 19.4073547 ], [ -99.0836346, 19.4073427 ], [ -99.0830559, 19.40726 ], [ -99.0825022, 19.4071809 ], [ -99.081935300000012, 19.4071057 ], [ -99.0815702, 19.4070572 ], [ -99.0814111, 19.4070361 ], [ -99.081284700000012, 19.4070193 ], [ -99.0810626, 19.4069895 ], [ -99.0808312, 19.4069584 ], [ -99.080227, 19.406885 ], [ -99.0799088, 19.4068709 ], [ -99.0797901, 19.4068699 ], [ -99.0797261, 19.4068683 ], [ -99.0794591, 19.4069011 ], [ -99.0790735, 19.4070012 ], [ -99.078978299999989, 19.4070391 ], [ -99.0785215, 19.4069922 ], [ -99.0782404, 19.4070503 ], [ -99.0781218, 19.4070944 ], [ -99.078092, 19.4071054 ], [ -99.0779785, 19.4071476 ], [ -99.0775517, 19.4076882 ], [ -99.0770917, 19.4084251 ], [ -99.0771253, 19.4084428 ], [ -99.0773124, 19.4085401 ], [ -99.0773084, 19.4085452 ], [ -99.0771156, 19.4087958 ], [ -99.0770074, 19.4089642 ], [ -99.076946299999989, 19.4090604 ], [ -99.076922599999989, 19.4090978 ], [ -99.0769011, 19.4091316 ], [ -99.07686910000001, 19.4091791 ], [ -99.0768159, 19.4092583 ], [ -99.0767372, 19.4093753 ], [ -99.0767099, 19.4094159 ], [ -99.0766839, 19.4094546 ], [ -99.076626499999989, 19.4095379 ], [ -99.0763447, 19.4099467 ], [ -99.0763256, 19.4099727 ], [ -99.0761159, 19.4102566 ], [ -99.0758985, 19.4105786 ], [ -99.0756432, 19.4109805 ], [ -99.0754578, 19.4112721 ], [ -99.0752897, 19.4115419 ], [ -99.0751024, 19.4118379 ], [ -99.0750033, 19.4119886 ], [ -99.074757, 19.412363 ], [ -99.074438700000016, 19.4128549 ], [ -99.0740179, 19.4134892 ], [ -99.073777299999989, 19.4138581 ], [ -99.073512400000013, 19.4142722 ], [ -99.0734798, 19.4143066 ], [ -99.0734066, 19.4143837 ], [ -99.0733927, 19.4144051 ], [ -99.0733231, 19.4145128 ], [ -99.0732777, 19.4145924 ], [ -99.0732583, 19.4146232 ], [ -99.0732321, 19.414665 ], [ -99.0731993, 19.4147174 ], [ -99.0731491, 19.4147975 ], [ -99.0722653, 19.4162069 ], [ -99.0722127, 19.4162919 ], [ -99.0719801, 19.4166673 ], [ -99.0719799, 19.4166678 ], [ -99.0714536, 19.4175174 ], [ -99.0714307, 19.4175543 ], [ -99.071408300000016, 19.4175914 ], [ -99.071337899999989, 19.4177078 ], [ -99.0706994, 19.418684 ], [ -99.0706167, 19.4188103 ], [ -99.07031, 19.4192851 ], [ -99.0699206, 19.4198743 ], [ -99.0697597, 19.4200546 ], [ -99.0694955, 19.4202528 ], [ -99.0692926, 19.4203753 ], [ -99.0690209, 19.4205242 ], [ -99.0687433, 19.4206355 ], [ -99.068442, 19.4207339 ], [ -99.0682356, 19.4207775 ], [ -99.0679525, 19.4208032 ], [ -99.0678785, 19.4208041 ], [ -99.0657301, 19.4208192 ], [ -99.0647861, 19.4208258 ], [ -99.0636773, 19.4208123 ], [ -99.061661300000011, 19.4208289 ], [ -99.0598609, 19.4208436 ], [ -99.0579222, 19.4208867 ], [ -99.057862, 19.4209064 ], [ -99.0577521, 19.4209463 ], [ -99.0575758, 19.4210126 ], [ -99.0574053, 19.4210736 ], [ -99.057263400000011, 19.4211311 ], [ -99.057126599999989, 19.4211861 ], [ -99.0570265, 19.4212427 ], [ -99.0569233, 19.4213039 ], [ -99.0568256, 19.4213599 ], [ -99.0567103, 19.4214439 ], [ -99.0565585, 19.4215647 ], [ -99.0563879, 19.4217143 ], [ -99.0562858, 19.421835 ], [ -99.0562069, 19.4219508 ], [ -99.05614, 19.4220797 ], [ -99.05612090000001, 19.4221108 ], [ -99.0560453, 19.4222345 ], [ -99.0557865, 19.4221411 ], [ -99.0556219, 19.4227359 ], [ -99.0553001, 19.4238985 ], [ -99.0551964, 19.4242734 ], [ -99.0549344, 19.4248321 ], [ -99.0548201, 19.4250756 ], [ -99.0547306, 19.4252665 ], [ -99.054683, 19.425368 ], [ -99.0543995, 19.4259724 ], [ -99.0543938, 19.4259846 ], [ -99.0542369, 19.4263191 ], [ -99.0540576, 19.4267014 ], [ -99.0539981, 19.4268282 ], [ -99.052602, 19.4299608 ], [ -99.0524341, 19.4303328 ], [ -99.0523322, 19.4305587 ], [ -99.0512936, 19.4330021 ], [ -99.050954, 19.4338011 ], [ -99.050562, 19.4347233 ], [ -99.0499296, 19.4360441 ], [ -99.0484513, 19.4391312 ], [ -99.0482091, 19.4396371 ], [ -99.0477786, 19.4403079 ], [ -99.0472537, 19.4411259 ], [ -99.0468706, 19.4417229 ], [ -99.046652099999989, 19.4420635 ], [ -99.046652, 19.4420636 ], [ -99.0464591, 19.4423646 ], [ -99.0471408, 19.4431309 ], [ -99.047386, 19.4438308 ], [ -99.047401799999989, 19.4438597 ], [ -99.047491100000016, 19.4440225 ], [ -99.047834099999989, 19.444648 ], [ -99.047895, 19.4447591 ], [ -99.0479285, 19.4448201 ], [ -99.0487226, 19.4462681 ], [ -99.0488158, 19.4464381 ], [ -99.0488963, 19.446585 ], [ -99.0493537, 19.447419 ], [ -99.0498063, 19.4482443 ], [ -99.0499436, 19.4484946 ], [ -99.050693099999989, 19.4498614 ], [ -99.0507346, 19.449937 ], [ -99.0507466, 19.4499588 ], [ -99.0508218, 19.4500959 ], [ -99.050832899999989, 19.4501163 ], [ -99.0508348, 19.4501196 ], [ -99.0508686, 19.4501811 ], [ -99.0510955, 19.4499552 ], [ -99.0511383, 19.4499126 ], [ -99.0515215, 19.4495117 ], [ -99.0519535, 19.4490613 ], [ -99.052048, 19.4489655 ], [ -99.052258099999989, 19.4487426 ], [ -99.0525643, 19.4484222 ], [ -99.053302300000013, 19.4481307 ], [ -99.053899, 19.4479094 ], [ -99.054667400000014, 19.4476192 ], [ -99.0553867, 19.4473434 ], [ -99.0555052, 19.447298 ], [ -99.0558358, 19.4471725 ], [ -99.0560481, 19.447092 ], [ -99.0562104, 19.44703 ], [ -99.0573446, 19.4465969 ], [ -99.05799, 19.446361 ], [ -99.0579988, 19.4463578 ], [ -99.0585965, 19.4461392 ], [ -99.0594808, 19.4458159 ], [ -99.0604104, 19.445476 ], [ -99.0613194, 19.4451437 ], [ -99.0622002, 19.4448216 ], [ -99.0622852, 19.4447905 ], [ -99.0628068, 19.4449742 ], [ -99.063433500000016, 19.4451948 ], [ -99.064025199999989, 19.4454031 ], [ -99.0646547, 19.4456248 ], [ -99.0652489, 19.445834 ], [ -99.067228200000017, 19.4465308 ], [ -99.0673837, 19.4466423 ], [ -99.0678024, 19.4465028 ], [ -99.0680879, 19.4464366 ], [ -99.0682148, 19.4464262 ], [ -99.0683778, 19.4464402 ], [ -99.068508900000012, 19.4464602 ], [ -99.068595699999989, 19.4464762 ], [ -99.0692424, 19.4467003 ], [ -99.0698446, 19.4469089 ], [ -99.0704423, 19.447116 ], [ -99.070952600000012, 19.4472928 ], [ -99.0744976, 19.448521 ], [ -99.0753019, 19.4487939 ], [ -99.0754518, 19.448842 ], [ -99.0757452, 19.4489424 ], [ -99.0769777, 19.4493639 ], [ -99.0780982, 19.4497471 ], [ -99.0786959, 19.4497467 ], [ -99.0790727, 19.449772 ], [ -99.07932120000001, 19.4497954 ], [ -99.0803105, 19.4500712 ], [ -99.0805911, 19.450135 ], [ -99.080876800000013, 19.4501573 ], [ -99.081153199999989, 19.4500109 ], [ -99.0815295, 19.4497592 ], [ -99.0819046, 19.4494871 ], [ -99.0827425, 19.4488793 ], [ -99.0830061, 19.4486894 ], [ -99.0838716, 19.4480661 ], [ -99.0842033, 19.4478271 ], [ -99.085306, 19.4470783 ], [ -99.085315, 19.4470722 ], [ -99.0868702, 19.4459697 ], [ -99.0871563, 19.4457669 ], [ -99.0873015, 19.4460581 ], [ -99.0875318, 19.4464105 ], [ -99.0877434, 19.4466446 ], [ -99.0879348, 19.4468562 ], [ -99.0882236, 19.4471331 ], [ -99.0884733, 19.4473729 ], [ -99.0886461, 19.447539 ], [ -99.0888579, 19.4477285 ], [ -99.0894048, 19.4482363 ], [ -99.0897533, 19.4485599 ], [ -99.0900642, 19.4488485 ], [ -99.090422, 19.4491808 ], [ -99.0906303, 19.4493742 ], [ -99.0908014, 19.449533 ], [ -99.0911542, 19.4498606 ], [ -99.0914557, 19.4501406 ], [ -99.0915514, 19.4502295 ], [ -99.0917704, 19.4504327 ], [ -99.091925800000013, 19.450577 ], [ -99.0921324, 19.4507614 ], [ -99.0924883, 19.4510791 ], [ -99.0926535, 19.4512265 ], [ -99.0928986, 19.4514114 ], [ -99.0929845, 19.4514763 ], [ -99.093219800000014, 19.4516002 ], [ -99.0934509, 19.451679 ], [ -99.0937266, 19.451746 ], [ -99.0937799, 19.4517536 ], [ -99.0939354, 19.4517758 ], [ -99.0942195, 19.4517952 ], [ -99.0945251, 19.4517867 ], [ -99.0947377, 19.4517568 ], [ -99.0948996, 19.4517205 ], [ -99.0952691, 19.4516072 ], [ -99.0953737, 19.4515675 ], [ -99.0959201, 19.4513599 ], [ -99.0959492, 19.4513489 ], [ -99.0965402, 19.4511264 ], [ -99.0969638, 19.4509669 ], [ -99.0974532, 19.4507827 ], [ -99.097858, 19.4506304 ], [ -99.0979703, 19.4505881 ], [ -99.0988469, 19.4502581 ], [ -99.098981099999989, 19.4502085 ], [ -99.0993675, 19.4500659 ], [ -99.099699199999989, 19.4499434 ], [ -99.0997884, 19.4499197 ], [ -99.1002578, 19.4498385 ], [ -99.100461200000012, 19.4498276 ], [ -99.1005567, 19.4498275 ], [ -99.1007942, 19.4498371 ], [ -99.1010732, 19.4498752 ], [ -99.1013375, 19.4499353 ], [ -99.1013663, 19.4499424 ], [ -99.1013958, 19.4499539 ], [ -99.1014434, 19.4499713 ], [ -99.1018634, 19.4501247 ], [ -99.101955, 19.450158 ], [ -99.101955, 19.4501581 ], [ -99.1019621, 19.4501606 ], [ -99.1022023, 19.4502485 ], [ -99.1030233, 19.4505476 ], [ -99.1031396, 19.4505899 ], [ -99.1034938, 19.450719 ], [ -99.1038928, 19.4508649 ], [ -99.1041195, 19.4509477 ], [ -99.104315899999989, 19.4510196 ], [ -99.1047487, 19.4511778 ], [ -99.1053829, 19.4514097 ], [ -99.1055763, 19.4514804 ], [ -99.1060302, 19.4516448 ], [ -99.1066513, 19.4518698 ], [ -99.106738, 19.4519012 ], [ -99.1068628, 19.4519465 ], [ -99.1071153, 19.4520379 ], [ -99.1072867, 19.4521 ], [ -99.107695400000011, 19.4522481 ], [ -99.1079245, 19.4523311 ], [ -99.108117299999989, 19.4524009 ], [ -99.108593, 19.4525742 ], [ -99.1085677, 19.4526629 ], [ -99.1085677, 19.452663 ], [ -99.1085426, 19.4527508 ], [ -99.1087123, 19.4528132 ], [ -99.1088913, 19.4528786 ], [ -99.1089459, 19.4527336 ], [ -99.1094611, 19.4529179 ], [ -99.1096671, 19.4529914 ] ] ] } }
]
}
